Scrip Code,Symbol,Scrip Name,ISIN,Instrument Type
500002,ABB,ABB India Ltd,INE117A01022,Equity
500003,AEGISLOG,Aegis Logistics Ltd,INE208C01025,Equity
500008,ARE&M,Amara Raja Energy & Mobility Ltd,INE885A01032,Equity
500009,AMBALALSA,Ambalal Sarabhai Enterprises Ltd,INE432A01017,Equity
500012,ANDHRAPET,Andhra Petrochemicals Ltd,INE714B01016,Equity
500013,ANSALAPI,Ansal Properties & Infrastructure Ltd,INE436A01026,Equity
500014,UTIQUE,Utique Enterprises Ltd,INE096A01010,Equity
500016,ARUNAHTEL,Aruna Hotels Ltd,INE957C01019,Equity
500020,BOMDYEING,Bombay Dyeing & Manufacturing Company Ltd,INE032A01023,Equity
500023,ASIANHOTNR,Asian Hotels (North) Ltd,INE363A01022,Equity
500027,ATUL,Atul Ltd,INE100A01010,Equity
500028,ATVPR,ATV Projects India Ltd,INE447A01015,Equity
500031,BAJAJELEC,Bajaj Electricals Ltd,INE193E01025,Equity
500032,BAJAJHIND,Bajaj Hindusthan Sugar Ltd,INE306A01021,Equity
500033,FORCEMOT,Force Motors Ltd,INE451A01017,Equity
500034,BAJFINANCE,Bajaj Finance Ltd,INE296A01032,Equity
500038,BALRAMCHIN,Balrampur Chini Mills Ltd,INE119A01028,Equity
500039,BANCOINDIA,Banco Products (India) Ltd,INE213C01025,Equity
500040,ABREL,Aditya Birla Real Estate Ltd,INE055A01016,Equity
500041,BANARISUG,Bannari Amman Sugars Ltd,INE459A01010,Equity
500042,BASF,BASF India Ltd,INE373A01013,Equity
500043,BATAINDIA,Bata India Ltd,INE176A01028,Equity
500048,BEML,BEML Ltd,INE258A01024,Equity
500049,BEL,Bharat Electronics Ltd,INE263A01024,Equity
500052,BEPL,Bhansali Engineering Polymers Ltd,INE922A01025,Equity
500058,BIHSPONG,Bihar Sponge Iron Ltd,INE819C01011,Equity
500059,BILVYAPAR,Bil Vyapar Ltd,INE071A01013,Equity
500060,BIRLACABLE,Birla Cable Ltd,INE800A01015,Equity
500067,BLUESTARCO,Blue Star Ltd,INE472A01039,Equity
500068,DISAQ,Disa India Ltd,INE131C01011,Equity
500069,QUESTCAP,Quest Capital Markets Ltd,INE418C01012,Equity
500074,BPL,BPL Ltd,INE110A01019,Equity
500078,OAL,Oriental Aromatics Ltd,INE959C01023,Equity
500083,CENTEXT,Century Extrusions Ltd,INE281A01026,Equity
500084,CESC,CESC Ltd,INE486A01021,Equity
500085,CHAMBLFERT,Chambal Fertilisers & Chemicals Ltd,INE085A01013,Equity
500086,EXIDEIND,Exide Industries Ltd,INE302A01020,Equity
500087,CIPLA,Cipla Ltd,INE059A01026,Equity
500089,DICIND,DIC India Ltd,INE303A01010,Equity
500092,CRISIL,CRISIL Ltd,INE007A01025,Equity
500093,CGPOWER,CG Power and Industrial Solutions Ltd,INE067A01029,Equity
500096,DABUR,Dabur India Ltd,INE016A01026,Equity
500097,DALMIASUG,Dalmia Bharat Sugar and Industries Ltd,INE495A01022,Equity
500101,ARVIND,Arvind Ltd,INE034A01011,Equity
500103,BHEL,Bharat Heavy Electricals Ltd,INE257A01026,Equity
500104,HINDPETRO,Hindustan Petroleum Corporation Ltd,INE094A01015,Equity
500106,IFCI,IFCI Ltd,INE039A01010,Equity
500108,MTNL,Mahanagar Telephone Nigam Ltd,INE153A01019,Equity
500109,MRPL,Mangalore Refinery and Petrochemicals Ltd,INE103A01014,Equity
500110,CHENNPETRO,Chennai Petroleum Corporation Ltd,INE178A01016,Equity
500112,SBIN,State Bank of India,INE062A01020,Equity
500113,SAIL,Steel Authority of India Ltd,INE114A01011,Equity
500114,TITAN,Titan Company Ltd,INE280A01028,Equity
500116,IDBI,IDBI Bank Ltd,INE008A01015,Equity
500117,DCW,DCW Ltd,INE500A01029,Equity
500119,DHAMPURSUG,Dhampur Sugar Mills Ltd,INE041A01016,Equity
500120,DIAMINESQ,Diamines & Chemicals Ltd,INE591D01014,Equity
500123,ELANTAS,Elantas Beck India Ltd,INE280B01018,Equity
500124,DRREDDY,Dr Reddys Laboratories Ltd,INE089A01031,Equity
500125,EIDPARRY,EID Parry India Ltd,INE126A01031,Equity
500126,PGHL,Procter & Gamble Health Ltd,INE199A01012,Equity
500128,ELECTCAST,Electrosteel Castings Ltd,INE086A01029,Equity
500133,ESABINDIA,Esab India Ltd,INE284A01012,Equity
500135,EPL,EPL Ltd,INE255A01020,Equity
500136,ESTER,Ester Industries Ltd,INE778B01029,Equity
500142,FGP,FGP Ltd,INE512A01016,Equity
500143,PHCAP,PH Capital Ltd,INE160F01013,Equity
500144,FINCABLES,Finolex Cables Ltd,INE235A01022,Equity
500147,COCKERILL,John Cockerill India Ltd,INE515A01019,Equity
500148,UFLEX,Uflex Ltd,INE516A01017,Equity
500150,FOSECOIND,Foseco India Ltd,INE519A01011,Equity
500151,GOLDENTOBC,Golden Tobacco Ltd,INE973A01010,Equity
500153,GANESHBE,Ganesh Benzoplast Ltd,INE388A01029,Equity
500159,METROGLOBL,Metroglobal Ltd,INE085D01033,Equity
500160,GTL,GTL Ltd,INE043A01012,Equity
500163,GODFRYPHLP,Godfrey Phillips India Ltd,INE260B01028,Equity
500164,GODREJIND,Godrej Industries Ltd,INE233A01035,Equity
500165,KANSAINER,Kansai Nerolac Paints Ltd,INE531A01024,Equity
500166,GOODRICKE,Goodricke Group Ltd,INE300A01016,Equity
500168,GOODYEAR,Goodyear India Ltd,INE533A01012,Equity
500170,GTNINDS,GTN Industries Ltd,INE537A01013,Equity
500171,GHCL,GHCL Ltd,INE539A01019,Equity
500173,GFLLIMITED,GFL Ltd,INE538A01037,Equity
500174,GLFL,Gujarat Lease Financing Ltd,INE540A01017,Equity
500178,HARCR,Harig Crankshafts Ltd,INE905C01034,Equity
500179,HCL-INSYS,HCL Infosystems Ltd,INE236A01020,Equity
500180,HDFCBANK,HDFC Bank Ltd,INE040A01034,Equity
500182,HEROMOTOCO,Hero MotoCorp Ltd,INE158A01026,Equity
500183,HFCL,HFCL Ltd,INE548A01028,Equity
500184,HSCL,Himadri Speciality Chemical Ltd,INE019C01026,Equity
500185,HCC,Hindustan Construction Company Ltd,INE549A01026,Equity
500186,HINDOILEXP,Hindustan Oil Exploration Company Ltd,INE345A01011,Equity
500187,AGI,Agi Greenpac Ltd,INE415A01038,Equity
500188,HINDZINC,Hindustan Zinc Ltd,INE267A01025,Equity
500189,NDLVENTURE,NDL Ventures Ltd,INE353A01023,Equity
500191,HMT,HMT Ltd,INE262A01018,Equity
500192,PRAGBOS,Prag Bosimi Synthetics Ltd,INE962B01011,Equity
500193,HLVLTD,HLV Ltd,INE102A01024,Equity
500199,IGPL,IG Petrochemicals Ltd,INE204A01010,Equity
500201,INDIAGLYCO,India Glycols Ltd,INE560A01023,Equity
500202,INDLEASE,India Lease Development Ltd,INE333C01013,Equity
500206,MARGOFIN,Margo Finance Ltd,INE680B01019,Equity
500207,INDORAMA,Indo Rama Synthetics (India) Ltd,INE156A01020,Equity
500209,INFY,Infosys Ltd,INE009A01021,Equity
500210,INGERRAND,Ingersoll-Rand (India) Ltd,INE177A01018,Equity
500213,ITHL,International Travel House Ltd,INE262B01016,Equity
500214,IONEXCHANG,Ion Exchange India Ltd,INE570A01022,Equity
500215,SUNDROP,Sundrop Brands Ltd,INE209A01019,Equity
500219,JISLJALEQS,Jain Irrigation Systems Ltd,INE175A01038,Equity
500220,JASCH,Jasch Industries Ltd,INE711C01028,Equity
500227,JINDALPOLY,Jindal Poly Films Ltd,INE197D01010,Equity
500228,JSWSTEEL,JSW Steel Ltd,INE019A01038,Equity
500231,UMANGDAIRY,UMANG DAIRIES LTD.,INE864B01027,Equity
500233,KAJARIACER,Kajaria Ceramics Ltd,INE217B01036,Equity
500234,KAKATCEM,Kakatiya Cement Sugar & Industries Ltd,INE437B01014,Equity
500235,KSL,Kalyani Steels Ltd,INE907A01026,Equity
500236,KANELIND,Kanel Industries Limited,INE252C01015,Equity
500238,WHIRLPOOL,Whirlpool of India Ltd,INE716A01013,Equity
500239,KGDENIM,KG Denim Ltd,INE104A01012,Equity
500240,KINETICENG,Kinetic Engineering Ltd,INE266B01017,Equity
500241,KIRLOSBROS,Kirloskar Brothers Ltd,INE732A01036,Equity
500243,KIRLOSIND,Kirloskar Industries Ltd,INE250A01039,Equity
500245,KIRLFER,Kirloskar Ferrous Industries Ltd,INE884B01025,Equity
500246,ENVAIREL,Envair Electrodyne Ltd,INE601C01013,Equity
500247,KOTAKBANK,Kotak Mahindra Bank Ltd,INE237A01028,Equity
500248,KRIFILIND,Krishna Filament Industries Ltd,INE073A01019,Equity
500249,KSB,KSB Ltd,INE999A01023,Equity
500250,LGBBROSLTD,LG Balakrishnan & Bros Ltd,INE337A01034,Equity
500251,TRENT,Trent Ltd,INE849A01020,Equity
500252,LMW,LMW Ltd,INE269B01029,Equity
500253,LICHSGFIN,LIC Housing Finance Ltd,INE115A01026,Equity
500257,LUPIN,Lupin Ltd,INE326A01037,Equity
500259,LYKALABS,Lyka Labs Ltd,INE933A01014,Equity
500260,RAMCOCEM,The Ramco Cements Ltd,INE331A01037,Equity
500262,HYBRIDFIN,Hybrid Financial Services Ltd,INE965B01022,Equity
500264,MAFATIND,Mafatlal Industries Ltd,INE270B01035,Equity
500265,MAHSEAMLES,Maharashtra Seamless Ltd,INE271B01025,Equity
500266,MAHSCOOTER,Maharashtra Scooters Ltd,INE288A01013,Equity
500267,MAJESAUT,Majestic Auto Ltd,INE201B01022,Equity
500268,MANALIPETC,Manali Petrochemicals Ltd,INE201A01024,Equity
500270,BARODARY,Baroda Rayon Corporation Ltd,INE461A01024,Equity
500271,MFSL,Max Financial Services Ltd,INE180A01020,Equity
500277,MIDINDIA,Mid India Industries Ltd,INE401C01018,Equity
500279,MIRCELECTR,Mirc Electronics Ltd,INE831A01028,Equity
500280,CENTENKA,Century Enka Ltd,INE485A01015,Equity
500282,MODTHREAD,Modern Thread India Ltd,INE794W01014,Equity
500284,LORDSCHLO,Lords Chloro Alkali Ltd,INE846D01012,Equity
500285,SPICEJET,Spicejet Ltd,INE285B01017,Equity
500288,MOREPENLAB,Morepen Laboratories Ltd,INE083A01026,Equity
500290,MRF,MRF Ltd,INE883A01011,Equity
500292,HEIDELBERG,HeidelbergCement India Ltd,INE578A01017,Equity
500294,NCC,NCC Ltd,INE868B01028,Equity
500295,VEDL,Vedanta Ltd,INE205A01025,Equity
500296,NAHARSPING,Nahar Spinning Mills Ltd,INE290A01027,Equity
500298,NAPEROL,Naperol Investments Ltd,INE585A01020,Equity
500300,GRASIM,Grasim Industries Ltd,INE047A01021,Equity
500302,PEL,PIRAMAL ENTERPRISES LTD.,INE140A01024,Equity
500304,NIITLTD,NIIT Ltd,INE161A01038,Equity
500306,JAYKAY,Jaykay Enterprises Ltd,INE903A01025,Equity
500307,NIRLON,Nirlon Ltd,INE910A01012,Equity
500312,ONGC,Oil and Natural Gas Corporation Ltd,INE213A01029,Equity
500313,OILCOUNTUB,Oil Country Tubular Ltd,INE591A01010,Equity
500314,ORIENTHOT,Oriental Hotels Ltd,INE750A01020,Equity
500317,OSWALAGRO,Oswal Agro Mills Ltd,INE142A01012,Equity
500319,INDSUCR,Indian Sucrose Ltd,INE557C01017,Equity
500322,PANCM,Panyam Cements & Mineral Industries Ltd,INE167E01037,Equity
500325,RELIANCE,Reliance Industries Ltd,INE002A01018,Equity
500327,PILITA,Pil Italica Lifestyle Ltd,INE600A01035,Equity
500330,RAYMOND,Raymond Ltd,INE301A01014,Equity
500331,PIDILITIND,Pidilite Industries Ltd,INE318A01026,Equity
500333,PIXTRANS,Pix Transmissions Ltd,INE751B01018,Equity
500335,BIRLACORPN,Birla Corporation Ltd,INE340A01012,Equity
500336,SURYAROSNI,Surya Roshni Ltd,INE335A01020,Equity
500337,PRIMESECU,Prime Securities Ltd,INE032B01021,Equity
500338,PRSMJOHNSN,Prism Johnson Ltd,INE010A01011,Equity
500339,RAIN,Rain Industries Ltd,INE855B01025,Equity
500342,PRUDMOULI,Prudential Sugar Corporation Ltd,INE024D01016,Equity
500343,AMJLAND,AMJ Land Holdings Ltd,INE606A01024,Equity
500346,PUNJCOMMU,Punjab Communications Ltd,INE609A01010,Equity
500350,RSWM,RSWM Ltd,INE611A01016,Equity
500354,RAJSREESUG,Rajshree Sugars & Chemicals Ltd,INE562B01019,Equity
500355,RALLIS,Rallis India Ltd,INE613A01020,Equity
500356,RAMANEWS,Shree Rama Newsprint Ltd,INE278B01020,Equity
500357,RAMAPPR-B,Rama Paper Mills Ltd,INE425E01013,Equity
500358,RAMAPETRO,Rama Petrochemicals Ltd,INE783A01013,Equity
500360,RAPICUT,Rapicut Carbides Ltd,INE350D01015,Equity
500365,WELSPLSOL,Welspun Specialty Solutions Ltd,INE731F01037,Equity
500366,ROLTA,ROLTA INDIA LTD.,INE293A01013,Equity
500367,RUBFILA,Rubfila International Ltd,INE642C01025,Equity
500368,PATANJALI,Patanjali Foods Ltd,INE619A01035,Equity
500370,SALORAINTL,Salora International Ltd,INE924A01013,Equity
500371,SAMTELIN,Samtel India Ltd,INE538C01017,Equity
500378,JINDALSAW,Jindal Saw Ltd,INE324A01032,Equity
500380,JKLAKSHMI,JK Lakshmi Cement Ltd,INE786A01032,Equity
500387,SHREECEM,Shree Cement Ltd,INE070A01015,Equity
500388,SKPMIL,Shree Krishna Paper Mills & Industries Ltd,INE970C01012,Equity
500389,SILVERLINE,Silverline Technologies Ltd,INE368A01021,Equity
500390,RELINFRA,Reliance Infrastructure Ltd,INE036A01016,Equity
500399,STEELCO,Steelco Gujarat Ltd,INE629B01032,Equity
500400,TATAPOWER,Tata Power Company Ltd,INE245A01021,Equity
500402,SPMLINFRA,SPML Infra Ltd,INE937A01023,Equity
500403,SUNDRMFAST,Sundram Fasteners Ltd,INE387A01021,Equity
500404,SUNFLAG,Sunflag Iron & Steel Company Ltd,INE947A01014,Equity
500405,SPLPETRO,Supreme Petrochem Ltd,INE663A01033,Equity
500407,SWARAJENG,Swaraj Engines Ltd,INE277A01016,Equity
500408,TATAELXSI,Tata Elxsi Ltd,INE670A01012,Equity
500410,ACC,ACC Ltd,INE012A01025,Equity
500411,THERMAX,Thermax Ltd,INE152A01029,Equity
500412,TIRUMALCHM,Thirumalai Chemicals Ltd,INE338A01024,Equity
500413,THOMASCOOK,Thomas Cook (India) Ltd,INE332A01027,Equity
500414,TIMEX,Timex Group India Ltd,INE064A01026,Equity
500418,TOKYOPLAST,Tokyo Plast International Ltd,INE932C01012,Equity
500420,TORNTPHARM,Torrent Pharmaceuticals Ltd,INE685A01028,Equity
500421,TPINDIA,TPI India Ltd,INE578C01021,Equity
500422,TRANSCHEM,Transchem Ltd,INE019B01010,Equity
500425,AMBUJACEM,Ambuja Cements Ltd,INE079A01024,Equity
500426,UTLINDS,UTL Industries Ltd,INE184E01024,Equity
500429,UNIENTER,Uniphos Enterprises Ltd,INE037A01022,Equity
500439,VHL,Vardhman Holdings Ltd,INE701A01023,Equity
500440,HINDALCO,Hindalco Industries Ltd,INE038A01020,Equity
500444,WSTCSTPAPR,West Coast Paper Mills Ltd,INE976A01021,Equity
500449,HOCL,Hindustan Organic Chemicals Ltd,INE048A01011,Equity
500450,MPILCORPL,MPIL Corporation Ltd,INE844C01027,Equity
500456,PASUPTAC,Pasupati Acrylon Ltd,INE818B01023,Equity
500458,TEAM24,Team24 Consumer Products Ltd,INE601A01017,Equity
500459,PGHH,Procter & Gamble Hygiene and Health Care Ltd,INE179A01014,Equity
500460,MUKANDLTD,Mukand Ltd,INE304A01026,Equity
500463,BBOX,Black Box Ltd,INE676A01027,Equity
500464,UCAL,Ucal  Ltd,INE139B01016,Equity
500467,HARRMALAYA,Harrisons Malayalam Ltd,INE544A01019,Equity
500469,FEDERALBNK,Federal Bank Ltd,INE171A01029,Equity
500470,TATASTEEL,Tata Steel Ltd,INE081A01020,Equity
500472,SKFINDIA,SKF India Ltd,INE640A01023,Equity
500477,ASHOKLEY,Ashok Leyland Ltd,INE208A01029,Equity
500480,CUMMINSIND,Cummins India Ltd,INE298A01020,Equity
500483,TATACOMM,Tata Communications Ltd,INE151A01013,Equity
500488,ABBOTINDIA,Abbott India Ltd,INE358A01014,Equity
500490,BAJAJHLDNG,Bajaj Holdings & Investment Ltd,INE118A01012,Equity
500493,BHARATFORG,Bharat Forge Ltd,INE465A01025,Equity
500495,ESCORTS,Escorts Kubota Ltd,INE042A01014,Equity
500500,HINDMOTORS,Hindustan Motors Ltd,INE253A01025,Equity
500510,LT,Larsen & Toubro Ltd,INE018A01030,Equity
500520,M&M,Mahindra & Mahindra Ltd,INE101A01026,Equity
500530,BOSCHLTD,Bosch Ltd,INE323A01026,Equity
500540,PREMIER,Premier Ltd,INE342A01018,Equity
500547,BPCL,Bharat Petroleum Corporation Ltd,INE029A01011,Equity
500550,SIEMENS,Siemens Ltd,INE003A01024,Equity
500570,TMPV,Tata Motors Passenger Vehicles Ltd,INE155A01022,Equity
500575,VOLTAS,Voltas Ltd,INE226A01021,Equity
500620,GESHIP,Great Eastern Shipping Company Ltd,INE017A01032,Equity
500645,DEEPAKFERT,Deepak Fertilisers & Petrochemicals Corporation Ltd,INE501A01019,Equity
500650,EXCELINDUS,Excel Industries Ltd,INE369A01029,Equity
500655,GRWRHITECH,Garware Hi-Tech Films Ltd,INE291A01017,Equity
500660,GLAXO,GlaxoSmithKline Pharmaceuticals Ltd,INE159A01016,Equity
500670,GNFC,Gujarat Narmada Valley Fertilizers & Chemicals Ltd,INE113A01013,Equity
500672,NOVARTIND,Novartis India Ltd,INE234A01025,Equity
500674,SANOFI,Sanofi India Ltd,INE058A01010,Equity
500680,PFIZER,Pfizer Ltd,INE182A01018,Equity
500690,GSFC,Gujarat State Fertilizers & Chemicals Ltd,INE026A01025,Equity
500696,HINDUNILVR,Hindustan Unilever Ltd,INE030A01027,Equity
500710,AKZOINDIA,Akzo Nobel India Ltd,INE133A01011,Equity
500730,NOCIL,NOCIL Ltd,INE163A01018,Equity
500770,TATACHEM,Tata Chemicals Ltd,INE092A01019,Equity
500777,TNPETRO,Tamilnadu Petroproducts Ltd,INE148A01019,Equity
500780,ZUARIIND,Zuari Industries Ltd,INE217A01012,Equity
500790,NESTLEIND,Nestle India Ltd,INE239A01024,Equity
500800,TATACONSUM,Tata Consumer Products Ltd,INE192A01025,Equity
500820,ASIANPAINT,Asian Paints Ltd,INE021A01026,Equity
500825,BRITANNIA,Britannia Industries Ltd,INE216A01030,Equity
500830,COLPAL,Colgate Palmolive (India) Ltd,INE259A01022,Equity
500840,EIHOTEL,EIH Ltd,INE230A01023,Equity
500850,INDHOTEL,Indian Hotels Company Ltd,INE053A01029,Equity
500870,CASTROLIND,Castrol India Ltd,INE172A01027,Equity
500875,ITC,ITC Ltd,INE154A01025,Equity
500877,APOLLOTYRE,Apollo Tyres Ltd,INE438A01022,Equity
500878,CEATLTD,Ceat Ltd,INE482A01020,Equity
500890,MODIRUBBER,Modi Rubber Ltd,INE832A01018,Equity
500940,FINPIPE,Finolex Industries Ltd,INE183A01024,Equity
501110,SUNRINV,Sunrise Industrial Traders Ltd,INE371U01015,Equity
501111,ZGOLDINV,Gold Rock Investments Ltd,INE598F01014,Equity
501144,PEOPLIN,Peoples Investments Ltd,INE644U01015,Equity
501148,DSINVEST,Dalal Street Investments Ltd,INE422D01012,Equity
501150,CENTRUM,Centrum Capital Ltd,INE660C01027,Equity
501151,KARTKIN,Kartik Investments Trust Ltd,INE524U01019,Equity
501242,TCIFINANCE,TCI Finance Ltd,INE911B01018,Equity
501261,KRATOSENER,KRATOS ENERGY & INFRASTRUCTURE LTD.,INE567L01017,Equity
501270,ANTARIKSH,Antariksh Industries Ltd,INE825M01017,Equity
501295,IITL,Industrial Investment Trust Ltd,INE886A01014,Equity
501298,INDPRUD,Industrial & Prudential Investment Company Ltd,INE620D01011,Equity
501301,TATAINVEST,Tata Investment Corporation Ltd,INE672A01026,Equity
501311,JAYBHCR,Jayabharat Credit Ltd,INE998D01011,Equity
501314,PRISMX,Prismx Global Ventures Ltd,INE286N01028,Equity
501343,MOTOGENFIN,Motor & General Finance Ltd,INE861B01023,Equity
501351,RAPIDIN,Rapid Investments Ltd,INE154M01012,Equity
501370,WALCHPF,Walchand Peoplefirst Ltd,INE695D01021,Equity
501386,EENTER,E & E Enterprises Ltd,INE094R01019,Equity
501391,WHBRADY,WH Brady & Company Ltd,INE855A01019,Equity
501421,TECHNVISN,TechNVision Ventures Ltd,INE314H01012,Equity
501423,SHAILY,Shaily Engineering Plastics Ltd,INE151G01028,Equity
501425,BBTC,The Bombay Burmah Trading Corporation Ltd,INE050A01025,Equity
501430,BOMBCYC,Bombay Cycle & Motor Agency Ltd,INE691K01017,Equity
501455,GREAVESCOT,Greaves Cotton Ltd,INE224A01026,Equity
501477,MULLER,Muller & Phipps India Ltd,INE003F01015,Equity
501479,SFTL,Springform Technology Ltd,INE02ZA01012,Equity
501622,AMALGAM,Amalgamated Electricity Company Ltd,INE492N01022,Equity
501630,ANANDPROJ,Anand Projects Ltd,INE134R01013,Equity
501700,INDIANVSH,IndiaNivesh Ltd,INE131H01028,Equity
501831,COASTCORP,Coastal Corporation Ltd,INE377E01024,Equity
501833,CHOWGULSTM,Chowgule Steamships Ltd,INE490A01015,Equity
501848,GLOBOFFS,Global Offshore Services Ltd,INE446C01013,Equity
501945,DHENUBUILD,Dhenu Buildcon Infra Ltd,INE758D01027,Equity
502015,ASIIL,ASI Industries Ltd,INE443A01030,Equity
502090,SAGCEM,Sagar Cements Ltd,INE229C01021,Equity
502133,HEMACEM,HEMADRI CEMENTS LTD.,INE07BK01011,Equity
502137,DECCANCE,Deccan Cements Ltd,INE583C01021,Equity
502157,MANGLMCEM,Mangalam Cement Ltd,INE347A01017,Equity
502168,NCLIND,NCL Industries Ltd,INE732C01016,Equity
502175,SAURASHCEM,Saurashtra Cement Ltd,INE626A01014,Equity
502180,SHREDIGCEM,Shree Digvijay Cement Company Ltd,INE232A01011,Equity
502219,BORORENEW,Borosil Renewables Ltd,INE666D01022,Equity
502250,LERTHAI,Lerthai Finance Ltd,INE347D01011,Equity
502271,RASSIREF,Raasi Refractories Ltd,INE858D01017,Equity
502281,TRIVENIGQ,Triveni Glass Ltd,INE094C01011,Equity
502294,NILACHAL,Nilachal Refractories Ltd,INE416N01013,Equity
502330,ANDHRAPAP,Andhra Paper Ltd,INE435A01051,Equity
502355,BALKRISIND,Balkrishna Industries Ltd,INE787D01026,Equity
502420,ORIENTPPR,Orient Paper & Industries Ltd,INE592A01026,Equity
502445,CITADEL,Citadel Realty and Developers Ltd,INE906D01014,Equity
502448,ROLLT,Rollatainers Ltd,INE927A01040,Equity
502450,SESHAPAPER,Seshasayee Paper and Boards Ltd,INE630A01024,Equity
502587,NATHIND,Nath Industries Ltd,INE777A01023,Equity
502589,VAPIENTER,Vapi Enterprise Ltd,INE464D01014,Equity
502820,DCM,DCM Ltd,INE498A01018,Equity
502850,ZGAEKWAR,Gaekwar Mills Ltd,INE837X01027,Equity
502865,FORBESCO,Forbes & Company Ltd,INE518A01013,Equity
502873,HPCOTTON,HP Cotton Textile Mills Ltd,INE950C01014,Equity
502893,UNITEDINT,United Interactive Ltd,INE706D01018,Equity
502901,JAMSHRI,Jamshri Realty Ltd,INE462D01034,Equity
502933,KATRSPG,Katare Spinning Mills Ltd,INE498G01015,Equity
502937,KESORAMIND,Kesoram Industries Ltd,INE087A01019,Equity
502958,LAKSHMIMIL,Lakshmi Mills Company Ltd,INE938C01019,Equity
502986,VTL,Vardhman Textiles Ltd,INE825A01020,Equity
503031,PENINLAND,Peninsula Land Ltd,INE138A01028,Equity
503092,PASUSPG,Pasupati Spinning & Weaving Mills Ltd,INE909B01020,Equity
503100,PHOENIXLTD,The Phoenix Mills Ltd,INE211B01039,Equity
503101,MARATHON,Marathon Nextgen Realty Ltd,INE182D01020,Equity
503127,RAJABAH,Raja Bahadur International Ltd,INE491N01016,Equity
503162,RELCHEMQ,Reliance Chemotex Industries Ltd,INE750D01016,Equity
503169,RUBYMILLS,Ruby Mills Ltd,INE301D01026,Equity
503229,SIMPLXREA,Simplex Realty Ltd,INE167H01014,Equity
503310,SWANCORP,Swan Corp Ltd,INE665A01038,Equity
503349,VICTMILL,Victoria Mills Ltd,INE203D01016,Equity
503622,ZSVTRADI,SV Trading & Agencies Ltd,INE404N01019,Equity
503624,ZSVARAJT,Svaraj Trading & Agencies Ltd,INE406N01014,Equity
503626,KSHITIJ,Kshitij Investments Ltd,INE733N01011,Equity
503635,SALSAIN,Shree Salasar Investments Ltd,INE315N01017,Equity
503639,INDSOYA,Indsoya Ltd,INE314N01028,Equity
503641,ZODIACVEN,Zodiac Ventures Ltd,INE945J01027,Equity
503657,VEERENRGY,Veer Energy & Infrastructure Ltd,INE255E01030,Equity
503659,SW1,SW Investments Ltd,INE948K01011,Equity
503663,TILAK,Tilak Ventures Ltd,INE026L01022,Equity
503669,KKFIN,K K Fincorp Limited,INE509J01013,Equity
503671,UNIJOLL,Unijolly Investments Company Ltd,INE130N01010,Equity
503675,WAGEND,Wagend Infra Venture Ltd,INE786K01023,Equity
503681,ELCIDIN,EL CID Investments Ltd,INE927X01018,Equity
503685,MEDIAONE,Mediaone Global Entertainment Ltd,INE828I01019,Equity
503689,HEALINV,Healthy Investments Ltd,INE160N01017,Equity
503696,SHRENTI,Shreenath Investment Company Ltd,INE475V01012,Equity
503722,BANSWRAS,Banswara Syntex Ltd,INE629D01020,Equity
503772,MODWOOL,Modella Woollens Ltd,INE380D01012,Equity
503776,MODIPON,Modipon Ltd,INE170C01019,Equity
503804,SHRIDINE,Shri Dinesh Mills Ltd,INE204C01024,Equity
503806,SRF,SRF Ltd,INE647A01010,Equity
503811,SIYSIL,Siyaram Silk Mills Ltd,INE076B01028,Equity
503816,SWADPOL,Swadeshi Polytex Ltd,INE243N01029,Equity
503837,SHRAJSYNQ,Shree Rajasthan Syntex Ltd,INE796C01011,Equity
503863,SHRMFGC,Shree Manufacturing Company Ltd,INE632A01012,Equity
503893,ZSATYASL,Satyam Silk Mills Ltd,INE07MC01015,Equity
503960,BBL,Bharat Bijlee Ltd,INE464A01036,Equity
504000,ELPROINTL,Elpro International Ltd,INE579B01039,Equity
504028,GEE,GEE Ltd,INE064H01021,Equity
504036,HIRECT,Hind Rectifiers Ltd,INE835D01023,Equity
504058,NIPPOBATRY,Indo National Ltd,INE567A01028,Equity
504067,ZENSARTECH,Zensar Technologies Ltd,INE520A01027,Equity
504076,JYOTI,Jyoti Ltd,INE511D01012,Equity
504080,JSLINDL,JSL Industries Ltd,INE581L01018,Equity
504084,KAYCEEI,Kaycee Industries Ltd,INE813G01023,Equity
504092,INDOKEM,Indokem Ltd,INE716F01012,Equity
504093,PANAENERG,Panasonic Energy India Company Ltd,INE795A01017,Equity
504112,NELCO,Nelco Ltd,INE045B01015,Equity
504132,PERMAGN,Permanent Magnets Ltd,INE418E01018,Equity
504176,HIGHENE,High Energy Batteries India Ltd,INE783E01023,Equity
504180,STDBAT,Standard Batteries Ltd,INE502C01039,Equity
504212,UNIVCABLES,Universal Cables Ltd,INE279A01012,Equity
504220,WSI,W. S. Industries (India) Ltd,INE100D01014,Equity
504240,DLTNCBL,Delton Cables Ltd,INE872E01016,Equity
504258,LAKSELEC,Lakshmi Electrical Control Systems Ltd,INE284C01018,Equity
504273,MODULEX,Modulex Construction Technologies Ltd,INE064R01012,Equity
504286,DELTAMAGNT,Delta Manufacturing Ltd,INE393A01011,Equity
504340,LONGSPUR,Longspur International Ventures Ltd,INE180M01033,Equity
504341,RELTD,Ravindra Energy Ltd,INE206N01018,Equity
504346,RRP,RRP Semiconductor Ltd,INE713N01013,Equity
504351,EMPOWER,Empower India Ltd,INE507F01023,Equity
504356,ZMULTIPU,Multipurpose Trading & Agencies Ltd,INE017P01014,Equity
504365,RIDHISYN,Ridhi Synthetics Ltd,INE07LK01010,Equity
504369,GRANDMA,Grandma Trading & Agencies Ltd,INE927M01029,Equity
504370,ZARDIINV,Ardi Investments & Trading Company Ltd,INE0LKP01014,Equity
504375,SOFTBPO,Softbpo Global Services Ltd,INE459E01012,Equity
504378,NYSSACORP,Nyssa Corporation Ltd,INE812K01027,Equity
504380,FLOMIC,Flomic Global Logistics Ltd,INE952M01019,Equity
504392,KRISHNA,Krishna Ventures Ltd,INE537L01010,Equity
504397,GANHOLD,Ganesh Holdings Ltd,INE932M01011,Equity
504398,SJCORP,SJ Corporation Ltd,INE312B01027,Equity
504605,UNIABEXAL,Uni Abex Alloy Products Ltd,INE361D01012,Equity
504614,SARDAEN,Sarda Energy & Minerals Ltd,INE385C01021,Equity
504646,BGWTATO,Bhagwati Autocast Ltd,INE106G01014,Equity
504648,BOMBWIR,Bombay Wire Ropes Ltd,INE089T01023,Equity
504671,CHASBRT,Chase Bright Steel Ltd,NA,Equity
504697,GALADA,Galada Power & Telecommunication Ltd,INE255C01026,Equity
504731,AZADIND,Azad India Mobility Ltd,INE566M01017,Equity
504741,INDIANHUME,Indian Hume Pipe Company Ltd,INE323C01030,Equity
504746,INLCM,Indian Link Chain Manufacturers Ltd,INE359D01024,Equity
504786,INVPRECQ,Investment & Precision Castings Ltd,INE155E01016,Equity
504810,INFORTEC,Informed Technologies India Ltd,INE123E01014,Equity
504840,KAIRA,Kaira Can Company Ltd,INE375D01012,Equity
504879,ORIENTCER,Orient Ceratech Ltd,INE569C01020,Equity
504882,NATIONSTD,National Standard (India) Ltd,INE166R01015,Equity
504903,RATHIST,Rathi Steel & Power Ltd,INE336C01016,Equity
504908,DUNCANENG,Duncan Engineering Ltd,INE340F01011,Equity
504918,SANDUMA,Sandur Manganese & Iron Ores Ltd,INE149K01016,Equity
504959,STOVACQ,Stovec Industries Ltd,INE755D01015,Equity
504961,TATAYODOGA,TAYO ROLLS LTD.,INE895C01011,Equity
504973,CHOLAHLDNG,Cholamandalam Financial Holdings Ltd,INE149A01033,Equity
504988,ZWELCAST,Welcast Steels Ltd,INE380G01015,Equity
504998,WMINIMT,Western Ministil Ltd,INE187U01015,Equity
505010,AUTOAXLES,Automotive Axles Ltd,INE449A01011,Equity
505029,ATLASCYCLE,Atlas Cycles (Haryana) Ltd,INE446A01025,Equity
505032,AUTOPRD,Automobile Products of India Ltd,INE0NY101012,Equity
505036,ACGL,Automobile Corporation of Goa Ltd,INE451C01013,Equity
505075,SETCO,Setco Automotive Ltd,INE878E01021,Equity
505100,INRADIA,India Radiators Ltd,INE461Y01016,Equity
505160,TALBROAUTO,Talbros Automotive Components Ltd,INE187D01029,Equity
505163,ZFSTEERING,ZF Steering Gear India Ltd,INE116C01012,Equity
505192,SMLMAH,SML Mahindra Ltd,INE294B01019,Equity
505196,TIL,TIL Ltd,INE806C01018,Equity
505200,EICHERMOT,Eicher Motors Ltd,INE066A01021,Equity
505212,JAINEX,Jainex Aamcol Ltd,INE280F01019,Equity
505216,ALFREDHE,Alfred Herbert India Ltd,INE782D01027,Equity
505232,VELJAN,Veljan Denison Ltd,INE232E01013,Equity
505242,DYNAMATECH,Dynamatic Technologies Ltd,INE221B01012,Equity
505250,GGDPROP,G. G. Dandekar Properties Ltd,INE631D01026,Equity
505255,GMMPFAUDLR,GMM Pfaudler Ltd,INE541A01023,Equity
505283,KIRLPNU,Kirloskar Pneumatic Company Ltd,INE811A01020,Equity
505285,TULIVE,Tulive Developers Ltd,INE637D01015,Equity
505299,KPT,KPT Industries Ltd,INE731D01024,Equity
505302,LAKSHMIEW,Lakshmi Engineering And Warehousing Ltd,INE718M01022,Equity
505320,LYNMC,Lynx Machinery & Commercials Ltd,INE732D01014,Equity
505324,MANUGRAPH,Manugraph India Ltd,INE867A01022,Equity
505336,HARSHILAGR,Harshil Agrotech Ltd,INE098E01026,Equity
505343,MONOT,Monotype India Ltd,INE811D01024,Equity
505355,NESCO,NESCO Ltd,INE317F01035,Equity
505358,INTEGRAEN,Integra Engineering India Ltd,INE984B01023,Equity
505368,SEMAC,Semac Construction Ltd,INE617A01013,Equity
505400,TEXINFRA,Texmaco Infrastructure & Holdings Ltd,INE435C01024,Equity
505412,WENDT,Wendt (India) Ltd,INE274C01019,Equity
505502,PSITINFRA,PS IT Infrastructure & Services Ltd,INE953M01033,Equity
505504,GHVINFRA,GHV Infra Projects Ltd,INE809Q01020,Equity
505509,RESPONIND,Responsive Industries Ltd,INE688D01026,Equity
505515,SHYMINV,Shyamkamal Investments Ltd,INE203N01015,Equity
505520,ZHEMHOLD,Hem Holdings & Trading Ltd,INE721U01011,Equity
505523,MAHACORP,Maharashtra Corporation Ltd,INE272E01027,Equity
505526,DOLATALGO,Dolat Algotech Ltd,INE966A01022,Equity
505533,WESTLIFE,Westlife Foodworld Ltd,INE274F01020,Equity
505537,ZEEL,Zee Entertainment Enterprises Ltd,INE256A01028,Equity
505585,ZKOVALIN,Kovalam Investment & Trading Company Ltd,INE735U01011,Equity
505590,SVPGLOB,SVP Global Textiles Ltd,INE308E01029,Equity
505594,MULTIIN,Multiplus Holdings Ltd,INE886E01016,Equity
505650,SKYLMILAR,Skyline Millars Ltd,INE178E01026,Equity
505681,BIMETAL,Bimetal Bearings Ltd,INE469A01019,Equity
505685,TAPARIA,Taparia Tools Ltd,INE614R01014,Equity
505688,BHARATGEAR,Bharat Gears Ltd,INE561C01019,Equity
505690,BRADYM,Brady & Morris Engineering Company Ltd,INE856A01017,Equity
505693,LATIMMETAL,La Tim Metal & Industries Ltd,INE501N01020,Equity
505700,ELECON,Elecon Engineering Company Ltd,INE205B01031,Equity
505703,DECANBRG,Deccan Bearings Ltd,INE498D01012,Equity
505710,GRAUWEIL,Grauer & Weil India Ltd,INE266D01021,Equity
505712,HIMTEK,Him Teknoforge Ltd,INE705G01021,Equity
505714,GABRIEL,Gabriel India Ltd,INE524A01029,Equity
505720,HERCULES,Hercules Investments Ltd,INE688E01024,Equity
505725,ALGOQUANT,Algoquant Fintech Ltd,INE598D01035,Equity
505726,IFBIND,IFB Industries Ltd,INE559A01017,Equity
505729,SINGER,Singer India Ltd,INE638A01035,Equity
505737,INTLCOMBQ,International Combustion India Ltd,INE403C01014,Equity
505744,FMGOETZE,Federal-Mogul Goetze (India) Ltd,INE529A01010,Equity
505750,JOSTS,Josts Engineering Company Ltd,INE636D01041,Equity
505790,SCHAEFFLER,Schaeffler India Ltd,INE513A01022,Equity
505797,MPCOSEMB,Mipco Seamless Rings Gujarat Ltd,INE860N01012,Equity
505800,RANEHOLDIN,Rane Holdings Ltd,INE384A01010,Equity
505807,ROLCOEN,Rolcon Engineering Company Ltd,INE775R01013,Equity
505827,SNL,SNL Bearings Ltd,INE568F01017,Equity
505840,JAIPAN,Jaipan Industries Ltd,INE058D01030,Equity
505850,MANCREDIT,Mangal Credit and Fincorp Ltd,INE545L01039,Equity
505854,TRF,TRF Ltd,INE391D01019,Equity
505872,WPIL,WPIL Ltd,INE765D01022,Equity
505890,KENNAMET,Kennametal India Ltd,INE717A01029,Equity
505893,HINDHARD,Hindustan Hardy Ltd,INE724D01011,Equity
505978,TRITONV,Triton Valves Ltd,INE440G01017,Equity
506003,SUDAI,Sudal Industries Ltd,INE618D01015,Equity
506022,PRAKASH,Prakash Industries Ltd,INE603A01013,Equity
506024,HVL,Hariyana Ventures Ltd,INE219D01012,Equity
506042,ZPRBHSTE,Prabhu Steel Industries Ltd,INE821R01015,Equity
506074,ARSHIYA,Arshiya Ltd,INE968D01022,Equity
506076,GRINDWELL,Grindwell Norton Ltd,INE536A01023,Equity
506079,LAKPRE,Lakshmi Precision Screws Ltd,INE651C01018,Equity
506105,STANROS,Stanrose Mafatlal Investments & Finance Ltd,INE441L01015,Equity
506109,GENESYS,Genesys International Corporation Ltd,INE727B01026,Equity
506120,ALNATRD,Alna Trading & Exports Ltd,INE07I701011,Equity
506122,VOLKAI,Kairosoft AI Solutions Ltd,INE820M01018,Equity
506128,PARNAXLAB,Parnax Lab Ltd,INE383L01019,Equity
506134,GOURMET,Gourmet Gateway India Ltd,INE512D01028,Equity
506146,VIVIDHA,Visagar Polytex Ltd,INE370E01029,Equity
506161,ISHWATR,Ishwarshakti Holdings & Traders Ltd,INE073I01012,Equity
506162,TERRAFORM,Terraform Magnum Ltd,INE122V01010,Equity
506166,APIS,Apis India Ltd,INE070K01014,Equity
506178,VELOX,Velox Shipping and Logistics Ltd,INE092P01017,Equity
506180,EMERGENT,Emergent Industrial Solutions Ltd,INE668L01013,Equity
506184,KANANIIND,Kanani Industries Ltd,INE879E01037,Equity
506186,GCKL,Galaxy Cloud Kitchens Ltd,INE403B01016,Equity
506190,ZSARVAMA,Sarvamangal Mercantile Company Ltd,INE978L01016,Equity
506194,ARIHANTSUP,Arihant Superstructures Ltd,INE643K01018,Equity
506196,VIKSHEN,VIKSIT ENGINEERING LTD.,INE965V01012,Equity
506197,BLISSGVS,Bliss GVS Pharma Ltd,INE416D01022,Equity
506222,STYRENIX,Styrenix Performance Materials Ltd,INE189B01011,Equity
506235,ALEMBICLTD,Alembic Ltd,INE426A01027,Equity
506248,AMNPLST,Amines & Plasticizers Ltd,INE275D01022,Equity
506260,ANUHPHR,Anuh Pharma Ltd,INE489G01022,Equity
506261,MODISONLTD,Modison Ltd,INE737D01021,Equity
506285,BAYERCROP,Bayer CropScience Ltd,INE462A01022,Equity
506313,SASHWAT,Sashwat Technocrats Ltd,INE789D01014,Equity
506365,STARSOURCE,Star Source Multi Trade Ltd,INE320M01019,Equity
506390,HEUBACHIND,Heubach Colorants India Ltd,INE492A01029,Equity
506395,COROMANDEL,Coromandel International Ltd,INE169A01031,Equity
506401,DEEPAKNTR,Deepak Nitrite Ltd,INE288B01029,Equity
506405,DMCC,DMCC Speciality Chemicals Ltd,INE505A01010,Equity
506414,FERMENTA,Fermenta Biotech Ltd,INE225B01021,Equity
506480,GOCLCORP,GOCL Corporation Ltd,INE077F01035,Equity
506520,JAYCH,Jayshree Chemicals Ltd,INE693E01016,Equity
506525,KANORICHEM,Kanoria Chemicals & Industries Ltd,INE138C01024,Equity
506528,KELENRG,KELTECH Energies Ltd,INE881E01017,Equity
506530,KEMP,Kemp & Company Ltd,INE060E01018,Equity
506532,NITTAGELA,Nitta Gelatin India Ltd,INE265B01019,Equity
506543,MPAGI,MP Agro Industries Ltd,INE468C01017,Equity
506579,AGVENTURES,AG Ventures Ltd,INE321D01016,Equity
506580,PBGLOBAL,PB Global Ltd,INE615W01011,Equity
506590,PCBL,PCBL Chemical Ltd,INE602A01031,Equity
506597,AMAL,Amal Ltd,INE841D01013,Equity
506605,POLYCHEM,Polychem Ltd,INE752B01024,Equity
506618,PUNJABCHEM,Punjab Chemicals & Crop Protection Ltd,INE277B01014,Equity
506640,ZR2,ZR2 Bioenergy Ltd,INE218N01021,Equity
506642,SADHNANIQ,Sadhana Nitro Chem Ltd,INE888C01040,Equity
506655,SUDARSCHEM,Sudarshan Chemical Industries Ltd,INE659A01023,Equity
506680,TECILCHEM,Tecil Chemicals & Hydro Power Ltd,INE014B01011,Equity
506685,ULTRAMAR,Ultramarine & Pigments Ltd,INE405A01021,Equity
506687,TRANSPEK,Transpek Industry Ltd,INE687A01016,Equity
506690,UNICHEMLAB,Unichem Laboratories Ltd,INE351A01035,Equity
506734,MYSORPETRO,Mysore Petro Chemicals Ltd,INE741A01011,Equity
506767,ALKYLAMINE,Alkyl Amines Chemicals Ltd,INE150B01039,Equity
506808,TUTIALKA,Tuticorin Alkali Chemicals And Fertilizers Ltd,INE400A01014,Equity
506820,ASTRAZEN,AstraZeneca Pharma India Ltd,INE203A01020,Equity
506852,PRIMO,Primo Chemicals Ltd,INE607A01022,Equity
506854,TANFACIND,TANFAC Industries Ltd,INE639B01015,Equity
506858,GUJPETR,Gujarat Petrosynthese Ltd,INE636P01011,Equity
506863,SWADEIN,Swadeshi Industries & Leasing Ltd,INE716M01034,Equity
506867,MASCH,Master Chemicals Ltd,INE523D01017,Equity
506879,GUJTHEM,Gujarat Themis Biosyn Ltd,INE942C01045,Equity
506906,SCBL,Saptak Chem And Business Ltd,INE467X01023,Equity
506919,MAKERSL,Makers Laboratories Ltd,INE987A01010,Equity
506935,CONTCHM,Continental Chemicals Ltd,INE423K01015,Equity
506943,JBCHEPHARM,JB Chemicals & Pharmaceuticals Ltd,INE572A01036,Equity
506945,IGLFXPL-B,Indo Gulf Industries Ltd,INE684U01011,Equity
506947,ADVPETR-B,Advance Petrochemicals Ltd,INE334N01018,Equity
506975,RAJSPTR,Rajasthan Petro Synthetics Ltd,INE374C01017,Equity
506979,APTPACK,Apt Packaging Ltd,INE046E01025,Equity
506981,BLUECHIPT,Bluechip Tex Industries Ltd,INE472D01017,Equity
507155,JAGAJITIND,Jagatjit Industries Ltd,INE574A01016,Equity
507180,KESARENT,Kesar Enterprises Ltd,INE133B01027,Equity
507205,TI,Tilaknagar Industries Ltd,INE133E01013,Equity
507265,EMERALL,Emerald Leisures Ltd,INE044N01021,Equity
507300,RAVALSUGAR,The Ravalgaon Sugar Farm Ltd,INE615A01025,Equity
507315,SAKHTISUG,Sakthi Sugars Ltd,INE623A01011,Equity
507410,WALCHANNAG,Walchandnagar Industries Ltd,INE711A01022,Equity
507438,IFBAGRO,IFB Agro Industries Ltd,INE076C01018,Equity
507474,KFBL,Kothari Fermentation & Biochem Ltd,INE991B01010,Equity
507486,CAPRO,Caprolactam Chemicals Ltd,INE470N01010,Equity
507488,GMBREW,GM Breweries Ltd,INE075D01018,Equity
507490,RANASUG,Rana Sugars Ltd,INE625B01014,Equity
507498,PICCASUG,Piccadily Sugar & Allied Industries Ltd,INE544C01023,Equity
507514,SDBL,Som Distilleries & Breweries Ltd,INE480C01038,Equity
507515,CJGEL,CJ Gelatine Products Ltd,INE557D01015,Equity
507526,ASALCBR,Associated Alcohols & Breweries Ltd,INE073G01016,Equity
507530,THAKKERS,Thakkers Group Ltd,INE04VT01017,Equity
507543,CORAGRO,Coromandel Agro Products & Oils Ltd,INE495D01018,Equity
507552,FOODSIN,Foods & Inns Ltd,INE976E01023,Equity
507580,IVP,IVP Ltd,INE043C01018,Equity
507598,KLRFM,Kovilpatti Lakshmi Roller Flour Mills Ltd,INE014E01015,Equity
507609,OLYOI,Olympic Oil Industries Ltd,INE286E01019,Equity
507621,MLKFOOD,Milkfood Ltd,INE588G01021,Equity
507645,POLSON,Polson Ltd,INE339F01021,Equity
507663,SIGNGCL,Signature Green Corporation Ltd,INE131O01024,Equity
507685,WIPRO,Wipro Ltd,INE075A01022,Equity
507690,ORIBEVER,Orient Beverages Ltd,INE247F01018,Equity
507717,DHANUKA,Dhanuka Agritech Ltd,INE435G01025,Equity
507747,TTKHLTCARE,TTK Healthcare Ltd,INE910C01018,Equity
507753,TGVSL,TGV Sraac Ltd,INE284B01028,Equity
507759,LIMECHM,Lime Chemicals Ltd,INE891G01011,Equity
507779,KANPRPLA,Kanpur Plastipack Ltd,INE694E01014,Equity
507785,TAINWALCHM,Tainwala Chemicals and Plastics (India) Ltd,INE123C01018,Equity
507789,JAGSNPHARM,Jagsonpal Pharmaceuticals Ltd,INE048B01035,Equity
507794,KHAICHEM,Khaitan Chemicals & Fertilizers Ltd,INE745B01028,Equity
507808,UNTTEMI,United Leasing & Industries Ltd,INE357P01014,Equity
507813,NOL,National Oxygen Ltd,INE296D01010,Equity
507815,GILLETTE,Gillette India Ltd,INE322A01010,Equity
507817,WIREFABR,Wires & Fabriks SA Ltd,INE469D01013,Equity
507828,ANSALHSG,Ansal Housing Ltd,INE880B01015,Equity
507833,COMPUPN,Computer Point Ltd,INE607B01012,Equity
507836,MCCHRLS-B,Mac Charles India Ltd,INE435D01014,Equity
507852,ADDIND,Addi Industries Ltd,INE757C01021,Equity
507864,PIONRINV,Pioneer Investcorp Ltd,INE746D01014,Equity
507872,ASHNOOR,Ashnoor Textile Mills Ltd,INE372I01018,Equity
507878,UNITECH,Unitech Ltd,INE694A01020,Equity
507880,VIPIND,VIP Industries Ltd,INE054A01027,Equity
507910,FIBERWEB,Fiberweb India Ltd,INE296C01020,Equity
507912,LKPFIN,LKP Finance Ltd,INE724A01017,Equity
507917,EASTBUILD,East Buildtech Ltd,INE706N01017,Equity
507938,MNPLFIN,Manipal Finance Corporation Ltd,INE798E01013,Equity
507944,BAJAJST,Bajaj Steel Industries Ltd,INE704G01024,Equity
507946,KIDUJA,Kiduja India Ltd,INE845A01028,Equity
507948,KEYCORP,Key Corporation Ltd,INE130F01016,Equity
507952,SHIKHARLETR,Shikhar Leasing & Trading Ltd,INE02BV01019,Equity
507960,GUJHOTE,Gujarat Hotels Ltd,INE621C01011,Equity
507962,FYNX,Fynx Capital Ltd,INE455H01013,Equity
507966,RASRESOR,Ras Resorts & Apart Hotels Ltd,INE651D01016,Equity
507968,JOLYPLS,Jolly Plastic Industries Ltd,INE289M01016,Equity
507970,PARMCOS-B,Paramount Cosmetics India Ltd,INE143I01013,Equity
507981,JINDHOT,Jindal Hotels Ltd,INE726D01016,Equity
507984,SERIND,SER Industries Ltd,INE358F01013,Equity
507987,JPTRLES,Jupiter Industries & Leasing Ltd,INE990E01016,Equity
507998,SIMMOND,Simmonds Marshall Ltd,INE657D01021,Equity
508136,BNALTD,B & A Ltd,INE489D01011,Equity
508486,HAWKINCOOK,Hawkins Cookers Ltd,INE979B01015,Equity
508494,WARRENTEA,Warren Tea Ltd,INE712A01012,Equity
508571,COCHMAL,Cochin Malabar Estates & Industries Ltd,INE788M01017,Equity
508664,BESTEAST,Best Eastern Hotels Ltd,INE553F01035,Equity
508670,NEAGI,Neelamalai Agro Industries Ltd,INE605D01012,Equity
508807,ISTLTD,I S T Ltd,INE684B01029,Equity
508814,COSMOFIRST,Cosmo First Ltd,INE757A01017,Equity
508860,DIAMANT,Diamant Infrastructure Ltd,INE206I01026,Equity
508867,NEWMKTADV,New Markets Advisory Ltd,INE800K01014,Equity
508869,APOLLOHOSP,Apollo Hospitals Enterprise Ltd,INE437A01024,Equity
508875,NITINCAST,Nitin Castings Ltd,INE861H01020,Equity
508905,NEXOME,Nexome Capital Markets Ltd,INE641A01013,Equity
508906,EVERESTIND,Everest Industries Ltd,INE295A01018,Equity
508918,IRONWOOD,Ironwood Education Ltd,INE791H01011,Equity
508922,MSRINDIA,MSR India Ltd,INE331L01026,Equity
508929,AIRLTD,Avishkar Infra Realty Ltd,INE433O01024,Equity
508933,AYMSYNTEX,AYM Syntex Ltd,INE193B01039,Equity
508941,PANCARBON,Panasonic Carbon India Company Ltd,INE013E01017,Equity
508954,FINKURVE,Finkurve Financial Services Ltd,INE734I01027,Equity
508956,HBLEAS,HB Leasing & Finance Company Ltd,INE549B01016,Equity
508961,SHRICON,Shricon Industries Ltd,INE753D01010,Equity
508963,TRUSTWAVE,Trustwave Securities Ltd,INE668Y01016,Equity
508969,SULABEN,Sulabh Engineers & Services Ltd,INE673M01029,Equity
508980,FRONTCAP,Frontier Capital Ltd,INE977E01013,Equity
508989,NAVNETEDUL,Navneet Education Ltd,INE060A01024,Equity
508993,KEDIACN,Kedia Construction Company Ltd,INE511J01027,Equity
508996,SATRAPROP,SATRA PROPERTIES (INDIA) LTD.,INE086E01021,Equity
509003,TRANOCE,Transoceanic Properties Ltd,INE074J01018,Equity
509009,AUSOMENT,AuSom Enterprise Ltd,INE218C01016,Equity
509015,THAKRAL,Thakral Services India Ltd,INE190F01028,Equity
509020,RUCHINFRA,Ruchi Infrastructure Ltd,INE413B01023,Equity
509024,GOLDLEG,Golden Legand Leasing & finance Ltd,INE088E01019,Equity
509026,VJTFEDU,VJTF Eduservices Ltd,INE117F01013,Equity
509038,VOLLF,Voltaire Leasing & Finance Ltd,INE763D01019,Equity
509040,NETLINK,Netlink Solutions India Ltd,INE040F01033,Equity
509046,TRILIANCE,Triliance Polymers Ltd,INE778N01016,Equity
509048,LANCORHOL,Lancor Holdings Ltd,INE572G01025,Equity
509051,INDINFO,Indian Infotech & Software Ltd,INE300B01022,Equity
509053,BANASFN,Banas Finance Ltd,INE521L01030,Equity
509055,VISAKAIND,Visaka Industries Ltd,INE392A01021,Equity
509069,INFOMEDIA,Infomedia Press Ltd,INE669A01022,Equity
509073,HATHWAYB,Hathway Bhawani Cabletel & Datacom Ltd,INE525B01016,Equity
509079,GUFICBIO,Gufic Biosciences Ltd,INE742B01025,Equity
509084,PHOTON,Photon Capital Advisors Ltd,INE107J01016,Equity
509099,OSWALEA,Oswal Leasing Ltd,INE811Q01018,Equity
509152,GRPLTD,GRP Ltd,INE137I01015,Equity
509162,INDAG,Indag Rubber Ltd,INE802D01023,Equity
509196,MMRUBBR-B,MM Rubber Company Ltd,INE159E01026,Equity
509220,PTL,PTL Enterprises Ltd,INE034D01049,Equity
509243,TVSSRICHAK,TVS Srichakra Ltd,INE421C01016,Equity
509423,SEL,Sanathnagar Enterprises Ltd,INE367E01033,Equity
509438,BENARAS,Benares Hotels Ltd,INE664D01019,Equity
509449,BHAGWOX,Bhagawati Oxygen Ltd,INE026I01010,Equity
509470,BOMOXY-B1,Bombay Oxygen Investments Ltd,INE01TL01014,Equity
509472,CRAVATEX,Cravatex Ltd,INE145E01017,Equity
509480,BERGEPAINT,Berger Paints India Ltd,INE463A01038,Equity
509486,CAPRIHANS,Caprihans India Ltd,INE479A01018,Equity
509488,GRAPHITE,Graphite India Ltd,INE371A01025,Equity
509496,CEMPRO,Cemindia Projects Ltd,INE686A01026,Equity
509525,EMPIND,Empire Industries Ltd,INE515H01014,Equity
509546,GRAVISSHO,Graviss Hospitality Ltd,INE214F01026,Equity
509557,GARFIBRES,Garware Technical Fibres Ltd,INE276A01018,Equity
509563,GARWAMAR,Garware Marine Industries Ltd,INE925D01014,Equity
509567,GOACARBON,Goa Carbon Ltd,INE426D01013,Equity
509597,HARDCAS,Hardcastle & Waud Manufacturing Company Ltd,INE722D01015,Equity
509631,HEG,HEG Ltd,INE545A01024,Equity
509635,HINDCOMPOS,Hindustan Composites Ltd,INE310C01029,Equity
509650,ZHINDHSG,Hindustan Housing Company Ltd,INE083O01019,Equity
509675,BIRLANU,Birlanu Ltd,INE557A01011,Equity
509692,INDIANCARD,Indian Card Clothing Company Ltd,INE061A01014,Equity
509709,INTLCONV,International Conveyors Ltd,INE575C01027,Equity
509715,JAYSREETEA,Jay Shree Tea & Industries Ltd,INE364A01020,Equity
509732,KOTIC,Kothari Industrial Corporation Ltd,INE972A01020,Equity
509760,MODRNSH,Modern Shares & Stockbrokers Ltd,INE370A01019,Equity
509762,MAPROIN,Mapro Industries Ltd,INE848M01019,Equity
509782,OSEASPR,Oseaspre Consultants Ltd,INE880P01015,Equity
509820,HUHTAMAKI,Huhtamaki India Ltd,INE275B01026,Equity
509835,PREMSYN,Premier Synthetics Ltd,INE940N01012,Equity
509845,RJSHAH,RJ Shah & Company Ltd,INE712Z01019,Equity
509870,SHAHCON,Shah Construction Company Ltd,INE02C301011,Equity
509874,SHALPAINTS,Shalimar Paints Ltd,INE849C01026,Equity
509887,SINNAR,Sinnar Bidi Udyog Ltd,INE896E01023,Equity
509895,HINDMILL,Hindoostan Mills Ltd,INE832D01020,Equity
509910,ZSOUTGAS,Southern Gas Ltd,INE532U01012,Equity
509917,TECHCON,Technojet Consultants Ltd,INE881P01013,Equity
509930,SUPREMEIND,Supreme Industries Ltd,INE195A01028,Equity
509945,THACKER,Thacker & Company Ltd,INE077P01034,Equity
509953,TRADWIN,Trade Wings Ltd,INE961E01017,Equity
509960,UPHOT,UP Hotels Ltd,INE726E01014,Equity
509966,VSTIND,VST Industries Ltd,INE710A01016,Equity
510245,SWASTIVI,Swasti Vinayaka Synthetics Ltd,INE804A01025,Equity
511000,MADHUSE,Madhusudan Securities Ltd,INE856D01011,Equity
511012,YAMNINV,Yamini Investments Company Ltd,INE457N01025,Equity
511016,PREMCAP,Premier Capital Services Ltd,INE946K01023,Equity
511018,ZMILGFIN,Milgrey Finance & Investments Ltd,INE679T01013,Equity
511034,JINDRILL,Jindal Drilling & Industries Ltd,INE742C01031,Equity
511048,KUSUMEL,Kusam Electrical Industries Ltd,INE175Q01018,Equity
511060,JUMBFNL,Jumbo Finance Ltd,INE122N01017,Equity
511066,SAKTHIFIN,Sakthi Finance Ltd,INE302E01014,Equity
511074,EASYFIN,Easy Fincorp Ltd,INE407F01018,Equity
511076,AEROENTER,Aeroflex Enterprises Ltd,INE065D01027,Equity
511092,JMDVL,JMD Ventures Ltd,INE047E01031,Equity
511096,TVOLCON,Tivoli Construction Ltd,INE747V01014,Equity
511108,SHIVATEX,Shiva Texyarn Ltd,INE705C01020,Equity
511110,VBDESAI,V B Desai Financial Services Ltd,INE848D01018,Equity
511116,QUADRANT,Quadrant Televentures Ltd,INE527B01020,Equity
511122,1STCUS,First Custodian Fund India Ltd,INE609B01018,Equity
511131,KAMANWALA,Kamanwala Housing Construction Ltd,INE344D01018,Equity
511144,AXISOL,Axis Solutions Ltd,INE520G01024,Equity
511147,WSFX,WSFx Global Pay Ltd,INE549D01012,Equity
511153,ANJANIFOODS,Anjani Foods Ltd,INE096I01021,Equity
511169,RKDAGRRTL,RKD Agri & Retail Ltd,INE552N01023,Equity
511176,PARSHWANA,Parshwanath Corporation Ltd,INE635I01018,Equity
511185,RAJVI,Rajvi Logitrade Ltd,INE381N01019,Equity
511187,MILLENNIUM,Millennium Online Solutions ( India ) Ltd,INE570N01025,Equity
511194,ICDSLTD,ICDS Ltd,INE613B01010,Equity
511196,CANFINHOME,Can Fin Homes Ltd,INE477A01020,Equity
511200,MUNCAPM,Munoth Capital Markets Ltd,INE910G01027,Equity
511208,IVC,IL&FS Investment Managers Ltd,INE050B01023,Equity
511218,SHRIRAMFIN,Shriram Finance Ltd,INE721A01047,Equity
511243,CHOLAFIN,Cholamandalam Investment and Finance Company Ltd,INE121A01024,Equity
511246,BOMTALKIES,Bombay Talkies Ltd,INE910D01024,Equity
511254,SAGARSYST,Sagar Systech Ltd,INE771Z01015,Equity
511260,ICONIKSPEV,Iconik Sports And Events Ltd,INE088P01015,Equity
511333,VLSFINANCE,VLS Finance Ltd,INE709A01018,Equity
511355,INDCEMCAP,India Cements Capital Ltd,INE429D01017,Equity
511359,ADMANUM,Ad-Manum Finance Ltd,INE556D01017,Equity
511377,MEHIF,Mehta Integrated Finance Ltd,INE240B01012,Equity
511391,INTRGLB,Inter Globe Finance Ltd,INE661M01016,Equity
511401,MCLTD,Munoth Communication Ltd,INE410E01015,Equity
511411,SHRISTI,Shristi Infrastructure Development Corporation Ltd,INE472C01027,Equity
511413,CREST,Crest Ventures Ltd,INE559D01011,Equity
511431,VAKRANGEE,Vakrangee Ltd,INE051B01021,Equity
511441,GUJCRED,Gujarat Credit Corporation Ltd,INE034B01019,Equity
511447,SYLPH,Sylph Industries Ltd,INE706F01021,Equity
511451,DHARFIN,Dharani Finance Ltd,INE899D01011,Equity
511463,ALEXANDER,Alexander Stamps And Coin Ltd,INE191N01012,Equity
511473,INDBANK,Indbank Merchant Banking Services Ltd,INE841B01017,Equity
511493,SHRYDUS,Shrydus Industries Ltd,INE488C01015,Equity
511501,BHARAT,Bharat Bhushan Finance & Commodity Brokers Ltd,INE900A01013,Equity
511505,CAPTRUST,Capital Trust Ltd,INE707C01018,Equity
511507,USHAKIRA,Ushakiran Finance Ltd,INE697C01011,Equity
511509,VIVOBIOT,Vivo Bio Tech Ltd,INE380K01017,Equity
511523,VEERHEALTH,Veerhealth Care Ltd,INE882C01035,Equity
511525,PANINDIAC,Pan India Corporation Ltd,INE376A01032,Equity
511533,SAHARAHOUS,Sahara Housingfina Corporation Ltd,INE135C01012,Equity
511535,NDASEC,NDA Securities Ltd,INE026C01013,Equity
511539,SUPRATRE,Supra Trends Ltd,INE533B01028,Equity
511543,GSBFIN,GSB Finance Ltd,INE777C01011,Equity
511549,MORARKFI,Morarka Finance Ltd,INE367A01015,Equity
511551,MONARCH,Monarch Networth Capital Ltd,INE903D01011,Equity
511557,PROFINC,Pro Fin Capital Services Ltd,INE732K01027,Equity
511559,TEAMGTY,Team India Guaranty Ltd,INE289C01025,Equity
511563,SANCF,Sanchay Finvest Ltd,INE654D01010,Equity
511571,SODFC,Som Datt Finance Corporation Ltd,INE754C01010,Equity
511577,SAVFI,Savani Financials Ltd,INE304E01010,Equity
511585,BEFOUNDMOL,Befound Movement Ltd,INE425F01028,Equity
511589,AVONMORE,Avonmore Capital & Management Services Ltd,INE323B01024,Equity
511593,LIBORDFIN,Libord Finance Ltd,INE212B01011,Equity
511601,YASHMGM,Yash Management & Satellite Ltd,INE216B01012,Equity
511605,ARIHANTCAP,Arihant Capital Markets Ltd,INE420B01036,Equity
511609,ISLCONSUL,ISL Consulting Ltd,INE569B01022,Equity
511611,DCMFINSERV,DCM Financial Services Ltd,INE891B01012,Equity
511626,RRFIN,RR Financial Consultants Ltd,INE229D01011,Equity
511628,FEDDERSHOL,Fedders Holding Ltd,INE417D01020,Equity
511630,SAMBHAAV,Sambhaav Media Ltd,INE699B01027,Equity
511632,OLYMTFI,Olympic Management & Financial Services Ltd,INE091N01014,Equity
511634,AXENTRA,Axentra Corp Ltd,INE919M01026,Equity
511636,DJSSS,DJS Stock & Shares Ltd,INE234E01027,Equity
511644,OMEGAIN,Omega Interactive Technologies Ltd,INE113B01029,Equity
511654,SUGALDAM,Sugal & Damani Share Brokers Ltd,INE309D01011,Equity
511658,NETTLINX,Nettlinx Ltd,INE027D01019,Equity
511660,PREMCAPM,Premium Capital Market & Investments Ltd,INE555D01019,Equity
511664,BGIL,BGIL Films & Technologies Ltd,INE443D01018,Equity
511672,SCANSTL,Scan Steels Ltd,INE099G01011,Equity
511676,GICHSGFIN,GIC Housing Finance Ltd,INE289B01019,Equity
511688,MATHEWE,Mathew Easow Research Securities Ltd,INE963B01019,Equity
511692,AJCON,Ajcon Global Services Ltd,INE759C01027,Equity
511696,CHRTEDCA,Chartered Capital & Investment Ltd,INE953B01010,Equity
511700,STANCAP,Standard Capital Markets Ltd,INE625D01028,Equity
511702,YOGI,YOGI Ltd,INE290E01011,Equity
511710,CUBIFIN,Cubical Financial Services Ltd,INE717D01023,Equity
511712,RELICTEC,Relic Technologies Ltd,INE452B01013,Equity
511714,NIMBSPROJ,Nimbus Projects Ltd,INE875B01015,Equity
511716,INVIGO,Invigorated Business Consulting Ltd,INE359A01012,Equity
511724,BAIDFIN,Baid Finserv Ltd,INE020D01022,Equity
511726,VIPULLTD,Vipul Ltd,INE946H01037,Equity
511728,KZLFIN,KZ Leasing & Finance Ltd,INE006C01015,Equity
511730,AVASARA,Avasara Finance Ltd,INE759D01017,Equity
511734,PASUFIN,Pasupati Fincap Ltd,INE527C01010,Equity
511738,MEHSECU,Mehta Securities Ltd,INE241B01010,Equity
511740,RFL,Ruparel Food Products Ltd,INE239B01014,Equity
511742,UGROCAP,Ugro Capital Ltd,INE583D01011,Equity
511754,SAHLIBHFI,Shalibhadra Finance Ltd,INE861D01011,Equity
511756,ABIRAFN,Abirami Financial Services India Ltd,INE195I01013,Equity
511758,MANSIFIN,Mansi Finance (Chennai) Ltd,INE094E01017,Equity
511760,SEVENHILL,Seven Hill Industries Limited,INE518D01025,Equity
511764,AASTAFIN,Aastamangalam Finance Ltd,INE819K01014,Equity
511766,MUTHOOTCAP,Muthoot Capital Services Ltd,INE296G01013,Equity
511768,MASTERTR,Master Trust Ltd,INE677D01037,Equity
512004,ZNILKENG,Nilkanth Engineering Ltd,INE582V01015,Equity
512008,EFCIL,EFC (I) Ltd,INE886D01026,Equity
512014,SOBME,Sobhagya Mercantile Ltd,INE754D01018,Equity
512018,TTGIL,Tomorrow Technologies Global Innovations Ltd,INE135H01029,Equity
512020,ZSARACOM,Saraswati Commercial India Ltd,INE967G01019,Equity
512022,WINROC,Winro Commercial India Ltd,INE837E01019,Equity
512024,NDMETAL,ND Metal Industries Ltd,INE643D01013,Equity
512025,BANGANGA,Banganga Paper Industries Ltd,INE767M01029,Equity
512026,VEGA,Vega Jewellers Ltd,INE603D01017,Equity
512036,KAPILCO,Kapil Cotex Ltd,INE393H01016,Equity
512038,TCC,TCC Concept Ltd,INE887D01016,Equity
512047,ROYALIND,Royal India Corporation Ltd,INE510H01015,Equity
512048,DHANSAFAL,Dhansafal Finserve Ltd,INE195E01020,Equity
512060,SHYAM,Ventura Guaranty Ltd,INE139J01019,Equity
512062,ZSANMCOM,Sanmitra Commercial Ltd,INE896J01014,Equity
512063,WARDHEALTH,Wardwizard Healthcare Ltd,INE048E01013,Equity
512064,VISVEN,Vishvprabha Ventures Ltd,INE762D01011,Equity
512065,MRUTR,Mrugesh Trading Ltd,INE738D01029,Equity
512068,DECNGOLD,Deccan Gold Mines Ltd,INE945F01025,Equity
512070,UPL,UPL Ltd,INE628A01036,Equity
512091,NIBEORD,Nibe Ordnance and Maritime Ltd,INE425H01016,Equity
512093,CRANESSOFT,Cranes Software International Ltd,INE234B01023,Equity
512097,SAICOM,Saianand Commercial Ltd,INE092G01024,Equity
512099,EY,Eyantra Ventures Ltd,INE750G01019,Equity
512101,TRIPR,Triochem Products Ltd,INE331E01013,Equity
512103,NIDHGRN,Nidhi Granites Ltd,INE276H01013,Equity
512109,AVIVA,Aviva Industries Ltd,INE461H01011,Equity
512115,ROSEMER,Rose Merc Ltd,INE649C01012,Equity
512117,TWIROST,Twin Roses Trades & Agencies Ltd,INE436U01016,Equity
512131,SIGIND,Signet Industries Ltd,INE529F01035,Equity
512147,KAJALSY,Kajal Synthetics & Silk Mills Ltd,INE956V01011,Equity
512149,AVANCE,Avance Technologies Ltd,INE758A01072,Equity
512153,MLINDLTD,M Lakhamsi Industries Ltd,INE808W01012,Equity
512157,TERRAREAL,Terraform Realstate Ltd,INE123V01018,Equity
512161,SECURKLOUD,Securekloud Technologies Ltd,INE650K01021,Equity
512165,ABANSENT,Abans Enterprises Ltd,INE365O01028,Equity
512169,CAPRICORN,Capricorn Systems Global Solutions Ltd,INE968E01012,Equity
512175,VAMA,Vama Industries Ltd,INE685D01022,Equity
512179,SUNTECK,Sunteck Realty Ltd,INE805D01034,Equity
512195,BENTCOM,Bentley Commercial Enterprises Ltd,INE496M01017,Equity
512197,SILVERO,Silveroak Commercials Ltd,INE798C01017,Equity
512213,CLASELE,Classic Electricals Ltd,INE02BR01017,Equity
512217,PRISMMEDI,Prism Medico and Pharmacy Ltd,INE730E01016,Equity
512221,SPVGLOBAL,SPV Global Trading Ltd,INE177E01010,Equity
512229,VERITAS,Veritas (India) Ltd,INE379J01029,Equity
512233,JAYTEX,Jaybharat Textiles and Real Estate Ltd,INE091E01039,Equity
512237,JAICORPLTD,Jai Corp Ltd,INE070D01027,Equity
512245,ZNIVITRD,Nivi Trading Ltd,INE552F01011,Equity
512247,ASHCAP,Ashirwad Capital Ltd,INE894A01026,Equity
512257,SVARTCORP,Swasti Vinayaka Art And Heritage Corporation Ltd,INE895A01023,Equity
512261,BAJGLOB,Bajaj Global Ltd,INE553H01015,Equity
512265,AVONMERC,Avon Mercantile Ltd,INE471D01019,Equity
512267,MMWL,Media Matrix Worldwide Ltd,INE200D01020,Equity
512271,TASHIND,Tashi India Ltd,INE552H01017,Equity
512277,AUTOINT,Autoriders International Ltd,INE340U01010,Equity
512279,NNTL,N2N Technologies Ltd,INE043F01011,Equity
512291,ZSPEEDCO,Speedage Commercials Ltd,INE497M01015,Equity
512296,BHAGYANGR,Bhagyanagar India Ltd,INE458B01036,Equity
512297,SHANTAI,Shantai Industries Ltd,INE408F01024,Equity
512301,CHMBBRW,Chambal Breweries & Distilleries Ltd,INE417N01011,Equity
512303,ZMANSOON,Mansoon Trading Company Ltd,INE776V01013,Equity
512329,SGMART,SG Mart Ltd,INE385F01024,Equity
512341,CESL,CES Limited,INE396F01013,Equity
512344,ARAVALIS,Aravali Securities & Finance Ltd,INE068C01015,Equity
512345,YASTF,Yash Trading & Finance Ltd,INE745A01012,Equity
512361,CUPIDALBV,Cupid Breweries And Distilleries Ltd,INE108G01010,Equity
512367,ZSHERAPR,Sheraton Properties & Finance Ltd,INE495M01019,Equity
512377,MAGANTR,Magnanimous Trade & finance Ltd,INE664N01018,Equity
512379,CRSL,Cressanda Railway Solutions Ltd,INE716D01033,Equity
512381,STARTECK,Starteck Finance Ltd,INE992I01013,Equity
512393,SHARDUL,Shardul Securities Ltd,INE037B01020,Equity
512399,SERA,Sera Investments & Finance India Ltd,INE017I01027,Equity
512404,BENGALS,Bengal Steel Industries Ltd,INE523W01017,Equity
512405,IPOWER,I-Power Solutions India Ltd,INE468F01010,Equity
512408,UNIWSEC,Uniworth Securities Ltd,INE728J01019,Equity
512415,MERCTRD,Mercury Trade Links Ltd,INE319T01016,Equity
512425,NIRAVCOM,Nirav Commercials Ltd,INE242B01018,Equity
512431,WHITHAL,White Hall Commercial Company Ltd,INE416X01012,Equity
512433,ASUTENT,Asutosh Enterprise Ltd,INE508W01018,Equity
512437,APOLLOFI,Apollo Finvest India Ltd,INE412D01013,Equity
512439,ESQRMON,Esquire Money Guarantees Ltd,INE0HMN01013,Equity
512441,ENBETRD,Enbee Trade & Finance Ltd,INE993I01029,Equity
512443,GANONPRO,Ganon Products Ltd,INE162L01017,Equity
512445,DEVITRD,Devinsu Trading Ltd,INE07LH01016,Equity
512453,SHRJAGP,Shri Jagdamba Polymers Ltd,INE564J01026,Equity
512455,LLOYDSME,Lloyds Metals and Energy Ltd,INE281B01032,Equity
512461,PUNCTRD,Punctual Trading Ltd,INE07NX01019,Equity
512463,LLOYDSENT,Lloyds Enterprises Ltd,INE080I01025,Equity
512477,BETXIND,Betex India Ltd,INE765L01017,Equity
512479,VIRYA,Virya Resources Ltd,INE661K01010,Equity
512481,POLYTEX,Polytex India Ltd,INE012F01016,Equity
512485,DHANCOT,Dhanlaxmi Cotex Ltd,INE977F01010,Equity
512489,OASISEC,Oasis Securities Ltd,INE876A01023,Equity
512493,GARNETINT,Garnet International Ltd,INE590B01010,Equity
512499,SHALPRO,Shalimar Productions Ltd,INE435E01020,Equity
512505,MEENST,Meenakshi Steel Industries Ltd,INE721V01019,Equity
512511,VARUNME,Varun Mercantile Ltd,INE442U01014,Equity
512517,VINVANI,Vinayak Vanijya Ltd,INE132V01019,Equity
512519,DONEAR,Donear Industries Ltd,INE668D01028,Equity
512527,SUPER,Super Sales India Ltd,INE091C01017,Equity
512529,SEQUENT,Sequent Scientific Ltd,INE807F01027,Equity
512531,STCINDIA,State Trading Corporation of India Ltd,INE655A01013,Equity
512553,ZENITHEXPO,Zenith Exports Ltd,INE058B01018,Equity
512559,KOHINOOR,Kohinoor Foods Ltd,INE080B01012,Equity
512565,NEELKANTH,Neelkanth Ltd,INE581D01015,Equity
512573,AVANTIFEED,Avanti Feeds Ltd,INE871C01038,Equity
512587,ZODJRDMKJ,Zodiac-JRD-MKJ Ltd,INE077B01018,Equity
512589,SITAENT,Sita Enterprises Ltd,INE579D01019,Equity
512591,PULSRIN,Pulsar International Ltd,INE183U01022,Equity
512595,MANBRO,Manbro Industries Ltd,INE348N01034,Equity
512597,KEYFINSERV,Keynote Financial Services Ltd,INE681C01015,Equity
512599,ADANIENT,Adani Enterprises Ltd,INE423A01024,Equity
512600,ASTALLTD,Astal Laboratories Ltd,INE307N01014,Equity
512604,HARIAEXPO,Haria Exports Ltd,INE772B01014,Equity
512608,BHANDARI,Bhandari Hosiery Exports Ltd,INE474E01029,Equity
512618,RLF,RLF Ltd,INE629C01014,Equity
512624,REGENTRP,Regent Enterprises Ltd,INE769D01016,Equity
512626,ORBTEXP,Orbit Exports Ltd,INE231G01010,Equity
512634,SAVERA,Savera Industries Ltd,INE104E01014,Equity
513005,CHROME,Chrome Silicon Ltd,INE114E01013,Equity
513012,ZJEETMAC,Jeet Machine Tools Ltd,INE987E01012,Equity
513023,NAVA,Nava Ltd,INE725A01030,Equity
513039,ZHINUDYP,Hindusthan Udyog Ltd,INE582K01018,Equity
513043,REMIEDEL,Remi Edelstahl Tubulars Ltd,INE158G01015,Equity
513059,GSAUTO,GS Auto International Ltd,INE736H01024,Equity
513063,TRANSFRE,Trans Freight Containers Ltd,INE360D01014,Equity
513097,SBCL,Shivalik Bimetal Controls Ltd,INE386D01027,Equity
513108,GANDHITUBE,Gandhi Special Tubes Ltd,INE524B01027,Equity
513117,AMFORG,Amforge Industries Ltd,INE991A01020,Equity
513119,ONIXSOLAR,Onix Solar Energy Ltd,INE173M01012,Equity
513121,ORICONENT,Oricon Enterprises Ltd,INE730A01022,Equity
513149,ACROW,Acrow India Ltd,INE950D01012,Equity
513173,STLSTRINF,Steel Strips Infrastructures Ltd,INE205F01016,Equity
513228,PENIND,Pennar Industries Ltd,INE932A01024,Equity
513250,JYOTISTRUC,Jyoti Structures Ltd,INE197A01024,Equity
513252,JAYUSH,Jay Ushin Ltd,INE289D01015,Equity
513262,SSWL,Steel Strips Wheels Ltd,INE802C01033,Equity
513269,MANINDS,Man Industries (India) Ltd,INE993A01026,Equity
513295,IMEC,Imec Services Ltd,INE611C01020,Equity
513303,MDRNSTL,Modern Steels Ltd,INE001F01019,Equity
513307,SYNTHFO,Synthiko Foils Ltd,INE363L01045,Equity
513309,GOLKONDA,Golkonda Aluminium Extrusions Ltd,INE327C01031,Equity
513337,GUJTLRM,Gujarat Toolroom Ltd,INE145J01032,Equity
513343,GFSTEELS,Grand Foundry Ltd,INE534A01028,Equity
513349,AJMERA,Ajmera Realty & Infra India Ltd,INE298G01027,Equity
513353,COCHINM,Cochin Minerals & Rutiles Ltd,INE105D01013,Equity
513361,INDIAHOMES,India Homes Ltd,INE072A01029,Equity
513369,KVFORGE,Krishanveer Forge Ltd,INE013J01016,Equity
513375,CARBORUNIV,Carborundum Universal Ltd,INE120A01034,Equity
513377,MMTC,MMTC Ltd,INE123F01029,Equity
513397,VALLABHSQ,Vallabh Steels Ltd,INE457E01016,Equity
513401,ASHIS,ASHIANA ISPAT LTD.,INE587D01012,Equity
513403,PMTELELIN,P.M. Telelinnks Ltd,INE092C01015,Equity
513418,SMFIL,Smiths & Founders (India) Ltd,INE728B01032,Equity
513422,BLOIN,Bloom Industries Ltd,INE373E01015,Equity
513430,MAITRI,Maitri Enterprises Ltd,INE501L01024,Equity
513436,SHAHALLOYS,Shah Alloys Ltd,INE640C01011,Equity
513452,ELANGO,Elango Industries Ltd,INE594D01018,Equity
513456,KANSHST,Kanishk Steel Industries Ltd,INE791E01018,Equity
513460,MAHALXSE,Mahalaxmi Seamless Ltd,INE257F01017,Equity
513472,SIMPLEXCAS,Simplex Castings Ltd,INE658D01011,Equity
513488,SSWRL,Shree Steel Wire Ropes Ltd,INE387D01025,Equity
513496,SIZEMASTER,Sizemasters Technology Ltd,INE235U01012,Equity
513498,SOUTHMG,Southern Magnesium & Chemicals Ltd,INE308N01012,Equity
513502,BAROEXT,Baroda Extrusion Ltd,INE927K01023,Equity
513507,GUJCONT,Gujarat Containers Ltd,INE276I01011,Equity
513509,KALYANIFRG,Kalyani Forge Ltd,INE314G01014,Equity
513511,PANCHMAHQ,Panchmahal Steel Ltd,INE798F01010,Equity
513513,ADITYA,Aditya Ispat Ltd,INE570B01012,Equity
513515,SRIND,S.R.INDUSTRIES LTD.,INE329C01011,Equity
513517,STEELCAS,Steelcast Ltd,INE124E01038,Equity
513519,PITTIENG,Pitti Engineering Ltd,INE450D01021,Equity
513528,GLITTEKG,Glittek Granites Ltd,INE741B01027,Equity
513532,PRADPME,Pradeep Metals Ltd,INE770A01010,Equity
513536,GNRL,Gujarat Natural Resources Ltd,INE207H01018,Equity
513540,TNSTLTU,Tamilnadu Steel Tubes Ltd,INE176E01012,Equity
513544,MSCTC,Mardia Samyoung Capillary Tubes Company Ltd,INE277E01026,Equity
513548,SHRDAIS,Sharda Ispat Ltd,INE385M01012,Equity
513554,MAHASTEEL,Mahamaya Steel Industries Ltd,INE451L01014,Equity
513566,NOVIS,Nova Iron & Steel Ltd,INE608C01026,Equity
513575,STERPOW,Sterling Powergensys Ltd,INE067E01013,Equity
513579,FFPL,Foundry Fuel Products Ltd,INE617C01027,Equity
513599,HINDCOPPER,Hindustan Copper Ltd,INE531E01026,Equity
513629,TULSYAN,Tulsyan NEC Ltd,INE463D01016,Equity
513642,AXELPOLY,Axel Polymers Ltd,INE197C01012,Equity
513683,NLCINDIA,NLC India Ltd,INE589A01014,Equity
513687,SPECTRA,Spectra Industries Ltd,INE848B01012,Equity
513693,KAJARIR,KIC Metaliks Ltd,INE434C01027,Equity
513699,SOLIDSTON,Solid Stone Company Ltd,INE584G01012,Equity
513709,SHILGRAVQ,Shilp Gravures Ltd,INE960A01017,Equity
513713,WHITEORG,White Organic Agro Ltd,INE146C01019,Equity
513721,MFSINTRCRP,MFS Intercorp Ltd,INE614F01019,Equity
513729,AROGRANITE,Aro Granite Industries Ltd,INE210C01013,Equity
514010,RUDRAECO,Rudra Ecovation Ltd,INE723D01021,Equity
514028,RAJKSYN,Rajkamal Synthetics Ltd,INE376L01013,Equity
514030,DEEPAKSP,Deepak Spinners Ltd,INE272C01013,Equity
514036,LOYALTEX,Loyal Textile Mills Ltd,INE970D01010,Equity
514043,HIMATSEIDE,Himatsingka Seide Ltd,INE049A01027,Equity
514045,BSL,BSL Ltd,INE594B01012,Equity
514060,NEWTRAC,Newtrac Foods & Beverages Ltd,INE229N01010,Equity
514087,PBMPOLY,PBM Polytex Ltd,INE501F01018,Equity
514113,ADINATH,Adinath Textiles Ltd,INE207C01019,Equity
514128,KONARKSY,Konark Synthetic Ltd,INE517D01019,Equity
514138,SURYALA,Suryalata Spinning Mills Ltd,INE132C01027,Equity
514140,SURYVANSP,Suryavanshi Spinning Mills Ltd,INE431C01023,Equity
514142,TTL,T T Ltd,INE592B01024,Equity
514162,WELSPUNLIV,Welspun Living Ltd,INE192B01031,Equity
514165,INDIANACRY,Indian Acrylics Ltd,INE862B01013,Equity
514167,GANECOS,Ganesha Ecosphere Ltd,INE845D01014,Equity
514171,CEETAIN,Ceeta Industries Ltd,INE760J01012,Equity
514175,VARDMNPOLY,Vardhman Polytex Ltd,INE835A01029,Equity
514177,RISHYRN,Rishab Special Yarns Ltd,INE351D01013,Equity
514183,BLACKROSE,Black Rose Industries Ltd,INE761G01016,Equity
514197,STCORP,S & T Corporation Ltd,INE110Q01023,Equity
514211,SUMEETINDS,Sumeet Industries Ltd,INE235C01036,Equity
514221,KLIFESTYL,K-Lifestyle & Industries Ltd,INE218A01028,Equity
514223,RAMGOPOLY,Ramgopal Polytex Ltd,INE410D01017,Equity
514234,SANGAMIND,Sangam India Ltd,INE495C01010,Equity
514236,TTLEL,TTL Enterprises Ltd,INE664X01025,Equity
514238,MKVENTURES,Mkventures Capital Ltd,INE874A01010,Equity
514240,KUSHIND,Kush Industries Ltd,INE979D01011,Equity
514248,SRECR,Sreechem Resins Ltd,INE377C01010,Equity
514260,SURBHIN,Surbhi Industries Ltd,INE899E01019,Equity
514264,SEASONST,Seasons Textiles Ltd,INE707B01010,Equity
514266,ZENIFIB,Zenith Fibres Ltd,INE106C01013,Equity
514272,BHILSPIN,Bhilwara Spinners Ltd,INE436C01014,Equity
514274,VGL,Varvee Global Ltd,INE273D01019,Equity
514280,SANTETX,Sanrhea Technical Textiles Ltd,INE589J01015,Equity
514286,ASHIMASYN,Ashima Ltd,INE440A01010,Equity
514300,PIONEEREMB,Pioneer Embroideries Ltd,INE156C01018,Equity
514302,VIPPYSP,Vippy Spinpro Ltd,INE660D01017,Equity
514312,JAIHINDS,Jaihind Synthetics Ltd,INE156E01014,Equity
514316,RAGHUSYN,Raghuvir Synthetics Ltd,INE969C01022,Equity
514318,JATTAINDUS,Jattashankar Industries Ltd,INE722N01014,Equity
514322,KAMADGIRI,Kamadgiri Fashion Ltd,INE535C01013,Equity
514324,OMNITEX,Omnitex Industries India Ltd,INE814D01010,Equity
514326,PATSPINLTD,Patspin India Ltd,INE790C01014,Equity
514330,ONEGLOBAL,One Global Service Provider Ltd,INE670O01013,Equity
514332,NEOINFRA,Neo Infracon Ltd,INE216I01017,Equity
514336,GENESIS,Genesis Ibrc India Ltd,INE194N01016,Equity
514348,WINSOME,Winsome Yarns Ltd,INE784B01035,Equity
514354,PREMIERPOL,Premier Polyfilm Ltd,INE309M01020,Equity
514358,EVERFIN,Everlon Financials Ltd,INE339D01034,Equity
514360,KRRAIL,K&R Rail Engineering Ltd,INE078T01026,Equity
514378,YARNSYN,Yarn Syndicate Ltd,INE564C01013,Equity
514386,GUJCOTEX,Gujarat Cotex Ltd,INE004C01028,Equity
514400,GARWSYN,Garware Synthetics Ltd,INE340D01016,Equity
514402,ECOHOTELS,Eco Hotels And Resorts Ltd,INE638N01012,Equity
514412,SARUPINDUS,Sarup Industries Ltd,INE305D01019,Equity
514414,OXFORDIN,Oxford Industries Ltd,INE114D01015,Equity
514418,MANORG,Mangalam Organics Ltd,INE370D01013,Equity
514428,HINDADH,Hindustan Adhesives Ltd,INE074C01013,Equity
514440,BPAGRI,Blue Pearl Agriventures Ltd,INE439N01031,Equity
514442,SRIKPRIND,Sri KPR Industries Ltd,INE009C01019,Equity
514448,JYOTIRES,Jyoti Resins & Adhesives Ltd,INE577D01013,Equity
514450,MHLXMIRU,Mahalaxmi Rubtech Ltd,INE112D01035,Equity
514454,SOUTLAT,Southern Latex Ltd,INE410M01018,Equity
514460,OSWAYRN,Oswal Yarns Ltd,INE670H01017,Equity
514470,WINSOMTX,Winsome Textile Industries Ltd,INE837B01031,Equity
515008,MODINSU,Modern Insulators Ltd,INE219W01012,Equity
515018,REGENCERAM,Regency Ceramics Ltd,INE277C01012,Equity
515030,ASAHIINDIA,Asahi India Glass Ltd,INE439A01020,Equity
515037,MURUDCERA,Murudeshwar Ceramics Ltd,INE692B01014,Equity
515043,SEKURITIND,Saint Gobain Sekurit India Ltd,INE068B01017,Equity
515055,ANANTRAJ,Anant Raj Ltd,INE242C01024,Equity
515059,MADHUDIN,Madhusudan Industries Ltd,INE469C01023,Equity
515085,RESTILE,Restile Ceramics Ltd,INE298E01022,Equity
515093,MADHAV,Madhav Marbles & Granites Ltd,INE925C01016,Equity
515127,RAMASIGNS,Ramasigns Industries Ltd,INE650D01026,Equity
515145,HINDNATGLS,HINDUSTHAN NATIONAL GLASS & INDUSTRIES LTD.,INE952A01022,Equity
515147,HALDYNGL,Haldyn Glass Ltd,INE506D01020,Equity
516003,DUROPLY,Duroply Industries Ltd,INE932D01010,Equity
516016,SHREYANIND,Shreyans Industries Ltd,INE231C01019,Equity
516020,AGIOPAPER,Agio Paper & Industries Ltd,INE112C01011,Equity
516022,STARPAPER,Star Paper Mills Ltd,INE733A01018,Equity
516030,PAKKA,Pakka Ltd,INE551D01018,Equity
516032,TAHMARENT,Tahmar Enterprises Ltd,INE385D01029,Equity
516038,SOMAPPR,Soma Papers & Industries Ltd,INE737E01011,Equity
516062,NATPLY,National Plywood Industries Ltd,INE497C01016,Equity
516064,ARROWGREEN,Arrow Greentech Ltd,INE570D01018,Equity
516072,VISHNU,Vishnu Chemicals Ltd,INE270I01022,Equity
516078,JUMBO,Jumbo Bag Ltd,INE699D01015,Equity
516082,NRAIL,NR Agarwal Industries Ltd,INE740D01017,Equity
516092,3PLAND,3P Land Holdings Ltd,INE105C01023,Equity
516096,SANPA,Sangal Papers Ltd,INE384D01022,Equity
516098,VENTURA,Ventura Textiles Ltd,INE810C01044,Equity
516106,SHKARTP,Shree Karthik Papers Ltd,INE538D01015,Equity
516108,STHINPA,South India Paper Mills Ltd,INE088G01014,Equity
516110,FAMILYCARE,Family Care Hospitals Ltd,INE146N01016,Equity
517015,VINDHYATEL,Vindhya Telelinks Ltd,INE707A01012,Equity
517035,RIR,RIR Power Electronics Ltd,INE302D01024,Equity
517041,ADOR,Ador Welding Ltd,INE045A01017,Equity
517044,IDM,International Data Management Ltd,INE649R01010,Equity
517059,SALZERELEC,Salzer Electronics Ltd,INE457F01013,Equity
517063,JETKINGQ,Jetking Infotrain Ltd,INE919C01019,Equity
517077,INDAGIV,Ind Agiv Commerce Ltd,INE115E01010,Equity
517096,APLAB,Aplab Ltd,INE273A01015,Equity
517119,PCS,PCS Technology Ltd,INE834B01012,Equity
517146,USHAMART,Usha Martin Ltd,INE228A01035,Equity
517166,SPELS,SPEL Semiconductor Ltd,INE252A01019,Equity
517168,SUBROS,Subros Ltd,INE287B01021,Equity
517170,EDVENSWA,Edvenswa Enterprises Ltd,INE125G01014,Equity
517172,PERVASIVE,Pervasive Commodities Ltd,INE443P01038,Equity
517174,HONAUT,Honeywell Automation India Ltd,INE671A01010,Equity
517201,SWITCHTE,Switching Technologies Gunther Ltd,INE311D01017,Equity
517206,LUMAXIND,Lumax Industries Ltd,INE162B01018,Equity
517214,DIGISPICE,Digispice Technologies Ltd,INE927C01020,Equity
517236,CALCOM,Calcom Vision Ltd,INE216C01010,Equity
517238,DYNAVSN,Dynavision Ltd,INE083E01010,Equity
517246,BCCFUBA,BCC Fuba India Ltd,INE788D01016,Equity
517258,PRECISIO,Precision Electronics Ltd,INE143C01024,Equity
517264,FINELINE,Fine Line Circuits Ltd,INE087E01011,Equity
517271,HBLENGINE,HBL Engineering Ltd,INE292B01021,Equity
517273,S&SPOWER,S&S Power Switchgear Ltd,INE902B01017,Equity
517286,RNITAI,Rnit Ai Solutions Ltd,INE335Q01026,Equity
517288,GUJARATPOLY,Gujarat Poly Electronics Ltd,INE541F01022,Equity
517300,GIPCL,Gujarat Industries Power Company Ltd,INE162A01010,Equity
517320,MAGNUS,Magnus Steel and Infra Ltd,INE898E01011,Equity
517330,CMICABLES,CMI Ltd,INE981B01011,Equity
517334,MOTHERSON,Samvardhana Motherson International Ltd,INE775A01035,Equity
517336,MODMA,Modern Malleables Ltd,INE834C01028,Equity
517344,MINDTECK,Mindteck (India) Ltd,INE110B01017,Equity
517354,HAVELLS,Havells India Ltd,INE176B01034,Equity
517356,ACIIN,ACI Infocom Ltd,INE167B01025,Equity
517360,SBECSYS,SBEC Systems India Ltd,INE689V01018,Equity
517370,INCAP,Incap Ltd,INE437C01012,Equity
517372,GUJINTRX,Gujarat Intrux Ltd,INE877E01015,Equity
517380,IGARASHI,Igarashi Motors India Ltd,INE188B01013,Equity
517385,SYMPHONY,Symphony Ltd,INE225D01027,Equity
517393,VINTRON,Vintron Informatics Ltd,INE043B01028,Equity
517397,PANELEC,Pan Electronics India Ltd,INE648E01010,Equity
517399,VXLINSTR,VXL Instruments Ltd,INE756A01019,Equity
517411,SHYAMTEL,Shyam Telecom Ltd,INE635A01023,Equity
517415,LEENEE,Lee & Nee Softwares Exports Ltd,INE791B01014,Equity
517417,PATELSAI,Patels Airtemp India Ltd,INE082C01024,Equity
517421,BUTTERFLY,Butterfly Gandhimathi Appliances Ltd,INE295F01017,Equity
517423,INTEGSW,Integra Switchgear Ltd,INE0IPL01018,Equity
517429,ATHENAGLO,Athena Global Technologies Ltd,INE576B01019,Equity
517431,NARMP,Narmada Macplast Drip Irrigation Systems Ltd,INE060D01028,Equity
517437,DUTRON,Dutron Polymers Ltd,INE940C01015,Equity
517447,RSSOFTWARE,R.S. Software (India) Ltd,INE165B01029,Equity
517449,MAGNAELQ,Magna Electro Castings Ltd,INE437D01010,Equity
517467,MARSONS,Marsons Ltd,INE415B01044,Equity
517477,ELNET,Elnet Technologies Ltd,INE033C01019,Equity
517494,ACCEL,Accel Ltd,INE258C01038,Equity
517498,WEBELSOLAR,Websol Energy System Ltd,INE855C01023,Equity
517500,ROTO,Roto Pumps Ltd,INE535D01037,Equity
517506,TTKPRESTIG,TTK Prestige Ltd,INE690A01028,Equity
517514,DHINDIA,D & H India Ltd,INE589D01018,Equity
517522,RAJRATAN,Rajratan Global Wire Ltd,INE451D01029,Equity
517530,SURANAT&P,Surana Telecom and Power Ltd,INE130B01031,Equity
517536,ONWARDTEC,Onward Technologies Ltd,INE229A01017,Equity
517544,CENTUM,Centum Electronics Ltd,INE320B01020,Equity
517546,ALFATRAN,Alfa Transformers Ltd,INE209C01015,Equity
517554,NHCFOODS,NHC Foods Ltd,INE141C01036,Equity
517556,PVP,PVP Ventures Ltd,INE362A01016,Equity
517562,TRIGYN,Trigyn Technologies Ltd,INE948A01012,Equity
517564,CLENON,Clenon Enterprises Ltd,INE769B01028,Equity
517569,KEI,KEI Industries Ltd,INE878B01027,Equity
518011,KEERTHI,Keerthi Industries Ltd,INE145L01012,Equity
518017,BHEEMACEM,BHEEMA CEMENTS LTD.,INE333H01020,Equity
518053,SRICC,Sri Chakra Cement Ltd,INE827D01020,Equity
518075,SURAJ,Suraj Products Ltd,INE069E01019,Equity
518091,APCL,Anjani Portland Cement Ltd,INE071F01012,Equity
519003,MODINATUR,Modi Naturals Ltd,INE537F01012,Equity
519014,PRSNTIN,Prashant India Ltd,INE100E01012,Equity
519031,SHAHFOOD,Shah Foods Ltd,INE455D01012,Equity
519064,ZKHANDEN,Khandelwal Extractions Ltd,INE687W01010,Equity
519091,TASTYBITE,Tasty Bite Eatables Ltd,INE488B01017,Equity
519097,RITESHIN,Ritesh International Ltd,INE534D01014,Equity
519105,AVTNPL,AVT Natural Products Ltd,INE488D01021,Equity
519126,HNDFDS,Hindustan Foods Ltd,INE254N01026,Equity
519136,NAHARINDUS,Nahar Industrial Enterprises Ltd,INE289A01011,Equity
519152,VADILENT,Vadilal Enterprises Ltd,INE693D01018,Equity
519156,VADILALIND,Vadilal Industries Ltd,INE694D01016,Equity
519174,ASHAI,Ashiana Agro Industries Ltd,INE709D01012,Equity
519183,ADFFOODS,Adf Foods Ltd,INE982B01027,Equity
519191,RGRL,Retro Green Revolution Ltd,INE601N01010,Equity
519214,WILLIMFI,Williamson Financial Services Ltd,INE188E01017,Equity
519216,AJANTSOY,Ajanta Soya Ltd,INE601B01023,Equity
519224,WILLAMAGOR,Williamson Magor & Company Ltd,INE210A01017,Equity
519230,KISAAN,Kisaan Parivar Industries Ltd,INE102C01020,Equity
519234,SIEL,Superior Industrial Enterprises Ltd,INE843L01012,Equity
519238,SPTRSHI,Saptarishi Agro Industries Ltd,INE233P01017,Equity
519242,SRDAPRT,Sarda Proteins Ltd,INE995U01011,Equity
519260,SANWARIA,Sanwaria Consumer Ltd,INE890C01046,Equity
519262,PRIMAGR,Prima Agro Ltd,INE297D01018,Equity
519279,MADHURIND,Madhur Industries Ltd,INE110C01015,Equity
519285,TARAI,Tarai Foods Ltd,INE906C01016,Equity
519287,MODAIRY,Modern Dairies Ltd,INE617B01011,Equity
519295,BAMBINO,Bambino Agro Industries Ltd,INE921D01013,Equity
519299,PRIMIND,Prime Industries Ltd,INE543F01028,Equity
519307,VIKASWSP,Vikas WSP Ltd,INE706A01022,Equity
519331,VSFPROJ,VSF Projects Ltd,INE923K01014,Equity
519353,BANSTEA,Bansisons Tea Industries Ltd,INE856E01019,Equity
519359,POONADAL,Poona Dal & Oil Industries Ltd,INE809E01018,Equity
519367,TRANSFD,Transglobe Foods Ltd,INE213P01027,Equity
519383,ANIKINDS,Anik Industries Ltd,INE087B01017,Equity
519397,SHINDL,Sharat Industries Ltd,INE220Z01013,Equity
519413,DATIWARE,Datiware Maritime Infra Ltd,INE673U01014,Equity
519415,KMGMILK,KMG Milk Food Ltd,INE873N01015,Equity
519421,KSE,KSE Ltd,INE953E01022,Equity
519439,PIONAGR,Pioneer Agro Extracts Ltd,INE062E01014,Equity
519455,NARBADA,Narbada Gems and Jewellery Ltd,INE540C01021,Equity
519457,VIRATCRA,Virat Crane Industries Ltd,INE295C01014,Equity
519463,IBINFO,IB Infotech Enterprises Ltd,INE678B01021,Equity
519471,AMBARPIL,Ambar Protein Industries Ltd,INE072V01017,Equity
519475,CHORDIA,Chordia Food Products Ltd,INE975C01011,Equity
519477,CIANAGRO,CIAN Agro Industries & Infrastructure Ltd,INE052V01019,Equity
519479,OMEAG,Omega Ag-Seeds Punjab Ltd,INE112B01013,Equity
519483,TAIIND,TAI Industries Ltd,INE358D01018,Equity
519494,NKIND,NK Industries Ltd,INE542C01019,Equity
519500,BKV,BKV Industries Ltd,INE356C01022,Equity
519506,NCCBLUE,NCC Bluewater Products Ltd,INE630N01019,Equity
519528,NORBTEAEXP,Norben Tea & Exports Ltd,INE369C01017,Equity
519532,ASIANTNE,Asian Tea & Exports Ltd,INE822B01017,Equity
519552,HERITGFOOD,Heritage Foods Ltd,INE978A01027,Equity
519566,SIMRAN,Simran Farms Ltd,INE354D01017,Equity
519574,HINDUST,Hindustan Agrigenetics Ltd,INE092301014,Equity
519600,CCL,CCL Products (India) Ltd,INE421D01022,Equity
519602,KELLTONTEC,Kellton Tech Solutions Ltd,INE164B01030,Equity
519604,SURFI,Suryo Foods & Industries Ltd,INE565E01016,Equity
519606,INTEGFD,Integrated Proteins Ltd,INE177M01013,Equity
519612,LAKESHORE,Lake Shore Realty Ltd,INE734D01010,Equity
520008,RICOAUTO,Rico Auto Industries Ltd,INE209B01025,Equity
520021,OMAXAUTO,Omax Autos Ltd,INE090B01011,Equity
520043,MUNJALSHOW,Munjal Showa Ltd,INE577A01027,Equity
520051,JAMNAAUTO,Jamna Auto Industries Ltd,INE039C01032,Equity
520056,TVSHLTD,TVS Holdings Ltd,INE105A01035,Equity
520057,JTEKTINDIA,Jtekt India Ltd,INE643A01035,Equity
520059,MUNJALAU,Munjal Auto Industries Ltd,INE672B01032,Equity
520066,JAYBARMARU,Jay Bharat Maruti Ltd,INE571B01036,Equity
520073,RACLGEAR,RACL Geartech Ltd,INE704B01017,Equity
520075,SAMKRG,Samkrg Pistons & Rings Ltd,INE706B01012,Equity
520081,ECSTSTL,Eastcoast Steel Ltd,INE315F01013,Equity
520086,SICALLOG,Sical Logistics Ltd,INE075B01020,Equity
520111,RATNAMANI,Ratnamani Metals & Tubes Ltd,INE703B01027,Equity
520113,VESUVIUS,Vesuvius India Ltd,INE386A01023,Equity
520119,ASAL,Automotive Stampings and Assemblies Ltd,INE900C01027,Equity
520121,ARCEEIN,Arcee Industries Ltd,INE276D01012,Equity
520123,ABCINDQ,ABC India Ltd,INE125D01011,Equity
520127,BALTE,Balurghat Technologies Ltd,INE654B01014,Equity
520131,COARO,Coastal Roadways Ltd,INE229E01019,Equity
520141,SIBARAUT,Sibar Auto Parts Ltd,INE441C01014,Equity
520151,TRANSWORLD,Transworld Shipping Lines Ltd,INE757B01015,Equity
520155,STARLOG,Starlog Enterprises Ltd,INE580C01019,Equity
521003,SHVSUIT,Shiva Suitings Ltd,INE02Z901011,Equity
521005,TITANIN,Titan Intech Ltd,INE807M01031,Equity
521014,EUROTEXIND,Eurotex Industries and Exports Ltd,INE022C01012,Equity
521016,ICIL,Indo Count Industries Ltd,INE483B01026,Equity
521018,MARALOVER,Maral Overseas Ltd,INE882A01013,Equity
521034,SOMATEX,Soma Textiles & Industries Ltd,INE314C01013,Equity
521036,SOURCEIND,Source Industries (India) Ltd,INE695C01015,Equity
521048,ADVLIFE,Advance Lifestyles Ltd,INE900E01015,Equity
521054,KAKTEX,Kakatiya Textiles Ltd,INE092E01011,Equity
521062,OCTAVE,Perfect-Octave Media Projects Ltd,INE814L01013,Equity
521064,TRIDENT,Trident Ltd,INE064C01022,Equity
521068,HISARSP,Hisar Spinning Mills Ltd,INE689E01014,Equity
521070,ALOKINDS,Alok Industries Ltd,INE270A01029,Equity
521080,PASARI,Pasari Spinning Mills Ltd,INE604F01010,Equity
521097,AMARJOTHI,Amarjothi Spinning Mills Ltd,INE484D01012,Equity
521105,OLYMPTX,Olympia Industries Ltd,INE482O01021,Equity
521109,NAGREEKEXP,Nagreeka Exports Ltd,INE123B01028,Equity
521113,SUDTIND-B,Suditi Industries Ltd,INE691D01012,Equity
521131,SBFL,Shree Bhavya Fabrics Ltd,INE363D01018,Equity
521133,GEMSPIN,Gem Spinners India Ltd,INE165F01020,Equity
521137,EUREKAI,Eureka Industries Ltd,INE958A01011,Equity
521141,ADITYASP,Aditya Spinners Ltd,INE122D01026,Equity
521149,PRIMEURB,Prime Urban Development India Ltd,INE419E01024,Equity
521151,DHANFAB,Dhanlaxmi Fabrics Ltd,INE953D01016,Equity
521161,SLSTLQ,Sri Lakshmi Saraswathi Textiles Arni Ltd,INE456D01010,Equity
521163,ZODIACLOTH,Zodiac Clothing Company Ltd,INE206B01013,Equity
521167,MAXGROW,Maxgrow India Ltd,INE485D01043,Equity
521178,SRMCL,Sri Ramakrishna Mills Coimbatore Ltd,INE306D01017,Equity
521180,SUPERSPIN,Super Spinning Mills Ltd,INE662A01027,Equity
521188,UNITEDTE,United Textiles Ltd,INE727E01012,Equity
521194,SILINV,SIL Investments Ltd,INE923A01015,Equity
521200,SURYALAXMI,Suryalakshmi Cotton Mills Ltd,INE713B01026,Equity
521206,SAMTEX,Samtex Fashions Ltd,INE931D01020,Equity
521210,CITYMAN,Cityman Ltd,INE117C01010,Equity
521216,DHANROTO,Dhanalaxmi Roto Spinners Ltd,INE220C01012,Equity
521220,DAMODARIND,Damodar Industries Ltd,INE497D01022,Equity
521222,SANBLUE,Sanblue Corporation Ltd,INE602D01027,Equity
521226,UNIROYAL,Uniroyal Industries Ltd,INE980D01019,Equity
521228,TATIAGLOB,Tatia Global Vennture Ltd,INE083G01031,Equity
521232,SUNILTX,Sunil Industries Ltd,INE124M01015,Equity
521234,SRINACHA,Sri Nachammai Cotton Mills Ltd,INE443E01016,Equity
521238,BGDL,Bharat Global Developers Ltd,INE893C01032,Equity
521240,SAMBANDAM,Sambandam Spinning Mills Ltd,INE304D01012,Equity
521242,KANDAGIRI,Kandagiri Spinning Mills Ltd,INE292D01019,Equity
521244,MKPMOB,MKP Mobility Ltd,INE676G01024,Equity
521246,PARASPETRO,Paras Petrofils Ltd,INE162C01024,Equity
521248,KITEX,Kitex Garments Ltd,INE602G01020,Equity
522001,CRANEX,Cranex Ltd,INE608B01010,Equity
522004,BATLIBOI,Batliboi Ltd,INE177C01022,Equity
522005,AUSTENG,Austin Engineering Company Ltd,INE759F01012,Equity
522014,UNIDT,United Drilling Tools Ltd,INE961D01019,Equity
522017,FLUIDOM,Fluidomat Ltd,INE459C01016,Equity
522027,EMAINDIA,EMA India Ltd,INE279D01016,Equity
522029,WINDMACHIN,Windsor Machines Ltd,INE052A01021,Equity
522034,SHANTIGEAR,Shanthi Gears Ltd,INE631A01022,Equity
522036,MIVENMACH,Miven Machine Tools Ltd,INE338P01014,Equity
522064,HONDAPOWER,Honda India Power Products Ltd,INE634A01018,Equity
522073,HITECHGEAR,The Hi-Tech Gears Ltd,INE127B01011,Equity
522074,ELGIEQUIP,Elgi Equipments Ltd,INE285A01027,Equity
522091,UVDRHOR,United Van Der Horst Ltd,INE890G01021,Equity
522101,KLBRENG-B,Kilburn Engineering Ltd,INE338F01015,Equity
522105,BIRLAPREC,Birla Precision Technologies Ltd,INE372E01025,Equity
522108,YUKEN,Yuken India Ltd,INE384C01016,Equity
522113,TIMKEN,Timken India Ltd,INE325A01013,Equity
522122,VOITHPAPR,Voith Paper Fabrics India Ltd,INE285C01015,Equity
522134,ARTSON,Artson Ltd,INE133D01023,Equity
522152,SOLIMAC,Solitaire Machine Tools Ltd,INE410A01013,Equity
522163,DIACABS,Diamond Power Infrastructure Ltd,INE989C01038,Equity
522165,INDSILHYD,Indsil Hydro Power and Manganese Ltd,INE867D01018,Equity
522171,TMTIND-B1,TMT India Ltd,INE182E01010,Equity
522183,ITL,ITL Industries Ltd,INE478D01014,Equity
522195,FRONTSP,Frontier Springs Ltd,INE572D01014,Equity
522205,PRAJIND,Praj Industries Ltd,INE074A01025,Equity
522207,RASANDIK,Rasandik Engineering Industries India Ltd,INE682D01011,Equity
522209,YOGISUNG,Yogi Sungwon (India) Ltd,INE429B01011,Equity
522215,HLEGLAS,HLE Glascoat Ltd,INE461D01028,Equity
522217,GUJAPOLLO,Gujarat Apollo Industries Ltd,INE826C01016,Equity
522229,TANAA,Taneja Aerospace & Aviation Ltd,INE692C01020,Equity
522231,CONART,Conart Engineers Ltd,INE714D01020,Equity
522235,MINALIND,Minal Industries Ltd,INE097E01028,Equity
522237,SHIVAGR,Shivagrico Implements Ltd,INE092H01014,Equity
522241,MMFL,MM Forgings Ltd,INE227C01017,Equity
522245,IYKOTHITE,Iykot Hitech Toolroom Ltd,INE079L01013,Equity
522249,MAYURUNIQ,Mayur Uniquoters Ltd,INE040D01038,Equity
522251,CENLUB,Cenlub Industries Ltd,INE627F01011,Equity
522257,RAJOOENG,Rajoo Engineers Ltd,INE535F01024,Equity
522261,DOLPHIN,Dolphin Offshore Enterprises (India) Ltd,INE920A01037,Equity
522267,VJLAXMIE,Veejay Lakshmi Engineering Works Ltd,INE466D01019,Equity
522273,AHMDSTE,Ahmedabad Steelcraft Ltd,INE868C01018,Equity
522275,GVTD,GE Vernova T&D India Ltd,INE200A01026,Equity
522281,RAMRAT,Ram Ratna Wires Ltd,INE207E01023,Equity
522285,JAYNECOIND,Jayaswal Neco Industries Ltd,INE854B01010,Equity
522287,KPIL,Kalpataru Projects International Ltd,INE220B01022,Equity
522289,NMSRESRC,NMS Resources Global Ltd,INE169F01014,Equity
522292,CANDOUR,Candour Techtex Ltd,INE713D01055,Equity
522294,TIGLOB,T & I Global Ltd,INE811B01010,Equity
522295,CONTROLPR,Control Print Ltd,INE663B01015,Equity
522650,BEMHY,Bemco Hydraulics Ltd,INE142E01022,Equity
523007,ANSALBU,Ansal Buildwell Ltd,INE030C01015,Equity
523011,WEIZMANIND,Weizmann Ltd,INE080A01014,Equity
523019,BNRSEC,BN Rathi Securities Ltd,INE710D01028,Equity
523021,RISHITECH,Rishi Techtex Ltd,INE989D01010,Equity
523023,SINCLAIR,Sinclairs Hotels Ltd,INE985A01022,Equity
523025,SAFARI,Safari Industries India Ltd,INE429E01023,Equity
523031,ADSDIAG,A D S Diagnostics Ltd,-,Equity
523054,ZBINTXPP,Binayak Tex Processors Ltd,INE626H01019,Equity
523062,JJFINCOR,JJ Finance Corporation Ltd,INE584C01011,Equity
523100,COSMOFE,Cosmo Ferrites Ltd,INE124B01018,Equity
523105,CROPSTER,Cropster Agro Ltd,INE293E01031,Equity
523113,FUTURSEC,Futuristic Securities Ltd,INE425D01015,Equity
523116,SANCTRN,Sanco Trans Ltd,INE391G01012,Equity
523120,THRIVE,Thrive Future Habitats Ltd,INE628D01014,Equity
523127,EIHAHOTELS,EIH Associated Hotels Ltd,INE276C01014,Equity
523144,MEDICAPQ,Medi Caps Ltd,INE442D01010,Equity
523151,OTCO,OTCO International Ltd,INE910B01028,Equity
523160,MORGANITE,Morganite Crucible India Ltd,INE599F01020,Equity
523186,BAPACK,B&A Packaging India Ltd,INE00FM01013,Equity
523204,ABAN,Aban Offshore Ltd,INE421A01028,Equity
523207,KOKUYOCMLN,Kokuyo Camlin Ltd,INE760A01029,Equity
523222,SRMENERGY,SRM Energy Ltd,INE173J01018,Equity
523229,BHARATSE,Bharat Seats Ltd,INE415D01024,Equity
523232,CONTPTR,Continental Petroleums Ltd,INE369D01023,Equity
523242,NBFOOT,NB Footwear Ltd,INE006F01018,Equity
523248,MACPLASQ,Machino Plastics Ltd,INE082B01018,Equity
523260,PEARLPOLY,PEARL Polymers Ltd,INE844A01013,Equity
523261,VENKEYS,Venkys (India) Ltd,INE398A01010,Equity
523269,ADVANIHOTR,Advani Hotels & Resorts (India) Ltd,INE199C01026,Equity
523277,GVFILM,GV Films Ltd,INE395B01048,Equity
523283,SUPERHOUSE,Superhouse Ltd,INE712B01010,Equity
523289,RAMAVISION,Rama Vision Ltd,INE763B01013,Equity
523301,TCPLPACK,TCPL Packaging Ltd,INE822C01015,Equity
523309,SHRIGANG,Shri Gang Industries & Allied Products Ltd,INE241V01018,Equity
523315,PURITY,Purity Flexpack Ltd,INE898O01010,Equity
523319,BALMLAWRIE,Balmer Lawrie & Company Ltd,INE164A01016,Equity
523323,KOVAI,Kovai Medical Center & Hospital Ltd,INE177F01017,Equity
523329,ELDEHSG,Eldeco Housing & Industries Ltd,INE668G01021,Equity
523343,MICROSE,Microse India Ltd,INE809F01015,Equity
523351,STDSHOE,Standard Shoe Sole and Mould (India) Ltd,INE888N01013,Equity
523367,DCMSHRIRAM,DCM Shriram Ltd,INE499A01024,Equity
523369,DCMSRIND,DCM Shriram Industries Ltd,INE843D01027,Equity
523371,MAWANASUG,Mawana Sugars Ltd,INE636A01039,Equity
523373,MINID,Mini Diamonds India Ltd,INE281E01028,Equity
523384,MAHAPEXLTD,Maha Rashtra Apex Corporation Ltd,INE843B01013,Equity
523385,NILKAMAL,Nilkamal Ltd,INE310A01015,Equity
523387,TRITON,Triton Corp Ltd,INE982C01033,Equity
523391,NAHARPOLY,Nahar Polyfilms Ltd,INE308A01027,Equity
523395,3MINDIA,3M India Ltd,INE470A01017,Equity
523398,BOSCH-HCIL,Bosch Home Comfort India Ltd,INE782A01015,Equity
523405,JMFINANCIL,JM Financial Ltd,INE780C01023,Equity
523411,ADCINDIA,ADC India Communications Ltd,INE833A01016,Equity
523419,TNTELE,Tamilnadu Telecommunications Ltd,INE141D01018,Equity
523425,SUNRAJDI,Sunraj Diamond Exports Ltd,INE459D01014,Equity
523445,RIIL,Reliance Industrial Infrastructure Ltd,INE046A01015,Equity
523449,SHARP,Sharp India Ltd,INE207B01011,Equity
523457,LINDEINDIA,Linde India Ltd,INE473A01011,Equity
523465,INDBNK,Ind Bank Housing Ltd,INE969D01012,Equity
523467,JAIMATAG,Jai Mata Glass Ltd,INE250C01027,Equity
523475,LOTUSCHO,Lotus Chocolate Company Ltd,INE026D01011,Equity
523483,PACIFICI,Pacific Industries Ltd,INE883C01025,Equity
523489,CMMHOSP,Chennai Meenakshi Multispeciality Hospital Ltd,INE889F01017,Equity
523519,UNIOFFICE,Universal Office Automation Ltd,INE951C01012,Equity
523537,APMIN,APM Industries Ltd,INE170D01025,Equity
523539,PRECWIRE,Precision Wires India Ltd,INE372C01037,Equity
523550,KRYPTONQ,Krypton Industries Ltd,INE951B01014,Equity
523558,SWISSMLTRY,Swiss Military Consumer Goods Ltd,INE010C01025,Equity
523566,MARBU,Martin Burn Ltd,INE199D01016,Equity
523574,FEL,Future Enterprises Ltd,INE623B01027,Equity
523586,INDTONER,Indian Toners & Developers Ltd,INE826B01018,Equity
523594,KUNSTOFF,Kunststoffe Industries Ltd,INE638D01021,Equity
523598,SCI,Shipping Corporation of India Ltd,INE109A01011,Equity
523606,SIKA,Sika Interplant Systems Ltd,INE438E01032,Equity
523610,ITI,ITI Ltd,INE248A01017,Equity
523618,DREDGECORP,Dredging Corporation of India Ltd,INE506A01018,Equity
523620,PHRMASI,Phaarmasia Ltd,INE486I01016,Equity
523628,PODDARHOUS,Poddar Housing and Development Ltd,INE888B01018,Equity
523630,NFL,National Fertilizers Ltd,INE870D01012,Equity
523638,IPRINGLTD,IP Rings Ltd,INE558A01019,Equity
523642,PIIND,PI Industries Ltd,INE603J01030,Equity
523648,PLASTIBLEN,Plastiblends India Ltd,INE083C01022,Equity
523650,YASHINNO,Yash Innoventures Ltd,INE823D01011,Equity
523652,KKPLASTICK,Kkalpana Plastick Ltd,INE465K01016,Equity
523660,WATERBASE,Waterbase Ltd,INE054C01015,Equity
523672,FLEXFO,Flex Foods Ltd,INE954B01018,Equity
523676,GOLKUNDIA,Golkunda Diamonds & Jewellery Ltd,INE798D01015,Equity
523694,APCOTEXIND,Apcotex Industries Ltd,INE116A01032,Equity
523696,FORTISMLR,Fortis Malar Hospitals Ltd,INE842B01015,Equity
523704,MASTEK,Mastek Ltd,INE759A01021,Equity
523708,EIMCOELECO,Eimco Elecon (India) Ltd,INE158B01016,Equity
523710,SAYAJIHOTL,Sayaji Hotels Ltd,INE318C01014,Equity
523712,JMGCORP,JMG Corporation Ltd,INE745F01011,Equity
523716,ASHIANA,Ashiana Housing Ltd,INE365D01021,Equity
523722,SVAMSOF,Svam Software Ltd,INE119B01018,Equity
523732,ECOBOAR,Ecoboard Industries Ltd,INE866A01016,Equity
523736,DVL,Dhunseri Ventures Ltd,INE477B01010,Equity
523752,TIHIL,Trans India House Impex Ltd,INE502D01011,Equity
523754,MAHEPC,Mahindra EPC Irrigation Ltd,INE215D01010,Equity
523782,MITSHI,Mitshi India Ltd,INE844D01017,Equity
523790,SHUKJEW,Shukra Jewellery Ltd,INE344E01016,Equity
523792,MAZDA,Mazda Ltd,INE885E01042,Equity
523796,VHLTD,Viceroy Hotels Ltd,INE048C01025,Equity
523826,SOVERDIA,Sovereign Diamonds Ltd,INE959D01013,Equity
523828,MENONBE,Menon Bearings Ltd,INE071D01033,Equity
523832,MUKATPIP,Mukat Pipes Ltd,INE862C01029,Equity
523836,GUJRAFFIA,Gujarat Raffia Industries Ltd,INE610B01024,Equity
523838,SIMPLEXINF,Simplex Infrastructures Ltd,INE059B01024,Equity
523840,INNOVTEC,Innovative Tech Pack Ltd,INE965C01038,Equity
523842,SUPTANERY,Super Tannery Ltd,INE460D01038,Equity
523844,CONSTRONIC,Constronics Infra Ltd,INE537B01011,Equity
523850,AXTEL,Axtel Industries Ltd,INE767C01012,Equity
523862,GRANDOAK,Grand Oak Canyons Distillery Ltd,INE926B01016,Equity
523874,EASTINDIA,East India Drums and Barrels Manufacturing Ltd,INE191C01023,Equity
523888,VRWODAR,VR Woodart Ltd,INE317D01014,Equity
523896,APIL,Avi Products India Ltd,INE316O01021,Equity
524000,POONAWALLA,Poonawalla Fincorp Ltd,INE511C01022,Equity
524013,HINFLUR,Hindustan Fluorocarbons Ltd,INE806J01013,Equity
524019,KINGFA,Kingfa Science & Technology (India) Ltd,INE473D01015,Equity
524031,PATIDAR,Patidar Buildcon Ltd,INE637N01014,Equity
524037,RAMAPHO,Rama Phosphates Ltd,INE809A01032,Equity
524038,VENLONENT,Venlon Enterprises Ltd,INE204D01022,Equity
524046,PETPLST,Pet Plastics Ltd,INE704F01018,Equity
524051,POLYPLEX,Polyplex Corporation Ltd,INE633B01018,Equity
524055,PANIDPR,Panther Industrial Products Ltd,INE181D01014,Equity
524075,ALBERTDAVD,Albert David Ltd,INE155C01010,Equity
524080,HARLETH,Haryana Leather Chemicals Ltd,INE681F01018,Equity
524091,CARYSIL,Carysil Ltd,INE482D01024,Equity
524109,KABRAEXTRU,Kabra Extrusiontechnik Ltd,INE900B01029,Equity
524129,VINYLINDIA,Vinyl Chemicals (India) Ltd,INE250B01029,Equity
524136,PCCOSMA,Pee Cee Cosma Sope Ltd,INE417E01010,Equity
524156,TCMLMTD,TCM Ltd,INE034F01010,Equity
524164,IOLCP,IOL Chemicals & Pharmaceuticals Ltd,INE485C01029,Equity
524174,KESARPE,Kesar Petroproducts Ltd,INE133C01033,Equity
524200,VINATIORGA,Vinati Organics Ltd,INE410B01037,Equity
524202,LACTOSE,Lactose India Ltd,INE058I01013,Equity
524204,TEEAI,Teesta Agro Industries Ltd,INE757D01011,Equity
524208,AARTIIND,Aarti Industries Ltd,INE769A01020,Equity
524210,PNTKYOR,Pentokey Organy India Ltd,INE702E01015,Equity
524212,WANBURY,Wanbury Ltd,INE107F01022,Equity
524218,RESONANCE,Resonance Specialties Ltd,INE486D01017,Equity
524226,GAEL,Gujarat Ambuja Exports Ltd,INE036B01030,Equity
524230,RCF,Rashtriya Chemicals and Fertilizers Ltd,INE027A01015,Equity
524238,GUJINJEC,Gujarat Inject Kerala Ltd,INE659F01014,Equity
524280,KOPRAN,Kopran Ltd,INE082A01010,Equity
524288,AIMCOPEST,Aimco Pesticides Ltd,INE008B01013,Equity
524314,GUJTERC,Gujarat Terce Laboratories Ltd,INE499G01013,Equity
524322,KABRADG,Kabra Drugs Ltd,INE323K01017,Equity
524324,SEYAIND,Seya Industries Ltd,INE573R01012,Equity
524330,JAYAGROGN,Jayant Agro Organics Ltd,INE785A01026,Equity
524332,BCLIND,BCL Industries Ltd,INE412G01024,Equity
524336,SHHARICH,Shree Hari Chemicals Export Ltd,INE065E01017,Equity
524342,INDOBORAX,Indo Borax & Chemicals Ltd,INE803D01021,Equity
524348,AARTIDRUGS,Aarti Drugs Ltd,INE767A01016,Equity
524370,BODALCHEM,Bodal Chemicals Ltd,INE338D01028,Equity
524372,ORCHPHARMA,Orchid Pharma Ltd,INE191A01027,Equity
524394,VIMTALABS,Vimta Labs Ltd,INE579C01029,Equity
524396,BIOFILCHEM,Biofil Chemicals & Pharmaceuticals Ltd,INE829A01014,Equity
524400,ISHITADR,Ishita Drugs & Industries Ltd,INE806D01016,Equity
524404,MARKSANS,Marksans Pharma Ltd,INE750C01026,Equity
524408,UNIVSTAR,Universal Starch Chem Allied Ltd,INE113E01015,Equity
524412,AAREYDRUGS,Aarey Drugs & Pharmaceuticals Ltd,INE198H01019,Equity
524414,NORRIS,Norris Medicines Ltd,INE744C01029,Equity
524434,ASINPET,Asian Petroproducts & Exports Ltd,INE810M01019,Equity
524440,CAMEXLTD,Camex Ltd,INE198C01010,Equity
524444,EVEXIA,Evexia Lifecare Ltd,INE313M01030,Equity
524458,INDOEURO,Indo Euro Indchem Ltd,INE319N01019,Equity
524470,SYNCOMF,Syncom Formulations India Ltd,INE312C01025,Equity
524480,RIDDHI,Riddhi Siddhi Gluco Biols Ltd,INE249D01019,Equity
524488,SVCIND,SVC INDUSTRIES Ltd,INE038B01010,Equity
524494,IPCALAB,Ipca Laboratories Ltd,INE571A01038,Equity
524500,KILITCH,Kilitch Drugs India Ltd,INE729D01010,Equity
524502,RAAJMEDI,Raaj Medisafe India Ltd,INE548H01015,Equity
524504,REVAMEDIA,Revati Media Ltd,INE270D01015,Equity
524506,CORALAB,Coral Laboratories Ltd,INE683E01017,Equity
524514,TULASEEBIOE,Tulasee Bio Ethanol Ltd,INE276N01011,Equity
524516,BACPHAR,Bacil Pharma Ltd,INE711D01018,Equity
524518,KREBSBIO,Krebs Biochemicals & Industries Ltd,INE268B01013,Equity
524520,KMCSHIL,KMC Speciality Hospitals (India) Ltd,INE879K01018,Equity
524522,LAFFANSQ,Laffans Petrochemicals Ltd,INE919B01011,Equity
524534,BHASKAGR,Bhaskar Agrochemicals Ltd,INE972C01018,Equity
524542,SUKHJITS,Sukhjit Starch & Chemicals Ltd,INE450E01029,Equity
524546,SATAGRI,Satiate Agri Ltd,INE06DM01015,Equity
524548,SHARMEH,Sharma East India Hospitals & Medical Research Ltd,INE465H01012,Equity
524558,NEULANDLAB,Neuland Laboratories Ltd,INE794A01010,Equity
524564,GAYATRIBI,Gayatri BioOrganics Ltd,INE052E01015,Equity
524570,PODDARMENT,Poddar Pigments Ltd,INE371C01013,Equity
524572,PHARMAID,Pharmaids Pharmaceuticals Ltd,INE117D01018,Equity
524576,VIVIDIND,Vivid Global Industries Ltd,INE737C01023,Equity
524580,PRIYALT,Priya Ltd,INE686C01014,Equity
524582,TIRUSTA,Tirupati Starch & Chemicals Ltd,INE314D01011,Equity
524590,HEMORGANIC,Hemo Organic Ltd,INE422G01015,Equity
524592,JAYSYNTH,Jaysynth Orgochem Ltd,INE263B01022,Equity
524594,AEONXDIGI,Aeonx Digital Technology Ltd,INE994D01010,Equity
524598,AKSHARCHEM,AksharChem India Ltd,INE542B01011,Equity
524602,BANDARAM,Bandaram Pharma Packtech Ltd,INE875N01036,Equity
524604,ADLINE,Adline Chem Lab Ltd,INE276T01018,Equity
524606,BERLDRG,Beryl Drugs Ltd,INE415H01017,Equity
524614,INDXTRA,IEL Ltd,INE056E01024,Equity
524622,ISTRNETWK,iStreet Network Ltd,INE532B01020,Equity
524624,GAGAN,Gagan Gases Ltd,INE076D01016,Equity
524628,PARKERAC,Parker Agrochem Exports Ltd,INE750B01010,Equity
524632,SHUKRAPHAR,Shukra Pharmaceuticals Ltd,INE551C01044,Equity
524634,ALUFLUOR,Alufluoride Ltd,INE058F01019,Equity
524636,OXYGENTAPH,Oxygenta Pharmaceutical Ltd,INE102E01018,Equity
524640,ARCHITORG,Archit Organosys Ltd,INE078I01011,Equity
524642,SIKOZY,Sikozy Realtors Ltd,INE528E01022,Equity
524648,INDOAMIN,Indo Amines Ltd,INE760F01028,Equity
524652,INDSWFTLTD,IND-SWIFT LTD.,INE788B01028,Equity
524654,NATCAPSUQ,Natural Capsules Ltd,INE936B01015,Equity
524661,WELCURE,Welcure Drugs & Pharmaceuticals Ltd,INE331C01025,Equity
524663,BIBCL,Bharat Immunologicals & Biologicals Corporation Ltd,INE994B01014,Equity
524667,SOTL,Savita Oil Technologies Ltd,INE035D01020,Equity
524669,HESTERBIO,Hester Biosciences Ltd,INE782E01017,Equity
524675,KABSON,Kabsons Industries Ltd,INE645C01010,Equity
524687,BASANTGL,Basant Agro Tech India Ltd,INE473E01021,Equity
524703,SANDUPHQ,Sandu Pharmaceuticals Ltd,INE751D01014,Equity
524709,NACLIND,NACL Industries Ltd,INE295D01020,Equity
524711,VISTAPH,Vista Pharmaceuticals Ltd,INE427C01021,Equity
524715,SUNPHARMA,Sun Pharmaceutical Industries Ltd,INE044A01036,Equity
524717,TITANBIO,Titan Biotech Ltd,INE150C01011,Equity
524723,BIJHANS,Bijoy Hans Ltd,INE491D01017,Equity
524727,SDL,Span Divergent Ltd,INE004E01016,Equity
524731,JENBURPH,Jenburkt Pharmaceuticals Ltd,INE354A01013,Equity
524735,HIKAL,Hikal Ltd,INE475B01022,Equity
524742,CAPLIPOINT,Caplin Point Laboratories Ltd,INE475E01026,Equity
524743,FISCHER,Fischer Medical Ventures Ltd,INE771F01041,Equity
524748,LINKPH,Link Pharma Chem Ltd,INE302F01011,Equity
524752,DECIPHER,Decipher Labs Ltd,INE643N01012,Equity
524768,EMMESSA,Emmessar Biotech & Nutrition Ltd,INE634B01016,Equity
524774,NGLFINE,NGL Fine Chem Ltd,INE887E01022,Equity
524790,EVERESTO,Everest Organics Ltd,INE334C01029,Equity
524804,AUROPHARMA,Aurobindo Pharma Ltd,INE406A01037,Equity
524808,PHYTO,Phyto Chem India Ltd,INE037C01010,Equity
524816,NATCOPHARM,Natco Pharma Ltd,INE987B01026,Equity
524818,DYNAMIND,Dynamic Industries Ltd,INE457C01010,Equity
524820,PANAMAPET,Panama Petrochem Ltd,INE305C01029,Equity
524824,BALPHARMA,Bal Pharma Ltd,INE083D01012,Equity
524828,BDH,BDH Industries Ltd,INE278D01018,Equity
526001,JAUSPOL,Jauss Polymers Ltd,INE593O01017,Equity
526009,PROCAL,Procal Electronics India Ltd,INE700B01015,Equity
526025,GLOBUSCON,Globus Constructors & Developers Ltd,INE064L01015,Equity
526027,CUBEXTUB,Cubex Tubings Ltd,INE144D01012,Equity
526043,POLYCHMP,Polymechplast Machines Ltd,INE809B01014,Equity
526071,STELLANT,Stellant Securities (India) Ltd,INE395F01023,Equity
526073,GALXBRG,Galaxy Bearings Ltd,INE020S01012,Equity
526081,SCAGRO,SC Agrotech Ltd,INE895E01017,Equity
526095,RALEGRA,Ravileela Granites Ltd,INE427E01027,Equity
526113,UNRYLMA,Uniroyal Marine Exports Ltd,INE602H01010,Equity
526115,KARANWO,Karan Woo Sin Ltd,INE327D01013,Equity
526117,SHERVANI,Shervani Industrial Syndicate Ltd,INE011D01013,Equity
526125,BNAGROCHEM,BN Agrochem Ltd,INE00HZ01011,Equity
526133,SUPERTEX,Supertex Industries Ltd,INE881B01054,Equity
526137,SHETR,Shetron Ltd,INE278C01010,Equity
526139,TRABI,Transgene Biotek Ltd,INE773D01018,Equity
526143,MPL,Mpl Plastics Ltd,INE343A01016,Equity
526159,NIKHILAD,Nikhil Adhesives Ltd,INE926C01022,Equity
526161,SPENTA,Spenta International Ltd,INE175C01018,Equity
526169,MULTIBASE,Multibase India Ltd,INE678F01014,Equity
526173,ANDREWYU,Andrew Yule & Company Ltd,INE449C01025,Equity
526179,LUDLOWJUT,Ludlow Jute & Specialities Ltd,INE983C01015,Equity
526187,ASHRAM,Ashram Online.Com Ltd,INE293C01019,Equity
526193,ROYALCU,Royal Cushion Vinyl Products Ltd,INE618A01011,Equity
526211,SURJIND,Suraj Industries Ltd,INE170U01011,Equity
526217,HITECHCORP,Hitech Corporation Ltd,INE120D01012,Equity
526225,BLOOM,Bloom Dekor Ltd,INE253C01013,Equity
526227,FILATEX,Filatex India Ltd,INE816B01035,Equity
526231,STDSFAC,Standard Surfactants Ltd,INE307D01015,Equity
526237,MORGAN,Morgan Ventures Ltd,INE902C01015,Equity
526241,AMRAPLIN,Amrapali Industries Ltd,INE762C01021,Equity
526247,PREMEXPLN,Premier Explosives Ltd,INE863B01029,Equity
526251,MIDEASTP,Mid East Portfolio Management Ltd,INE033E01015,Equity
526263,MOLDTECH,Mold-Tek Technologies Ltd,INE835B01035,Equity
526269,CRSTCHM,Crestchem Ltd,INE293N01016,Equity
526299,MPHASIS,Mphasis Ltd,INE356A01018,Equity
526301,MEDINOV,MEDINOVA DIAGNOSTIC SERVICES LTD.,INE047C01019,Equity
526315,DIVSHKT,Divyashakti Ltd,INE410G01010,Equity
526325,ORIENTLTD,Orient Press Ltd,INE609C01024,Equity
526331,ADVMULT,Advance Multitech Ltd,INE875S01019,Equity
526335,SHREYASI,Shreyas Intermediates Ltd,INE115F01017,Equity
526345,PANJON,Panjon Ltd,INE744D01019,Equity
526349,NIRBHAYIND,Nirbhay Colours India Ltd,INE218T01010,Equity
526355,DUROPACK,Duro Pack Ltd,INE138B01018,Equity
526365,SWARNSAR,Swarnsarita Jewels India Ltd,INE967A01012,Equity
526367,GANESHHOU,Ganesh Housing Ltd,INE460C01014,Equity
526371,NMDC,NMDC Ltd,INE584A01023,Equity
526373,CINDHO,Cindrella Hotels Ltd,INE908C01012,Equity
526381,PATINTLOG,Patel Integrated Logistics Ltd,INE529D01014,Equity
526397,ALPHAGEO,Alphageo (India) Ltd,INE137C01018,Equity
526407,HAMPTON,Hampton Sky Realty Ltd,INE299D01022,Equity
526409,KKALPANAIND,Kkalpana Industries (India) Ltd,INE301C01028,Equity
526415,OKPLA,OK Play India Ltd,INE870B01024,Equity
526423,KRITI,Kriti Industries India Ltd,INE479D01038,Equity
526431,WELTI,Welterman International Ltd,INE662D01013,Equity
526433,ASMTEC,ASM Technologies Ltd,INE867C01010,Equity
526435,PERFEPA,Perfectpac Ltd,INE759I01024,Equity
526439,AMBIT,Ambitious Plastomac Company Ltd,INE267C01013,Equity
526441,VISIONCINE,Vision Cinemas Ltd,INE515B01025,Equity
526443,AEIM,Artificial Electronics Intelligent Material Ltd,INE072B01027,Equity
526445,INDRANIB,Indrayani Biotech Ltd,INE007C01021,Equity
526468,EUROLED,Euro Leder Fashion Ltd,INE940E01011,Equity
526471,WINSOMBR,Winsome Breweries Ltd,INE391C01011,Equity
526473,ELEFLOR,Elegant Floriculture & Agrotech India Ltd,INE152E01013,Equity
526477,SAENTER,South Asian Enterprises Ltd,INE118B01010,Equity
526479,SKYIND,Sky Industries Ltd,INE765B01018,Equity
526481,PHOENXINTL,Phoenix International Ltd,INE245B01011,Equity
526488,BHUDEVI,Bhudevi Infra Projects Ltd,INE432N01010,Equity
526490,PRATIK,Pratik Panels Ltd,INE206C01029,Equity
526492,RISHIROOP,Rishiroop Ltd,INE582D01013,Equity
526494,PROMACT,Promact Impex Ltd,INE818D01011,Equity
526500,STRGRENWO,Sterling Green Woods Ltd,INE398F01019,Equity
526504,DOLPHMED,Dolphin Medical Services Ltd,INE796B01013,Equity
526506,SYSTMTXC,Systematix Corporate Services Ltd,INE356B01024,Equity
526508,SHAHISHIP,Shahi Shipping Ltd,INE825D01016,Equity
526519,ALPINEHOU,Alpine Housing Development Corporation Ltd,INE840D01015,Equity
526521,SANGHIIND,Sanghi Industries Ltd,INE999B01013,Equity
526525,WWALUM,Worldwide Aluminium Ltd,INE550D01010,Equity
526530,IIRM,IIRM Holdings India Ltd,INE670C01026,Equity
526532,SFPIL,Square Four Projects India Ltd,INE716K01020,Equity
526544,SGLRES,SGL Resources Ltd,INE967B01028,Equity
526546,CHOKSILA,Choksi Laboratories Ltd,INE493D01013,Equity
526550,CCHHL,Country Club Hospitality & Holidays Ltd,INE652F01027,Equity
526554,SALGUTI,Salguti Industries Ltd,INE159C01012,Equity
526568,LONTE,Longview Tea Company Ltd,INE696E01019,Equity
526570,MIDWEST,Midwest Gold Ltd,INE519N01014,Equity
526574,ENTRINT,Enterprise International Ltd,INE439G01019,Equity
526576,TECHIN,TECHINDIA NIRMAN LIMITED,INE778A01021,Equity
526582,TPLPLASTEH,TPL Plastech Ltd,INE413G01022,Equity
526586,WIMPLAST,Wim Plast Ltd,INE015B01018,Equity
526588,PHOTOQUP,Photoquip India Ltd,INE813B01016,Equity
526596,LIBERTSHOE,Liberty Shoes Ltd,INE557B01019,Equity
526604,LIPPISYS,Lippi Systems Ltd,INE845B01018,Equity
526608,ELECTHERM,Electrotherm (India) Ltd,INE822G01016,Equity
526612,BLUEDART,Blue Dart Express Ltd,INE233B01017,Equity
526614,EXPOEAPL,Expo Engineering And Projects Ltd,INE561D01025,Equity
526616,NATPLAS,National Plastic Industries Ltd,INE233D01013,Equity
526622,MFLINDIA,MFL India Ltd,INE244C01020,Equity
526628,AJWAFUN,Ajwa Fun World & Resort Ltd,INE863E01015,Equity
526638,TEXELIN,Texel Industries Ltd,INE594V01028,Equity
526640,RAYALEMA,Royale Manor Hotels & Industries Ltd,INE008C01011,Equity
526642,MIRZAINT,Mirza International Ltd,INE771A01026,Equity
526650,TFCILTD,Tourism Finance Corporation of India Ltd,INE305A01023,Equity
526654,THAKDEV,Thakkers Developers Ltd,INE403F01017,Equity
526662,ARENTERP,Rajdarshan Industries Ltd,INE610C01014,Equity
526666,BIL,Bhartiya International Ltd,INE828A01016,Equity
526668,KAMATHOTEL,Kamat Hotels (India) Ltd,INE967C01018,Equity
526675,TIRTPLS,Tirth Plastic Ltd,INE008N01018,Equity
526677,KEEPLEARN,DSJ keep Learning Ltd,INE055C01020,Equity
526683,UNIVAFOODS,Univa Foods Ltd,INE275F01019,Equity
526687,POLOHOT,Polo Hotels Ltd,INE084C01012,Equity
526703,ECOPLAST,Ecoplast Ltd,INE423D01010,Equity
526705,ELEMARB,Elegant Marbles & Grani Industries Ltd,INE095B01010,Equity
526709,BITS,Bits Ltd,INE839A01021,Equity
526711,ADARSHPL,Adarsh Plant Protect Ltd,INE627D01016,Equity
526717,HPBL,HCP Plastene Bulkpack Ltd,INE136C01044,Equity
526721,NICCOPAR,Nicco Parks & Resorts Ltd,INE653C01022,Equity
526723,NTCIND,NTC Industries Ltd,INE920C01017,Equity
526725,SANDESH,Sandesh Ltd,INE583B01015,Equity
526727,GARNET,Garnet Construction Ltd,INE797D01017,Equity
526729,GOLDIAM,Goldiam International Ltd,INE025B01025,Equity
526731,BRIGHTBR,Bright Brothers Ltd,INE630D01010,Equity
526739,SHAWGELTIN,Narmada Gelatines Ltd,INE869A01010,Equity
526747,PGFOILQ,PG Foils Ltd,INE078D01012,Equity
526751,GRATEXI,Gratex Industries Ltd,INE915E01013,Equity
526755,VELHO,Velan Hotels Ltd,INE548D01014,Equity
526761,HOWARHO,Howard Hotels Ltd,INE931B01016,Equity
526773,PRESSURS,Pressure Sensitive Systems India Ltd,INE891E01024,Equity
526775,VALIANT,Valiant Communications Ltd,INE760B01019,Equity
526783,DRAGARWQ,Dr Agarwals Eye Hospital Ltd,INE934C01018,Equity
526795,MHSGRMS,Mahasagar Travels Ltd,INE007G01014,Equity
526797,GREENPLY,Greenply Industries Ltd,INE461C01038,Equity
526799,UNQTYMI,Union Quality Plastics Ltd,INE338N01019,Equity
526807,SEAMECLTD,Seamec Ltd,INE497B01018,Equity
526813,RAGHUNAT,Raghunath International Ltd,INE753B01014,Equity
526817,CHEVIOT,Cheviot Company Ltd,INE974B01016,Equity
526821,DAICHI,Dai-Ichi Karkaria Ltd,INE928C01010,Equity
526823,RAJINFRA,Rajeswari Infrastructure Ltd,INE016C01014,Equity
526827,SPICEISLIN,Spice Islands Industries Ltd,INE882D01017,Equity
526829,CONFIPET,Confidence Petroleum India Ltd,INE552D01024,Equity
526839,SIPL,Shelter Infra Projects Ltd,INE413C01013,Equity
526841,SHAKTIPR,Shakti Press Ltd,INE794C01016,Equity
526847,ASHSI,Ashirwad Steels & Industries Ltd,INE338C01012,Equity
526849,BANARBEADS,Banaras Beads Ltd,INE655B01011,Equity
526851,AREXMIS,Arex Industries Ltd,INE480H01011,Equity
526853,BI,Bilcare Ltd,INE986A01012,Equity
526859,ISFL,ISF Ltd,INE973B01026,Equity
526861,RISHILASE,Rishi Laser Ltd,INE988D01012,Equity
526865,JAINCO,Jainco Projects India Ltd,INE966C01010,Equity
526869,KUMPFIN,Kumbhat Financial Services Ltd,INE795E01019,Equity
526871,INTECCAP,Intec Capital Ltd,INE017E01018,Equity
526873,RAJSEC,Rajasthan Securities Ltd,INE184D01026,Equity
526877,SIDDHEGA,Siddheswari Garments Ltd,INE797C01019,Equity
526881,63MOONS,63 Moons Technologies Ltd,INE111B01023,Equity
526883,SHIKHAR,Shikhar Consultants Ltd,INE641B01011,Equity
526885,SARLAPOLY,Sarla Performance Fibers Ltd,INE453D01025,Equity
526887,INDOCRED,Indo Credit Capital Ltd,INE147D01015,Equity
526891,MKTCREAT,Market Creators Ltd,INE944C01017,Equity
526899,HFIL,Himalaya Food International Ltd,INE552B01010,Equity
526901,SONALAD,Sonal Adhesives Ltd,INE344I01017,Equity
526905,PADMAIND,Padmanabh Industries Ltd,INE743D01011,Equity
526921,21STCENMGM,Twentyfirst Century Management Services Ltd,INE253B01015,Equity
526931,HRYNSHP,Hariyana Ship Breakers Ltd,INE400G01011,Equity
526935,ARUNIS,Arunis Abode Ltd,INE377D01018,Equity
526941,VAICC,Vaishno Cement Company Ltd,INE116E01018,Equity
526945,TYROON,Tyroon Tea Company Ltd,INE945B01016,Equity
526947,LAOPALA,La Opala RG Ltd,INE059D01020,Equity
526951,STYLAMIND,Stylam Industries Ltd,INE239C01020,Equity
526953,VENUSREM,Venus Remedies Ltd,INE411B01019,Equity
526959,WOODSVILA,Woodsvilla Ltd,INE374J01020,Equity
526961,LASTMILE,Last Mile Enterprises Ltd,INE404B01022,Equity
526965,GUJCRAFT,Gujarat Craft Industries Ltd,INE372D01019,Equity
526967,HEERAISP,Heera Ispat Ltd,INE025D01013,Equity
526971,DHOOTIN,Dhoot Industrial Finance Ltd,INE313G01016,Equity
526977,CRIMSON,Crimson Metal Engineering Company Ltd,INE318P01016,Equity
526981,SHBAJRG,Shri Bajrang Alliance Ltd,INE402H01015,Equity
526983,ASHOKRE,Ashoka Refineries Ltd,INE760M01016,Equity
526987,URJA,Urja Global Ltd,INE550C01020,Equity
527001,ASHAPURMIN,Ashapura Minechem Ltd,INE348A01023,Equity
527005,SHREEPAC,Shree Pacetronix Ltd,INE847D01010,Equity
530001,GUJALKALI,Gujarat Alkalies and Chemicals Ltd,INE186A01019,Equity
530005,INDIACEM,India Cements Ltd,INE383A01012,Equity
530007,JKTYRE,JK Tyre & Industries Ltd,INE573A01042,Equity
530011,MANGCHEFER,MANGALORE CHEMICALS & FERTILIZERS LTD.,INE558B01017,Equity
530017,SIL,Standard Industries Ltd,INE173A01025,Equity
530019,JUBLPHARMA,Jubilant Pharmova Ltd,INE700A01033,Equity
530023,THEINVEST,The Investment Trust Of India Ltd,INE924D01017,Equity
530025,SAMYAKINT,Samyak International Ltd,INE607G01011,Equity
530027,AADIIND,Aadi Industries Ltd,INE563D01013,Equity
530035,SANTOSHF,Santosh Fine Fab Ltd,INE612D01018,Equity
530037,SPARKLEGR,Sparkle Gold Rock Ltd,INE618F01010,Equity
530043,ACKNIT,Acknit Industries Ltd,INE326C01017,Equity
530045,TITANSEC,Titan Securities Ltd,INE090D01017,Equity
530053,REALECO,Real Eco-Energy Ltd,INE055E01034,Equity
530055,HRMNYCP,Harmony Capital Service Ltd,INE264N01017,Equity
530057,VIVANZA,Vivanza Biosciences Ltd,INE984E01035,Equity
530063,YASHRAJC,Yashraj Containeurs Ltd,INE095C01018,Equity
530065,LORDSHOTL,Lords Ishwar Hotels Ltd,INE689J01013,Equity
530067,CSLFINANCE,CSL Finance Ltd,INE718F01018,Equity
530073,SANGHVIMOV,Sanghvi Movers Ltd,INE989A01032,Equity
530075,ANTELOPUS,Antelopus Selan Energy Ltd,INE818A01017,Equity
530077,PURETROP,Puretrop Fruits  Ltd,INE795D01011,Equity
530079,FAZE3Q,Faze Three Ltd,INE963C01033,Equity
530093,ACEEDU,ACE Edutrend Ltd,INE715F01014,Equity
530095,PRADHIN,Pradhin Ltd,INE656B01027,Equity
530109,ANUPAM,Anupam Finserv Ltd,INE069B01023,Equity
530111,RAJPACK,Raj Packaging Industries Ltd,INE639C01013,Equity
530117,PRIVISCL,Privi Speciality Chemicals Ltd,INE959A01019,Equity
530119,NATRAJPR,Natraj Proteins Ltd,INE444D01016,Equity
530125,SAMRATPH,Samrat Pharmachem Ltd,INE103E01016,Equity
530127,NPRFIN,NPR Finance Ltd,INE446D01011,Equity
530129,NILE,Nile Ltd,INE445D01013,Equity
530131,UDAICEMENT,UDAIPUR CEMENT WORKS LTD.,INE225C01029,Equity
530133,AMCOIND,Amco India Ltd,INE924B01011,Equity
530135,OPTIEMUS,Optiemus Infracom Ltd,INE350C01017,Equity
530139,KREONFIN,Kreon Finnancial Services Ltd,INE302C01018,Equity
530141,GYANDEV,Gyan Developers & Builders Ltd,INE487G01018,Equity
530145,KISAN,Kisan Mouldings Ltd,INE017C01012,Equity
530151,VIJAYTX,Vijay Textiles Ltd,INE256G01033,Equity
530161,GARODCH,GARODIA CHEMICALS LTD.,INE236P01010,Equity
530163,KERALAYUR,Kerala Ayurveda Ltd,INE817B01025,Equity
530167,MONGIPA,Moongipa Capital Finance Ltd,INE153K01018,Equity
530169,MOHITPPR,Mohit Paper Mills Ltd,INE388C01017,Equity
530171,DAULAT,Daulat Securities Ltd,INE108C01019,Equity
530173,OSCARGLO,Oscar Global Ltd,INE473F01010,Equity
530175,ODYSSEY,Odyssey Technologies Ltd,INE213B01019,Equity
530177,VKGLOBAL,VK Global Industries Ltd,INE758B01013,Equity
530179,RSCINT,RSC International Ltd,INE015F01019,Equity
530185,SURATRAML,Surat Trade and Mercantile Ltd,INE936A01025,Equity
530187,ATHARVENT,Atharv Enterprises Ltd,INE354E01031,Equity
530197,FUNDVISER,Fundviser Capital (India) Ltd,INE365H01014,Equity
530199,THEMISMED,Themis Medicare Ltd,INE083B01024,Equity
530201,KALLAM,Kallam Textiles Ltd,INE629F01025,Equity
530207,BRAWN,Brawn Biotech Ltd,INE899B01015,Equity
530213,FORINTL,Fortune International Ltd,INE501D01013,Equity
530215,KINGSINFR,Kings Infra Ventures Ltd,INE050N01010,Equity
530217,SWOJAS,Swojas Foods Ltd,INE295B01016,Equity
530219,NUTRICIRCLE,Nutricircle Ltd,INE536C01029,Equity
530231,SUBSM,Subhash Silk Mills Ltd,INE690D01014,Equity
530233,AUROLAB,Auro Laboratories Ltd,INE292C01011,Equity
530235,KJMCFIN,KJMC Financial Services Ltd,INE533C01018,Equity
530239,SUVEN,Suven Life Sciences Ltd,INE495B01038,Equity
530245,ARYAMAN,Aryaman Financial Services Ltd,INE032E01017,Equity
530249,BRIDGESE,Bridge Securities Ltd,INE958C01025,Equity
530251,RISAINTL,Risa International Ltd,INE001O01029,Equity
530253,RAJTUBE,Rajasthan Tube Manufacturing Company Ltd,INE497E01020,Equity
530255,KAYPOWR,Kay Power and Paper Ltd,INE961B01013,Equity
530259,INTSTOIL,Inter State Oil Carrier Ltd,INE003B01014,Equity
530263,GLOBALCA,Global Capital Markets Ltd,INE062C01042,Equity
530265,SAINIK,Sainik Finance & Industries Ltd,INE584B01013,Equity
530267,ARIGATO,Arigato Universe Ltd,INE021N01011,Equity
530271,RICHUNV,Rich Universe Network Ltd,INE652D01014,Equity
530281,QUANTDIA,Quantum Digital Vision India Ltd,INE373C01019,Equity
530289,SPCAPIT,SP Capital Financing Ltd,INE102F01015,Equity
530291,PAOS,Paos Industries Ltd,INE791C01012,Equity
530295,SHRAJOI,Shree Rajiv Lochan Oil Extraction Ltd,INE418K01015,Equity
530299,KOTHARIPRO,Kothari Products Ltd,INE823A01017,Equity
530305,PICCADIL,Piccadily Agro Industries Ltd,INE546C01010,Equity
530307,CLSEL,Chaman Lal Setia Exports Ltd,INE419D01026,Equity
530309,CHANDRAP,Chandra Prabhu International Ltd,INE368D01025,Equity
530313,KIMIABL,Kimia Biosciences Ltd,INE285U01025,Equity
530315,HINDTIN,Hindustan Tin Works Ltd,INE428D01019,Equity
530317,GODAVARI,Godavari Drugs Ltd,INE362C01012,Equity
530331,PREMCO,Premco Global Ltd,INE001E01012,Equity
530341,MUKESHB,Mukesh Babu Financial Services Ltd,INE596B01017,Equity
530343,GENUSPOWER,Genus Power Infrastructures Ltd,INE955D01029,Equity
530355,ASIANENE,Asian Energy Services Ltd,INE276G01015,Equity
530357,KBSINDIA,KBS India Ltd,INE883D01023,Equity
530361,PRABHHANS,Prabhhans Industries Ltd,INE428P01013,Equity
530363,UGARSUGAR,Ugar Sugar Works Ltd,INE071E01023,Equity
530365,ORIENTBELL,Orient Bell Ltd,INE607D01018,Equity
530367,NRBBEARING,NRB Bearings Ltd,INE349A01021,Equity
530369,VAMSHIRU,Vamshi Rubber Ltd,INE380C01014,Equity
530377,NILAINFRA,Nila Infrastructures Ltd,INE937C01029,Equity
530393,DBSTOCKBRO,DB International Stock Brokers Ltd,INE921B01025,Equity
530401,VINYOFL,Vinyoflex Ltd,INE526H01011,Equity
530405,JINDCAP,Jindal Capital Ltd,INE356F01017,Equity
530407,EPIC,EPIC Energy Ltd,INE932F01015,Equity
530419,SUMEDHA,Sumedha Fiscal Services Ltd,INE886B01012,Equity
530421,KUWERIN,Kuwer Industries Ltd,INE430F01010,Equity
530427,CHOKSI,Choksi Asia Ltd,INE865B01016,Equity
530429,ASHISHPO,Ashish Polyplast Ltd,INE831C01016,Equity
530431,ADORFO,ADOR FONTECH LTD.,INE853A01022,Equity
530433,SHIVAAGRO,Shiva Global Agro Industries Ltd,INE960E01019,Equity
530439,SIDDHA,Siddha Ventures Ltd,INE140C01012,Equity
530443,KIRANSY-B,Kiran Syntex Ltd,INE293D01017,Equity
530445,SUMERUIND,Sumeru Industries Ltd,INE764B01029,Equity
530449,RUNGTAIR,Rungta Irrigation Ltd,INE347C01013,Equity
530457,GTTDATA,GTT Data Solutions Ltd,INE959B01017,Equity
530459,VALSONQ,Valson Industries Ltd,INE808A01018,Equity
530461,SABOOSOD,Saboo Sodium Chloro Ltd,INE440C01016,Equity
530469,GSLSEC,GSL Securities Ltd,INE721D01017,Equity
530475,TINNARUBR,Tinna Rubber and Infrastructure Ltd,INE015C01016,Equity
530477,VIKRAMTH,Vikram Thermo India Ltd,INE337E01010,Equity
530495,STRATMONT,Stratmont Industries Ltd,INE473C01025,Equity
530499,AKCAPIT,AK Capital Services Ltd,INE701G01012,Equity
530517,RELAXO,Relaxo Footwears Ltd,INE131B01039,Equity
530521,VIRAT,Virat Industries Ltd,INE467D01017,Equity
530525,RRETAIL,Rajnish Retail Ltd,INE786J01033,Equity
530533,TERAI,Terai Tea Company Ltd,INE390D01011,Equity
530537,MANRAJH,Manraj Housing Finance Ltd,INE948I01015,Equity
530545,COSCO,Cosco India Ltd,INE949B01018,Equity
530547,KENFIN,Ken Financial Services Ltd,INE395E01018,Equity
530549,SHILPAMED,Shilpa Medicare Ltd,INE790G01031,Equity
530555,PARACABLES,Paramount Communications Ltd,INE074B01023,Equity
530557,NCLRESE,NCL Research & Financial Services Ltd,INE132F01038,Equity
530565,POPEES,Popees Cares Ltd,INE149B01015,Equity
530571,EXPLICITFIN,Explicit Finance Ltd,INE335G01019,Equity
530577,LADDERUP,Ladderup Finance Ltd,INE519D01015,Equity
530579,UYFINCORP,U. Y. Fincorp Ltd,INE152C01025,Equity
530581,EKAMLEA,Ekam Leasing & Finance Company Ltd,INE906L01025,Equity
530585,SWASTIKA,Swastika Investmart Ltd,INE691C01022,Equity
530589,PRIMAPLA,Prima Plastics Ltd,INE573B01016,Equity
530595,TELECANOR,TeleCanor Global Ltd,INE381G01013,Equity
530601,JAGSONSER,Jagsonpal Services Ltd,INE582C01015,Equity
530609,CARNATIN,Carnation Industries Ltd,INE081B01028,Equity
530611,STURDY,Sturdy Industries Ltd,INE134F01026,Equity
530615,GARGFUR,Garg Furnace Ltd,INE194E01015,Equity
530617,SAMPRE,Sampre Nutritions Ltd,INE375C01022,Equity
530621,AAIL,Akar Auto Industries Ltd,INE864E01021,Equity
530627,VIPULORG,Vipul Organics Ltd,INE834D01018,Equity
530643,ECORECO,Eco Recycling Ltd,INE316A01038,Equity
530655,GOODLUCK,Goodluck India Ltd,INE127I01024,Equity
530663,GOYALASS,Goyal Associates Ltd,INE912B01032,Equity
530665,ZENITHHE,Zenith Healthcare Ltd,INE812B01026,Equity
530669,ACEENGITEC,Ace Engitech Ltd,INE035401020,Equity
530675,YORKEXP,York Exports Ltd,INE057Q01018,Equity
530677,SUPREME,Supreme Holdings & Hospitality (India) Ltd,INE822E01011,Equity
530683,PITHP,Pithampur Poly Products Ltd,INE747D01012,Equity
530689,LYKISLTD,Lykis Ltd,INE624M01014,Equity
530695,PRIMEPRO,Prime Property Development Corporation Ltd,INE233C01023,Equity
530697,ZENLABS,Zenlabs Ethica Ltd,INE546F01013,Equity
530699,RAJRILTD,Raj Rayon Industries Ltd,INE533D01032,Equity
530705,ANIRIT,Anirit Ventures Ltd,INE161F01011,Equity
530709,GOWRALE,Gowra Leasing & Finance Ltd,INE225G01012,Equity
530711,JAGANLAM,Jagan Lamps Ltd,INE144C01014,Equity
530713,AJEL,AJEL LTD.,INE229B01015,Equity
530715,ALPSINDUS,Alps Industries Ltd,INE093B01015,Equity
530723,ASITCFIN,Asit C Mehta Financial Services Ltd,INE041B01014,Equity
530733,ENCODE,Encode Packaging India Ltd,INE900O01014,Equity
530735,SUPERBAK,Super Bakers India Ltd,INE897A01011,Equity
530741,OVOBELE,Ovobel Foods Ltd,INE812S01012,Equity
530745,ACSTECH,ACS Technologies Ltd,INE366C01021,Equity
530747,CHALLANI,Challani Capital Ltd,INE807A01010,Equity
530755,CORNE,Coral Newsprints Ltd,INE715D01019,Equity
530757,SHENTRA,Shentracon Chemicals Ltd,INE0OUS01011,Equity
530759,STERTOOLS,Sterling Tools Ltd,INE334A01023,Equity
530765,AGARWAL,Agarwal Fortune India Ltd,INE510B01018,Equity
530771,KLGCAP,KLG Capital Services Ltd,INE929C01018,Equity
530779,DYNAMICP,Dynamic Portfolio Management & Services Ltd,INE118C01018,Equity
530787,INLANPR,Inland Printers Ltd,INE055O01033,Equity
530789,CEEJAY,Ceejay Finance Ltd,INE358C01010,Equity
530795,SUNCITYSY,Suncity Synthetics Ltd,INE584D01019,Equity
530797,SHGANEL,Shree Ganesh Elastoplast Ltd,INE400N01017,Equity
530799,ANNAINFRA,Anna Infrastructures Ltd,INE336D01014,Equity
530803,BHAGERIA,Bhageria Industries Ltd,INE354C01027,Equity
530805,OIVL,Onesource Industries And Ventures Ltd,INE125F01032,Equity
530809,BNRUDY,BNR Udyog Ltd,INE355C01016,Equity
530813,KRBL,KRBL Ltd,INE001B01026,Equity
530821,SSPDL,SSPDL Ltd,INE838C01011,Equity
530825,DAIKAFFI,Daikaffil Chemicals India Ltd,INE789B01018,Equity
530829,CILSEC,Cil Securities Ltd,INE830A01012,Equity
530839,CLIOINFO,Clio Infotech Ltd,INE011B01017,Equity
530843,CUPID,Cupid Ltd,INE509F01029,Equity
530845,SUNSHIEL,Sunshield Chemicals Ltd,INE199E01014,Equity
530853,HIPOLIN,Hipolin Ltd,INE963A01011,Equity
530855,GDLLEAS,GDL Leasing & Finance Ltd,INE545E01018,Equity
530871,CHEMBOND,Chembond Material Technologies Ltd,INE995D01025,Equity
530879,CIFL,Capital India Finance Ltd,INE345H01024,Equity
530881,ABVL,Arunjyoti Bio Ventures Ltd,INE485K01022,Equity
530883,SUCROSA,Super Crop Safe Ltd,INE366G01022,Equity
530897,NGIND,NG Industries Ltd,INE825C01018,Equity
530899,ASIAPAK,Asia Pack Ltd,INE784M01016,Equity
530907,SICAPIT,SI Capital & Financial Services Ltd,INE417F01017,Equity
530909,ERPSOFT,ERP Soft Systems Ltd,INE308B01017,Equity
530917,RRSECUR,RR Securities Ltd,INE474H01014,Equity
530919,REMSONSIND,Remsons Industries Ltd,INE474C01023,Equity
530921,INTETHR,Integrated Thermoplastics Ltd,INE038N01015,Equity
530925,RAMSONS,Ramsons Projects Ltd,INE609D01014,Equity
530927,HARAFIN,Haryana Financial Corporation Ltd,INE737G01016,Equity
530929,RRPDEFENSE,RRP Defense Ltd,INE535P01015,Equity
530931,STANPACK,Stanpacks India Ltd,INE457D01018,Equity
530943,SABTNL,Sri Adhikari Brothers Television Network Ltd,INE416A01044,Equity
530951,RAMINFO,Raminfo Ltd,INE357B01022,Equity
530953,SUNILAGR,Sunil Agro Foods Ltd,INE224D01012,Equity
530959,DIANATEA,Diana Tea Company Ltd,INE012E01035,Equity
530961,VIKASECO,Vikas EcoTech Ltd,INE806A01020,Equity
530965,IOC,Indian Oil Corporation Ltd,INE242A01010,Equity
530973,ALFAICA,Alfa Ica India Ltd,INE042C01010,Equity
530977,SKCIL,Shri Keshav Cements And Infra Ltd,INE260E01014,Equity
530979,INDIAHOME,India Home Loan Ltd,INE274E01015,Equity
530985,JPTSEC,JPT Securities Ltd,INE630C01012,Equity
530991,ROOPAIND,Roopa Industries Ltd,INE443C01010,Equity
530993,SARTHAKGL,Sarthak Global Ltd,INE075H01019,Equity
530997,UNIQUEO,Unique Organics Ltd,INE333E01019,Equity
530999,BALAMINES,Balaji Amines Ltd,INE050E01027,Equity
531003,SWRNASE,Swarna Securities Ltd,INE595G01018,Equity
531015,VENMAX,Venmax Drugs and Pharmaceuticals Ltd,INE154G01022,Equity
531017,ARISE,Arihants Securities Ltd,INE190D01015,Equity
531025,VISAGAR,Visagar Financial Services Ltd,INE309H01038,Equity
531027,LIBORD,Libord Securities Ltd,INE267E01019,Equity
531029,BHATEXT,Bharat Textiles & Proofing Industries Ltd,INE201N01019,Equity
531033,REGAL,Regal Entertainment & Consultants Ltd,INE101E01010,Equity
531035,EBIX,Eraaya Lifespaces Ltd,INE432F01032,Equity
531039,SWADHATURE,Swadha Nature Ltd,INE0P4R01017,Equity
531041,COMPEAU,Competent Automobiles Company Ltd,INE823B01015,Equity
531043,ZDHJERK,Dhanvantri Jeevan Rekha Ltd,INE239F01015,Equity
531049,NEELKAN,Neelkanth Rockminerals Ltd,INE741D01015,Equity
531051,VINTAGES,Vintage Securities Ltd,INE153C01015,Equity
531065,OSWALOR,Oswal Overseas Ltd,INE906K01027,Equity
531067,CONTILI,Contil India Ltd,INE080G01029,Equity
531069,VIJSOLX,Vijay Solvex Ltd,INE362D01010,Equity
531080,SHRIKRISH,Shri Krishna Devcon Ltd,INE997I01012,Equity
531082,ALANKIT,Alankit Ltd,INE914E01040,Equity
531083,NIHARINF,Nihar Info Global Ltd,INE876E01033,Equity
531091,UNITDCR,United Credit Ltd,INE858C01027,Equity
531092,OMINFRAL,OM Infra Ltd,INE239D01028,Equity
531099,CHECKPOINT,Checkpoint Trends Ltd,INE396H01019,Equity
531109,ISHANCH,Ishan Dyes and Chemicals Ltd,INE561M01018,Equity
531111,GOTHIPL,Gothi Plascon India Ltd,INE538G01018,Equity
531112,BALUFORGE,Balu Forge Industries Ltd,INE011E01029,Equity
531119,CEENIK,Ceenik Exports India Ltd,INE418D01010,Equity
531120,PATELENG,Patel Engineering Ltd,INE244B01030,Equity
531126,KATIPATANG,Kati Patang Lifestyle Ltd,INE237C01016,Equity
531127,MENAMANI,Mena Mani Industries Ltd,INE148B01033,Equity
531129,INANI,Inani Marbles & Industries Ltd,INE635D01027,Equity
531137,GEMSI,Gemstone Investments Ltd,INE503D01027,Equity
531144,ELFORGE,El Forge Ltd,INE158F01017,Equity
531146,MEDICAMEQ,Medicamen Biotech Ltd,INE646B01010,Equity
531147,ALICON,Alicon Castalloy Ltd,INE062D01024,Equity
531153,DILIGENT,Diligent Industries Ltd,INE650C01036,Equity
531155,EPSOMPRO,Epsom Properties Ltd,INE601F01016,Equity
531156,ALFAVIO,Alfavision Overseas India Ltd,INE883B01027,Equity
531157,ORGCOAT,Organic Coatings Ltd,INE412E01011,Equity
531158,CATVISION,Catvision Ltd,INE660B01011,Equity
531161,ABMKNO,ABM Knowledgeware Ltd,INE850B01026,Equity
531162,EMAMILTD,Emami Ltd,INE548C01032,Equity
531163,KEMISTAR,Kemistar Corporation Ltd,INE971L01029,Equity
531164,LADIAMO,Laser Diamonds Ltd,INE995E01015,Equity
531168,ASSOCER,Associated Ceramics Ltd,INE771E01010,Equity
531169,SKPSEC,SKP Securities Ltd,INE709B01016,Equity
531173,SYSCHEM,Syschem India Ltd,INE121D01036,Equity
531175,BLSINFOTE,BLS INFOTECH LTD.,INE606B01022,Equity
531176,MEFCOMCAP,Mefcom Capital Markets Ltd,INE186C01023,Equity
531178,HEMANG,Hemang Resources Ltd,INE930A01010,Equity
531179,ARMANFIN,Arman Financial Services Ltd,INE109C01017,Equity
531190,TAVERNIER,Tavernier Resources Ltd,INE355H01015,Equity
531191,FILTRON,Filtron Engineers Ltd,INE589N01017,Equity
531199,GLANCE,Glance Finance Ltd,INE580D01017,Equity
531201,SHILCTECH,Shilchar Technologies Ltd,INE024F01011,Equity
531203,TRADEWELL,Tradewell Holdings Ltd,INE819G01012,Equity
531205,SPRIGHT,Spright Agro Ltd,INE179O01031,Equity
531207,CRESANTO,Cresanto Global Ltd,INE741C01017,Equity
531209,NUCLEUS,Nucleus Software Exports Ltd,INE096B01018,Equity
531210,COLINZ,Colinz Laboratories Ltd,INE923C01011,Equity
531212,NLFL,Nalin Lease Finance Ltd,INE606C01012,Equity
531213,MANAPPURAM,Manappuram Finance Ltd,INE522D01027,Equity
531215,RTSPOWR,RTS Power Corporation Ltd,INE005C01017,Equity
531216,COMFINTE,Comfort Intech Ltd,INE819A01049,Equity
531219,SHYAMACOMP,Shyama Computronics and Services Ltd,INE861E01019,Equity
531221,MAYURFL,Mayur Floorings Ltd,INE262W01012,Equity
531223,ANJANI,Anjani Synthetics Ltd,INE364D01032,Equity
531225,XTGLOBAL,Xtglobal Infotech Ltd,INE547B01028,Equity
531227,DECOMIC,Deco Mica Ltd,INE907E01010,Equity
531228,RANDER,Rander Corporation Ltd,INE821D01031,Equity
531233,RASIELEC,Rasi Electrodes Ltd,INE822D01021,Equity
531234,SCOOBEEDAY,Scoobee Day Garments (India) Ltd,INE962E01015,Equity
531235,CITIPOR,Citi Port Financial Services Ltd,INE494D01011,Equity
531237,DHRUVCA,Dhruva Capital Services Ltd,INE972E01014,Equity
531240,SHAMROIN,Shamrock Industrial Company Ltd,INE022F01015,Equity
531241,LINC,Linc Ltd,INE802B01027,Equity
531246,PRIMAIN,Prima Industries Ltd,INE723N01012,Equity
531253,INDGELA,India Gelatine & Chemicals Ltd,INE342D01012,Equity
531254,OPTIFIN,Optimus Finance Ltd,INE031G01022,Equity
531255,PARAGONF,Paragon Finance Ltd,INE015E01012,Equity
531257,PRATIKSH,Pratiksha Chemicals Ltd,INE530D01012,Equity
531259,ESHAMEDIA,Esha Media Research Ltd,INE328F01016,Equity
531260,REFEXRENEW,Refex Renewables & Infrastructure Ltd,INE332F01018,Equity
531262,EQUILATERA,Equilateral Enterprises Ltd,INE060N01019,Equity
531265,PROGREXV,Progrex Ventures Ltd,INE421E01012,Equity
531266,VSTTILLERS,VST Tillers Tractors Ltd,INE764D01017,Equity
531268,B2BSOFT,B2B Software Technologies Ltd,INE151B01011,Equity
531272,NIKKIGL,Nikki Global Finance Ltd,INE526C01012,Equity
531273,RADHEDE,Radhe Developers India Ltd,INE986B01044,Equity
531274,KINETRU,Kinetic Trust Ltd,INE674M01019,Equity
531278,ELIXIR,Elixir Capital Ltd,INE785D01012,Equity
531279,TRISHAKT,Trishakti Industries Ltd,INE238C01022,Equity
531280,PANKAJPO,Pankaj Polymers Ltd,INE698B01011,Equity
531281,MARBLE,Marble City India Ltd,INE807H01023,Equity
531283,CINDRELL,Cindrella Financial Services Ltd,INE897D01015,Equity
531286,ADHHATA,Adhata Global Ltd,INE586D01014,Equity
531287,NATPLASTI,National Plastic Technologies Ltd,INE896D01017,Equity
531288,LEADFIN,Lead Financial Services Ltd,INE531D01010,Equity
531289,NATFIT,National Fittings Ltd,INE643C01015,Equity
531297,ARTEFACT,Artefact Projects Ltd,INE885B01014,Equity
531300,AMITINT,Amit International Ltd,INE053D01015,Equity
531301,TUSALDAH,Tusaldah Ltd,INE319M01011,Equity
531304,NUTECGLOB,Nutech Global Ltd,INE960H01012,Equity
531306,DHPIND,DHP India Ltd,INE590D01016,Equity
531307,RRIL,RRIL Ltd,INE951M01037,Equity
531310,AVAILFC,Available Finance Ltd,INE325G01010,Equity
531314,INTCAPL,Integra Capital  Ltd,INE366H01012,Equity
531319,MARUTISE,Maruti Securities Ltd,INE368C01019,Equity
531322,HAVISHA,Sri Havisha Hospitality And Infrastructure Ltd,INE293B01029,Equity
531323,JAYIND,Jayatma Industries Ltd,INE250D01017,Equity
531324,ROSELABS,Roselabs Finance Ltd,INE475C01012,Equity
531327,CHARMS,Charms Industries Ltd,INE442C01012,Equity
531328,KRETTOSYS,Kretto Syscon Ltd,INE128R01023,Equity
531334,VIKALPS,Vikalp Securities Ltd,INE186E01011,Equity
531335,ZYDUSWELL,Zydus Wellness Ltd,INE768C01028,Equity
531337,WINPRO,WinPro Industries Ltd,INE974C01022,Equity
531338,MILESTONE,Milestone Global Ltd,INE151H01018,Equity
531340,BERVINL,Bervin Investment & Leasing Ltd,INE348I01018,Equity
531341,GUJINV,Gujarat Investa Ltd,INE373D01017,Equity
531344,CONCOR,Container Corporation of India Ltd,INE111A01025,Equity
531346,EASTRED,Eastern Treads Ltd,INE500D01015,Equity
531349,PANACEABIO,Panacea Biotec Ltd,INE922B01023,Equity
531352,PEETISEC,Peeti Securities Ltd,INE328D01011,Equity
531357,MERCURYEV,Mercury Ev-Tech Ltd,INE763M01028,Equity
531358,CHOICEIN,Choice International Ltd,INE102B01014,Equity
531359,SRAMSET,Shriram Asset Management Company Ltd,INE777G01012,Equity
531360,GOLECHA,Golechha Global Finance Ltd,INE427D01011,Equity
531364,EKANSH,Ekansh Concepts Ltd,INE005E01013,Equity
531370,SPAR,Sparc Electrex Ltd,INE960B01015,Equity
531373,BYKE,The Byke Hospitality Ltd,INE319B01014,Equity
531380,CSURGSU,Centenial Surgical Suture Ltd,INE405H01018,Equity
531381,ARIHANT,Arihant Foundations & Housing Ltd,INE413D01011,Equity
531387,HASTIFIN,Hasti Finance Ltd,INE671D01014,Equity
531390,UPSURGE,Upsurge Investment & Finance Ltd,INE890B01014,Equity
531395,PADAMCO,Padam Cotton Yarns Ltd,INE448D01025,Equity
531396,WOMENNET,Women Networks Ltd,INE905B01010,Equity
531397,POLYCON,Polycon International Ltd,INE262C01014,Equity
531398,SOURCENTRL,Source Natural Foods and Herbal Supplements Ltd,INE679C01027,Equity
531399,GGAUTO,GG Automotive Gears Ltd,INE493B01017,Equity
531400,ALMONDZ,Almondz Global Securities Ltd,INE326B01035,Equity
531402,LWSKNIT,LWS Knitwear Ltd,INE281M01013,Equity
531406,ANSINDUS,ANS Industries Ltd,INE234J01018,Equity
531409,ALCHCORP,Alchemist Corporation Ltd,INE057D01016,Equity
531411,TUNITEX,Tuni Textile Mills Ltd,INE560D01027,Equity
531412,RADIXIND,Radix Industries (India) Ltd,INE576N01014,Equity
531413,KIRANPR,Kiran Print Pack Ltd,INE516D01011,Equity
531416,NARPROP,Narendra Properties Ltd,INE603F01012,Equity
531417,MEGACOR,Mega Corporation Ltd,INE804B01023,Equity
531426,TNPL,Tamil Nadu Newsprint & Papers Ltd,INE107A01015,Equity
531431,SHAKTIPUMP,Shakti Pumps India Ltd,INE908D01010,Equity
531432,SYTIXSE,Systematix Securities Ltd,INE07P301011,Equity
531433,SUNGOLD,Sungold Capital Ltd,INE271D01013,Equity
531436,SAFFRON,Saffron Industries Ltd,INE474D01013,Equity
531437,PWASML,Prakash Woollen & Synthetic Mills Ltd,INE523I01016,Equity
531439,GOLDTECH,Aion-Tech Solutions Ltd,INE805A01014,Equity
531441,LYONSCO,Lyons Corporate Market Ltd,INE100F01019,Equity
531444,VARDHMAN,Vardhman Concrete Ltd,INE115C01014,Equity
531449,GRMOVER,GRM Overseas Ltd,INE192H01020,Equity
531453,MOHITIND,Mohit Industries Ltd,INE954E01012,Equity
531454,POLYLINK,Polylink Polymers India Ltd,INE323D01020,Equity
531456,MINAXI,Minaxi Textiles Ltd,INE952C01028,Equity
531458,BOSTONBIO,Boston Bio Systems Ltd,INE109B01019,Equity
531460,CONTICON,Continental Controls Ltd,INE545B01022,Equity
531465,NOUVEAU,Nouveau Global Ventures Ltd,INE317B01042,Equity
531471,DUKEOFS,Duke Offshore Ltd,INE397G01019,Equity
531472,CYBELEIND,Cybele Industries Ltd,INE183D01010,Equity
531486,FILME,Filmcity Media Ltd,INE600B01033,Equity
531489,CGVAK,CG Vak Software & Exports Ltd,INE084D01010,Equity
531494,NAVKARURB,Navkar Urbanstructure Ltd,INE268H01044,Equity
531495,BLUECOAST,Blue Coast Hotels Ltd,INE472B01011,Equity
531496,OMKAR,Omkar Overseas Ltd,INE680D01015,Equity
531497,MADHUCON,Madhucon Projects Ltd,INE378D01032,Equity
531499,SYBLY,Sybly Industries Ltd,INE080D01042,Equity
531500,RAJESHEXPO,Rajesh Exports Ltd,INE343B01030,Equity
531502,ESARIND,Esaar India Ltd,INE404L01039,Equity
531503,MARIS,Maris Spinners Ltd,INE866D01010,Equity
531505,INDERGR,Indergiri Finance Ltd,INE628F01019,Equity
531506,SKRABUL,Shukra Bullions Ltd,INE561E01015,Equity
531508,EVEREADY,Eveready Industries India Ltd,INE128A01029,Equity
531509,STEP2COR,Step Two Corporation Ltd,INE623D01015,Equity
531512,ORIENTTR,Orient Tradelink Ltd,INE681D01039,Equity
531515,MAHANIN,Mahan Industries Ltd,INE735D01041,Equity
531518,VIKASPROP,Vikas Proppant & Granite Ltd,INE767B01022,Equity
531521,DESHRAK,Desh Rakshak Aushdhalaya Ltd,INE971E01016,Equity
531525,ACESOFT,ACE Software Exports Ltd,INE849B01010,Equity
531529,SOFTRAKV,Softrak Venture Investment Ltd,INE562E01021,Equity
531531,HATSUN,Hatsun Agro Product Ltd,INE473B01035,Equity
531533,ACCEDERE,Accedere Ltd,INE578B01015,Equity
531537,MIZVEN,Mizzen Ventures Ltd,INE681K01026,Equity
531539,RISHDIGA,Rishabh Digha Steel & Allied Products Ltd,INE864D01015,Equity
531540,MAINFRA,Maruti Infrastructure Ltd,INE392G01028,Equity
531541,KOBO,Kobo Biotech Ltd,INE881A01015,Equity
531543,JINDWORLD,Jindal Worldwide Ltd,INE247D01039,Equity
531548,SOMANYCERA,Somany Ceramics Ltd,INE355A01028,Equity
531550,JHACC,Jhaveri Credits & Capital Ltd,INE865D01012,Equity
531552,RAGHUTOB,Raghunath Tobacco Company Ltd,INE754B01012,Equity
531553,DRL,Disha Resources Ltd,INE193D01019,Equity
531556,CORALFINAC,Coral India Finance & Housing Ltd,INE558D01021,Equity
531557,AMITSEC,Amit Securities Ltd,INE137E01014,Equity
531562,PUSHPIN,Pushpsons Industries Ltd,NA,Equity
531568,ASHUTPM,Ashutosh Paper Mills Ltd,INE723K01018,Equity
531569,SANJIVIN,Sanjivani Paranteral Ltd,INE860D01013,Equity
531572,RANJITSE,Ranjit Securities Ltd,INE863D01017,Equity
531574,VASINFRA,Vas Infrastructure Ltd,INE192C01013,Equity
531578,KMFBLDR,KMF Builders & Developers Ltd,INE580H01026,Equity
531582,BERYLSE,Beryl Securities Ltd,INE508J01015,Equity
531583,RAP,Rap Corp Ltd,INE483D01014,Equity
531585,DEVINE,Devine Impex Ltd,INE455C01014,Equity
531591,BAMPSL,Bampsl Securities Ltd,INE802A01037,Equity
531592,GENPHARMA,Genpharmasec Ltd,INE861N01036,Equity
531594,INCON,Incon Engineers Ltd,INE507D01010,Equity
531595,CGCL,Capri Global Capital Ltd,INE180C01042,Equity
531597,MIDPOLY,Midland Polymers Ltd,INE046M01036,Equity
531599,FDC,FDC Ltd,INE258B01022,Equity
531600,GOGIACAPGL,Gogia Capital Growth Ltd,INE832C01014,Equity
531608,GORANIN,Gorani Industries Ltd,INE792J01015,Equity
531609,KGPETRO,KG Petrochem Ltd,INE902G01016,Equity
531610,UFMINDL,UFM Industries Ltd,INE832E01010,Equity
531613,MAL,Meyer Apparel Ltd,INE100C01024,Equity
531616,STARCOM,Starcom Information Technology Ltd,INE347I01010,Equity
531624,COUNCODOS,Country Condos Ltd,INE695B01025,Equity
531626,OROSMITHS,Orosil Smiths India Ltd,INE628B01034,Equity
531628,TEJASSVI,Tejassvi Aaharam Ltd,INE173E01019,Equity
531633,LINCOLN,Lincoln Pharmaceuticals Ltd,INE405C01035,Equity
531635,SILVOAK,Silver Oak India Ltd,INE870J01019,Equity
531637,PRAVEG,Praveg Ltd,INE722B01019,Equity
531638,SURAJLTD,Suraj Ltd,INE713C01016,Equity
531640,SICL,Suvidha Infraestate Corporation Ltd,INE936N01010,Equity
531642,MARICO,Marico Ltd,INE196A01026,Equity
531644,TOKYOFIN,Tokyo Finance Ltd,INE546D01018,Equity
531647,BJDUP,BJ Duplex Boards Ltd,INE265C01025,Equity
531651,NATGENI,National General Industries Ltd,INE654H01011,Equity
531652,UVS,UVS Hospitality And Services Ltd,INE528C01018,Equity
531658,ABATEAS,Abate As Industries Ltd,INE454E01013,Equity
531661,HITTCO,Hittco Tools Ltd,INE863C01019,Equity
531663,YUVRAAJHPL,Yuvraaj Hygiene Products Ltd,INE139D01020,Equity
531667,RRMETAL,RR MetalMakers India Ltd,INE117K01013,Equity
531668,VISIONCO,Vision Corporation Ltd,INE661D01015,Equity
531671,KARNAWATI,Karnawati Innovation Ltd,INE214D01021,Equity
531672,INANISEC,Inani Securities Ltd,INE224C01014,Equity
531673,ANKIN,Anka India Ltd,INE067C01025,Equity
531676,VAGHANI,Vaghani Techno Build Ltd,INE554H01021,Equity
531677,ARISINT,Aris International Ltd,INE588E01026,Equity
531680,MAYUR,Mayur Leather Products Ltd,INE799E01011,Equity
531681,AMERISE,Amerise Biosciences Ltd,INE673C01020,Equity
531685,FRONTFN,Frontline Financial Services Ltd,INE776R01011,Equity
531686,ADVIKLA,Advik Laboratories Ltd,INE537C01019,Equity
531688,PRITHVIEXCH,Prithvi Exchange (India) Ltd,INE621B01021,Equity
531692,KHYATI,Khyati Multimedia Entertainment Ltd,INE593B01030,Equity
531694,RAINBOWF,Rainbow Foundations Ltd,INE230F01014,Equity
531696,VSDCONF,VSD Confin Ltd,INE489F01016,Equity
531716,TRICOMFRU,Tricom Fruit Products Ltd,INE843F01014,Equity
531717,VIDHIING,Vidhi Specialty Food Ingredients Ltd,INE632C01026,Equity
531719,BHAGCHEM,Bhagiradha Chemicals & Industries Ltd,INE414D01027,Equity
531723,GATECH,GACM Technologies Ltd,INE224E01028,Equity
531726,PANCHSHEEL,Panchsheel Organics Ltd,INE316G01019,Equity
531727,MENNPIS,Menon Pistons Ltd,INE650G01029,Equity
531735,PRISMFN,Prism Finance Ltd,INE429Q01019,Equity
531737,GREENCREST,Greencrest Financial Services Ltd,INE414C01045,Equity
531739,GENNEX,Gennex Laboratories Ltd,INE509C01026,Equity
531743,HIRAUTO,Hira Automobiles Ltd,INE258Z01013,Equity
531744,GINISILK,Gini Silk Mills Ltd,INE548B01018,Equity
531746,PRAENG,Prajay Engineers Syndicate Ltd,INE505C01016,Equity
531752,BIOGEN,Biogen Pharmachem Industries Ltd,INE703D01023,Equity
531758,GKCONS,GK Consultants Ltd,INE131D01019,Equity
531761,APOLLOPIPE,Apollo Pipes Ltd,INE126J01016,Equity
531762,UNJHAFOR,Unjha Formulations Ltd,INE576D01015,Equity
531768,POLYMED,Poly Medicure Ltd,INE205C01021,Equity
531769,PFLINFOTC,PFL Infotech Ltd,INE600F01018,Equity
531771,SHRADDHA,Shraddha Prime Projects Ltd,INE311M01018,Equity
531775,CISTRO,CISTRO Telelink Ltd,INE365C01023,Equity
531778,KACHCHH,Kachchh Minerals Ltd,INE059E01010,Equity
531779,PADALPO,Padmanabh Alloys & Polymers Ltd,INE630U01014,Equity
531780,KACL,Kaiser Corporation Ltd,INE229G01022,Equity
531784,KCLINFRA,KCL Infra Projects Ltd,INE469F01026,Equity
531794,SESHACHAL,Seshachal Technologies Ltd,INE331F01028,Equity
531795,ATULAUTO,Atul Auto Ltd,INE951D01028,Equity
531797,SCANPRO,Scan Projects Ltd,INE393D01015,Equity
531802,PRERINFRA,Prerna Infrabuild Ltd,INE426H01014,Equity
531810,METALCO,Metal Coatings India Ltd,INE161E01014,Equity
531812,SGNTE,SGN Telecoms Ltd,INE266C01023,Equity
531813,GANGAPA,Ganga Papers India Ltd,INE278O01015,Equity
531814,TIRSARJ,Tirupati Sarjan Ltd,INE297J01023,Equity
531821,MUNOTHFI,Munoth Financial Services Ltd,INE348D01019,Equity
531822,RODIUM,Rodium Realty Ltd,INE513E01024,Equity
531825,RCCEMEN,RCC Cements Ltd,INE335N01015,Equity
531832,NAGTECH,Nagarjuna Agri Tech Ltd,INE793H01017,Equity
531834,NATHUEC,Natura Hue Chem Ltd,INE487B01019,Equity
531840,IECEDU,IEC Education Ltd,INE172B01017,Equity
531841,INDUSFINL,Indus Finance Ltd,INE935D01013,Equity
531842,LAHOTIOV,Lahoti Overseas Ltd,INE515C01023,Equity
531845,ZENITHSTL,Zenith Steel Pipes & Industries Ltd,INE318D01020,Equity
531846,TRINITYLEA,Trinity League India Ltd,INE884X01011,Equity
531847,ASTAR,Asian Star Company Ltd,INE194D01017,Equity
531859,ORIRAIL,Oriental Rail Infrastructure Ltd,INE457G01029,Equity
531861,JOINDRE,Joindre Capital Services Ltd,INE024B01010,Equity
531862,BHARATAGRI,Bharat Agri Fert & Realty Ltd,INE842D01029,Equity
531867,UNITINT,Unitech International Ltd,INE929K01011,Equity
531869,SACHEMT,Sacheta Metals Ltd,INE433G01020,Equity
531870,POPULARES,Popular Estate Management Ltd,INE370C01015,Equity
531878,ANJANIFIN,Anjani Finance Ltd,INE283D01018,Equity
531885,SVAINDIA,SVA India Ltd,INE763K01014,Equity
531887,TACENT,Tacent Projects Ltd,INE149D01011,Equity
531888,REXNORD,Rexnord Electronics & Controls Ltd,INE687C01012,Equity
531889,IIL,Integrated Industries Ltd,INE882B01037,Equity
531892,KHANDSE,Khandwala Securities Ltd,INE060B01014,Equity
531893,SAWACA,Sawaca Enterprises Ltd,INE248B01023,Equity
531900,CCLINTER,CCL International Ltd,INE778E01031,Equity
531902,GALLOPENT,Gallops Enterprise Ltd,INE755J01012,Equity
531909,CROISSANCE,Croissance Ltd,INE587J01027,Equity
531910,MADHUVEER,Madhuveer Com 18 Network Ltd,INE312M01016,Equity
531911,GALAGEX,Galaxy Agrico Exports Ltd,INE803L01016,Equity
531913,GOPAIST,Gopal Iron & Steels Company Gujarat Ltd,INE641H01018,Equity
531918,HINDAPL,Hindustan Appliances Ltd,INE02XD01011,Equity
531921,AGARIND,Agarwal Industrial Corporation Ltd,INE204E01012,Equity
531923,DHAMPURE,Dhampure Specialty Sugars Ltd,INE956B01013,Equity
531925,SHAQUAK,Shantanu Sheorey Aquakult Ltd,INE545N01019,Equity
531928,GOLCA,Golden Carpets Ltd,INE595D01015,Equity
531929,INNOCORP,Innocorp Ltd,INE214B01017,Equity
531930,SARTHAKIND,Sarthak Industries Ltd,INE074H01012,Equity
531931,SAICAPI,Sai Capital Ltd,INE531X01018,Equity
531936,BLUECHIP,Blue Chip India Ltd,INE657B01025,Equity
531944,LEXORAA,Lexoraa Industries Ltd,INE185D01015,Equity
531946,CHADPAP,Chadha Papers Ltd,INE669W01018,Equity
531950,VERTEX,Vertex Securities Ltd,INE316D01024,Equity
531952,RIBATEX,Riba Textiles Ltd,INE811H01017,Equity
531959,NEWINFRA,Newtime Infrastructure Ltd,INE997D01021,Equity
531960,KASHYAP,Kashyap Tele-Medicines Ltd,INE108B01029,Equity
531962,SHREMETAL,Shree Metalloys Ltd,INE914B01012,Equity
531968,IITLPROJ,IITL Projects Ltd,INE786E01018,Equity
531971,HARIGOV,Hari Govind International Ltd,INE167F01018,Equity
531977,CHLOGIST,Chartered Logistics Ltd,INE558F01026,Equity
531978,AMBIKCO,Ambika Cotton Mills Ltd,INE540G01014,Equity
531979,HINDALUMI,Hind Aluminium Industries Ltd,INE227B01019,Equity
531980,SENINFO,Senthil Infotek Ltd,INE564B01015,Equity
531982,SPECFOOD,Spectrum Foods Ltd,INE547C01018,Equity
531989,DECPO,Deccan Polypacks Ltd,INE132E01015,Equity
531991,AMRAAGRI,Amraworld Agrico Ltd,INE735C01027,Equity
531994,AUTOPINS,Auto Pins (India) Ltd,INE706C01028,Equity
531996,ODYCORP,Odyssey Corporation Ltd,INE839E01023,Equity
531997,IKOMA,Ikoma Technologies Ltd,INE164D01010,Equity
532001,INDCTST,Inducto Steel Ltd,INE146H01018,Equity
532005,SAMINDUS,Sam Industries Ltd,INE653D01012,Equity
532007,SHVFL,Shree Vatsaa Finance & leasing Ltd,INE981C01019,Equity
532011,POOJAENT,Vashu Bhagnani Industries Ltd,INE147C01017,Equity
532015,GRAVITY,Gravity India Ltd,INE995A01013,Equity
532016,ESPIRE,Espire Hospitality Limited,INE176O01011,Equity
532019,LCCINFOTEC,LCC Infotech Ltd,INE938A01021,Equity
532022,FILATFASH,Filatex Fashions Ltd,INE185E01021,Equity
532024,AARCON,Aarcon Facilities Ltd,INE056J01015,Equity
532029,SINDHUTRAD,Sindhu Trade Links Ltd,INE325D01025,Equity
532035,UNISTRMU,UNISTAR MULTIMEDIA LTD.,INE808C01014,Equity
532039,ZENOTECH,Zenotech Laboratories Ltd,INE486F01012,Equity
532041,HINDBIO,Hindustan Bio Sciences Ltd,INE597C01021,Equity
532042,FRONTCORP,Frontline Corporation Ltd,INE092D01013,Equity
532051,SWELECTES,Swelect Energy Systems Ltd,INE409B01013,Equity
532053,WALLFORT,Wallfort Financial Services Ltd,INE121B01014,Equity
532054,KDDL,KDDL Ltd,INE291D01011,Equity
532056,TRUSTEDGE,Trustedge Capital Ltd,INE398H01015,Equity
532057,ABHICAP,Abhinav Capital Services Ltd,INE516F01016,Equity
532067,3BBLACKBIO,3B BlackBio Dx Ltd,INE994E01018,Equity
532070,SUMUKA,Sumuka Agro Industries Ltd,INE311N01016,Equity
532072,INTERDIGI,Interworld Digital Ltd,INE177D01020,Equity
532078,MONIND,Monind Ltd,INE407E01029,Equity
532083,SHKALYN,Shri Kalyan Holdings Ltd,INE079N01019,Equity
532090,ATVOENT,Atvo Enterprises Ltd,INE219M01021,Equity
532092,EPUJA,Epuja Spiritech Ltd,INE807D01030,Equity
532100,INDOCITY,Indo City Infotech Ltd,INE456B01014,Equity
532102,SBECSUG,SBEC Sugar Ltd,INE948G01019,Equity
532105,MEGFI,Mega Fin India Ltd,INE524D01015,Equity
532113,BRIJLEAS,Brijlaxmi Leasing & Finance Ltd,INE957E01031,Equity
532123,BSELALGO,BSEL Algo Ltd,INE395A01016,Equity
532124,RELIABVEN,Reliable Ventures India Ltd,INE419H01019,Equity
532131,TRIUMPIN,Triumph International Finance India Ltd,INE382B01012,Equity
532134,BANKBARODA,Bank of Baroda,INE028A01039,Equity
532138,SMCREDT,SMC Credits Ltd,INE440E01012,Equity
532139,GTEIT,G-Tech Info-Training Ltd,INE634D01038,Equity
532140,MOHITE,Mohite Industries Ltd,INE154B01023,Equity
532141,ACL,Andhra Cements Ltd,INE666E01020,Equity
532143,SKMEGGPROD,SKM Egg Products Export (India) Ltd,INE411D01015,Equity
532144,WELCORP,Welspun Corp Ltd,INE191B01025,Equity
532145,HOTLSILV,H S India Ltd,INE731B01010,Equity
532149,BANKINDIA,Bank of India,INE084A01016,Equity
532150,INDRAMEDCO,Indraprastha Medical Corporation Ltd,INE681B01017,Equity
532154,JOHNPHARMA,Johnson Pharmacare Ltd,INE560F01022,Equity
532155,GAIL,Gail (India) Ltd,INE129A01019,Equity
532156,VAIBHAVGBL,Vaibhav Global Ltd,INE884A01027,Equity
532159,TRESCON,Trescon Ltd,INE088D01011,Equity
532160,GUJSTATFIN,Gujarat State Financial Corporation,INE944A01011,Equity
532162,JKPAPER,JK Paper Ltd,INE789E01012,Equity
532163,SAREGAMA,Saregama India Ltd,INE979A01025,Equity
532164,MINOLTAF,Minolta Finance Ltd,INE514C01026,Equity
532167,OMKARPH,Omkar Pharmachem Ltd,INE501C01015,Equity
532172,ADROITINFO,Adroit Infotech Ltd,INE737B01033,Equity
532173,CYBERTECH,CyberTech Systems and Software Ltd,INE214A01019,Equity
532174,ICICIBANK,ICICI Bank Ltd,INE090A01021,Equity
532175,CYIENT,Cyient Ltd,INE136B01020,Equity
532178,ENGINERSIN,Engineers India Ltd,INE510A01028,Equity
532180,DHANBANK,Dhanlaxmi Bank Ltd,INE680A01011,Equity
532181,GMDCLTD,Gujarat Mineral Development Corporation Ltd,INE131A01031,Equity
532183,GAYATRI,Gayatri Sugars Ltd,INE622E01023,Equity
532187,INDUSINDBK,Indusind Bank Ltd,INE095A01012,Equity
532189,ITDC,India Tourism Development Corporation Ltd,INE353K01014,Equity
532209,J&KBANK,Jammu & Kashmir Bank Ltd,INE168A01041,Equity
532210,CUB,City Union Bank Ltd,INE491A01021,Equity
532212,ARCHIES,Archies Ltd,INE731A01020,Equity
532215,AXISBANK,AXIS Bank Ltd,INE238A01034,Equity
532216,HBSL,HB Stockholdings Ltd,INE550B01022,Equity
532217,CMXLTD,CMX Holdings Ltd,INE027F01014,Equity
532218,SOUTHBANK,South Indian Bank Ltd,INE683A01023,Equity
532219,ENERGYDEV,Energy Development Company Ltd,INE306C01019,Equity
532221,SONATSOFTW,Sonata Software Ltd,INE269A01021,Equity
532230,BENGALT,Bengal Tea & Fabrics Ltd,INE665D01016,Equity
532234,NATIONALUM,National Aluminium Company Ltd,INE139A01034,Equity
532240,INDNIPPON,India Nippon Electricals Ltd,INE092B01025,Equity
532256,NSIL,Nalwa Sons Investments Ltd,INE023A01030,Equity
532259,APARINDS,Apar Industries Ltd,INE372A01015,Equity
532262,TCIIND,TCI Industries Ltd,INE920B01019,Equity
532268,ACCELYA,Accelya Solutions India Ltd,INE793A01012,Equity
532271,ORCHASP,Orchasp Ltd,INE215B01022,Equity
532275,LANDMARC,Landmarc Leisure Corporation Ltd,INE394C01023,Equity
532281,HCLTECH,HCL Technologies Ltd,INE860A01027,Equity
532284,TCFCFINQ,TCFC Finance Ltd,INE389D01013,Equity
532285,GEOJITFSL,Geojit Financial Services Ltd,INE007B01023,Equity
532286,JINDALSTEL,Jindal Steel Ltd,INE749A01030,Equity
532290,BLBLIMITED,BLB Ltd,INE791A01024,Equity
532296,GLENMARK,Glenmark Pharmaceuticals Ltd,INE935A01035,Equity
532300,WOCKPHARMA,Wockhardt Ltd,INE049B01025,Equity
532303,INTEGHIT,Integrated Hitech Ltd,INE934A01012,Equity
532304,KJMCCORP,KJMC Corporate Advisors (India) Ltd,INE602C01011,Equity
532305,INDSWFTLAB,Ind-Swift Laboratories Ltd,INE915B01019,Equity
532309,GVPIL,GE Power India Ltd,INE878A01011,Equity
532310,SHREERAMA,Shree Rama Multi-Tech Ltd,INE879A01019,Equity
532313,MAHLIFE,Mahindra Lifespace Developers Ltd,INE813A01018,Equity
532315,GROARC,Groarc Industries India Ltd,INE042B01012,Equity
532320,VAARAD,Vaarad Ventures Ltd,INE418B01048,Equity
532321,ZYDUSLIFE,Zydus Lifesciences Ltd,INE010B01027,Equity
532323,SHIVACEM,Shiva Cement Ltd,INE555C01029,Equity
532324,CINEVISTA,Cinevista Ltd,INE039B01026,Equity
532326,INTENTECH,Intense Technologies Ltd,INE781A01025,Equity
532329,DANLAW,Danlaw Technologies India Ltd,INE310B01013,Equity
532331,AJANTPHARM,Ajanta Pharma Ltd,INE031B01049,Equity
532332,CURAA,Cura Technologies Ltd,INE117B01020,Equity
532333,HBPOR,HB Portfolio Ltd,INE638B01025,Equity
532334,HBESD,HB Estate Developers Ltd,INE640B01021,Equity
532335,AMBICAAGAR,Ambica Agarbathies & Aroma Industries Ltd,INE792B01012,Equity
532336,BARONINF,Baron Infotech Ltd,INE228B01017,Equity
532339,COMPUSOFT,Compucom Software Ltd,INE453B01029,Equity
532340,OMNIAX,Omni AXs Software Ltd,INE369B01019,Equity
532341,IZMO,IZMO Ltd,INE848A01014,Equity
532343,TVSMOTOR,TVS Motor Company Ltd,INE494B01023,Equity
532344,SOFTSOL,Softsol India Ltd,INE002B01016,Equity
532345,ACLGATI,Allcargo Gati Ltd,INE152B01027,Equity
532348,SUBEXLTD,Subex Ltd,INE754A01055,Equity
532349,TCI,Transport Corporation of India Ltd,INE688A01022,Equity
532350,PADMALAYAT,Padmalaya Telefilms Ltd,INE243B01016,Equity
532351,AKSHOPTFBR,Aksh Optifibre Ltd,INE523B01011,Equity
532354,VIRGOGLOB,Virgo Global Ltd,INE400B01020,Equity
532355,PICTUREHS,Picturehouse Media Ltd,INE448B01029,Equity
532356,TRIVENI,Triveni Engineering & Industries Ltd,INE256C01024,Equity
532357,MUKTAARTS,Mukta Arts Ltd,INE374B01019,Equity
532359,HITKITGLO,Hit Kit Global Solutions Ltd,INE309B01023,Equity
532362,NAGPI,Nagpur Power & Industries Ltd,INE099E01016,Equity
532365,DSSL,Dynacons Systems & Solutions Ltd,INE417B01040,Equity
532366,PNBGILTS,PNB Gilts Ltd,INE859A01011,Equity
532368,BCG,Brightcom Group Ltd,INE425B01027,Equity
532369,RAMCOIND,Ramco Industries Ltd,INE614A01028,Equity
532370,RAMCOSYS,Ramco Systems Ltd,INE246B01019,Equity
532371,TTML,Tata Teleservices (Maharashtra) Ltd,INE517B01013,Equity
532372,VIRINCHI,Virinchi Ltd,INE539B01017,Equity
532373,WEPSOLN,WEP Solutions Ltd,INE434B01029,Equity
532374,STLTECH,Sterlite Technologies Ltd,INE089C01029,Equity
532375,TIPSMUSIC,Tips Music Ltd,INE716B01029,Equity
532376,UMIYA-MRO,Umiya Buildcon Ltd,INE398B01018,Equity
532378,UNIVARTS,Universal Arts Ltd,INE464B01018,Equity
532379,FIRSTFIN,First Fintec Ltd,INE683B01047,Equity
532380,BABA,Baba Arts Ltd,INE893A01036,Equity
532382,BALAJITELE,Balaji Telefilms Ltd,INE794B01026,Equity
532384,TYCHE,Tyche Industries Ltd,INE443B01012,Equity
532386,CALSOFT,California Software Company Ltd,INE526B01014,Equity
532387,PNC,Pritish Nandy Communications Ltd,INE392B01011,Equity
532388,IOB,Indian Overseas Bank,INE565A01014,Equity
532390,TAJGVK,Taj Gvk Hotels & Resorts Ltd,INE586B01026,Equity
532392,CREATIVEYE,Creative Eye Ltd,INE230B01021,Equity
532395,AXISCADES,Axiscades Technologies Ltd,INE555B01013,Equity
532397,KONNDOR,Konndor Industries Ltd,INE971A01014,Equity
532398,UMESLTD,Usha Martin Education & Solutions Ltd,INE240C01028,Equity
532400,BSOFT,Birlasoft Ltd,INE836A01035,Equity
532402,USGTECH,USG Tech Solutions Ltd,INE718B01017,Equity
532403,4THGEN,Fourth Generation Information Systems Ltd,INE739B01039,Equity
532404,7TEC,Saven Technologies Ltd,INE856B01023,Equity
532406,AVANTEL,Avantel Ltd,INE005B01027,Equity
532407,MOSCHIP,Moschip Technologies Ltd,INE935B01025,Equity
532408,MEGASOFT,Megasoft Ltd,INE933B01012,Equity
532410,TRANSCOR,Transcorp International Ltd,INE330E01023,Equity
532413,CEREBRAINT,Cerebra Integrated Technologies Ltd,INE345B01019,Equity
532416,NEXTMEDIA,Next Mediaworks Ltd,INE747B01016,Equity
532419,SMARTLINK,Smartlink Holdings Ltd,INE178C01020,Equity
532424,GODREJCP,Godrej Consumer Products Ltd,INE102D01028,Equity
532425,GENUSPRIME,Genus Prime Infra Ltd,INE256D01014,Equity
532430,BFUTILITIE,BF Utilities Ltd,INE243D01012,Equity
532432,UNITDSPR,United Spirits Ltd,INE854D01024,Equity
532435,SANINFRA,Sanmit Infra Ltd,INE799C01031,Equity
532439,OLECTRA,Olectra Greentech Ltd,INE260D01016,Equity
532440,MPSLTD,MPS Ltd,INE943D01017,Equity
532443,CERA,Cera Sanitaryware Ltd,INE739E01017,Equity
532444,TSPIRITUAL,T Spiritual World Ltd,INE541C01037,Equity
532454,BHARTIARTL,Bharti Airtel Ltd,INE397D01024,Equity
532455,SHALIWIR,Shalimar Wires Industries Ltd,INE655D01025,Equity
532456,COMPINFO,Compuage Infocom Ltd,INE070C01037,Equity
532457,GULPOLY,Gulshan Polyols Ltd,INE255D01024,Equity
532460,PONNIERODE,Ponni Sugars (Erode) Ltd,INE838E01017,Equity
532461,PNB,Punjab National Bank,INE160A01022,Equity
532466,OFSS,Oracle Financial Services Software Ltd,INE881D01027,Equity
532467,HAZOOR,Hazoor Multi Projects Ltd,INE550F01049,Equity
532468,KAMAHOLD,Kama Holdings Ltd,INE411F01010,Equity
532470,MPFSL,MATHER & PLATT FIRE SYSTEMS LTD.,INE095E01022,Equity
532475,APTECHT,Aptech Ltd,INE266F01018,Equity
532477,UNIONBANK,Union Bank of India,INE692A01016,Equity
532478,UBL,United Breweries Ltd,INE686F01025,Equity
532479,ISMTLTD,ISMT LTD.,INE732F01019,Equity
532481,NOIDATOLL,Noida Toll Bridge Company Ltd,INE781B01015,Equity
532482,GRANULES,Granules India Ltd,INE101D01020,Equity
532483,CANBK,Canara Bank,INE476A01022,Equity
532485,BLIL,Balmer Lawrie Investments Ltd,INE525F01025,Equity
532486,POKARNA,Pokarna Ltd,INE637C01025,Equity
532488,DIVISLAB,Divis Laboratories Ltd,INE361B01024,Equity
532493,ASTRAMICRO,Astra Microwave Products Ltd,INE386C01029,Equity
532497,RADICO,Radico Khaitan Ltd,INE944F01028,Equity
532500,MARUTI,Maruti Suzuki India Ltd,INE585B01010,Equity
532503,RAJPALAYAM,Rajapalayam Mills Ltd,INE296E01026,Equity
532504,NAVINFLUOR,Navin Fluorine International Ltd,INE048G01026,Equity
532505,UCOBANK,UCO Bank,INE691A01018,Equity
532507,BAGFILMS,B.A.G. Films and Media Ltd,INE116D01028,Equity
532508,JSL,Jindal Stainless Ltd,INE220G01021,Equity
532509,SUPRAJIT,Suprajit Engineering Ltd,INE399C01030,Equity
532513,TVSELECT,TVS Electronics Ltd,INE236G01019,Equity
532514,IGL,Indraprastha Gas Ltd,INE203G01027,Equity
532515,TVTODAY,TV Today Network Ltd,INE038F01029,Equity
532521,PALREDTEC,Palred Technologies Ltd,INE218G01033,Equity
532522,PETRONET,Petronet LNG Ltd,INE347G01014,Equity
532523,BIOCON,Biocon Ltd,INE376G01013,Equity
532524,PTC,PTC India Ltd,INE877F01012,Equity
532525,MAHABANK,Bank of Maharashtra,INE457A01014,Equity
532527,RKFORGE,Ramkrishna Forgings Ltd,INE399G01023,Equity
532528,DATAMATICS,Datamatics Global Services Ltd,INE365B01017,Equity
532529,NDTV,New Delhi Television Ltd,INE155G01029,Equity
532531,STAR,Strides Pharma Science Ltd,INE939A01011,Equity
532532,JPASSOCIAT,Jaiprakash Associates Ltd,INE455F01025,Equity
532538,ULTRACEMCO,UltraTech Cement Ltd,INE481G01011,Equity
532539,UNOMINDA,UNO Minda Ltd,INE405E01023,Equity
532540,TCS,Tata Consultancy Services Ltd,INE467B01029,Equity
532541,COFORGE,Coforge Ltd,INE591G01025,Equity
532543,GULFPETRO,GP Petroleums Ltd,INE586G01017,Equity
532548,CENTURYPLY,Century Plyboards (India) Ltd,INE348B01021,Equity
532553,WELENT,Welspun Enterprises Ltd,INE625G01013,Equity
532555,NTPC,NTPC Ltd,INE733E01010,Equity
532604,SALSTEEL,S.A.L. Steel Ltd,INE658G01014,Equity
532605,JBMA,JBM Auto Ltd,INE927D01051,Equity
532610,DWARKESH,Dwarikesh Sugar Industries Ltd,INE366A01041,Equity
532612,INDOCO,Indoco Remedies Ltd,INE873D01024,Equity
532613,VIPCLOTHNG,VIP Clothing Ltd,INE450G01024,Equity
532614,IMPEXFERRO,Impex Ferro Tech Ltd,INE691G01015,Equity
532616,XCHANGING,Xchanging Solutions Ltd,INE692G01013,Equity
532617,JETAIRWAYS,JET AIRWAYS (INDIA) LTD.,INE802G01018,Equity
532621,MORARJEE,Morarjee Textiles Ltd,INE161G01027,Equity
532624,JINDALPHOT,Jindal Photo Ltd,INE796G01012,Equity
532626,POCL,Pondy Oxides & Chemicals Ltd,INE063E01053,Equity
532627,JPPOWER,Jaiprakash Power Ventures Ltd,INE351F01018,Equity
532628,3IINFOLTD,3i Infotech Ltd,INE748C01038,Equity
532629,MBECL,MCNALLY BHARAT ENGINEERING COMPANY LTD.,INE748A01016,Equity
532630,GOKEX,Gokaldas Exports Ltd,INE887G01027,Equity
532633,ALLDIGI,Alldigi Tech Ltd,INE835G01018,Equity
532636,IIFL,IIFL Finance Ltd,INE530B01024,Equity
532637,MANGALAM,Mangalam Drugs & Organics Ltd,INE584F01014,Equity
532638,SHOPERSTOP,Shoppers Stop Ltd,INE498B01024,Equity
532640,CYBERMEDIA,Cyber Media India Ltd,INE278G01037,Equity
532641,NDL,Nandan Denim Ltd,INE875G01048,Equity
532642,JSWHL,JSW Holdings Ltd,INE824G01012,Equity
532644,JKCEMENT,JK Cement Ltd,INE823G01014,Equity
532645,BEEYU,Beeyu Overseas Ltd,INE052B01011,Equity
532648,YESBANK,Yes Bank Ltd,INE528G01035,Equity
532649,NECLIFE,Nectar Lifesciences Ltd,INE023H01027,Equity
532650,MSPL,MSP Steel & Power Ltd,INE752G01015,Equity
532651,SPLIL,SPL Industries Ltd,INE978G01016,Equity
532652,KTKBANK,Karnataka Bank Ltd,INE614B01018,Equity
532654,MCLEODRUSS,Mcleod Russel India Ltd,INE942G01012,Equity
532656,FACORALL,Facor Alloys Ltd,INE828G01013,Equity
532659,IDFC,IDFC LIMITED,INE043D01016,Equity
532660,VIVIMEDLAB,Vivimed Labs Ltd,INE526G01021,Equity
532661,RML,Rane (Madras) Ltd,INE050H01012,Equity
532662,HTMEDIA,HT Media Ltd,INE501G01024,Equity
532663,SASKEN,Sasken Technologies Ltd,INE231F01020,Equity
532665,RAJVIR,Rajvir Industries Ltd,INE011H01014,Equity
532666,FCSSOFT,FCS Software Solutions Ltd,INE512B01022,Equity
532667,SUZLON,Suzlon Energy Ltd,INE040H01021,Equity
532668,AURIONPRO,Aurionpro Solutions Ltd,INE132H01018,Equity
532670,RENUKA,Shree Renuka Sugars Ltd,INE087H01022,Equity
532673,KMSUGAR,K M Sugar Mills Ltd,INE157H01023,Equity
532674,BASML,Bannari Amman Spinning Mills Ltd,INE186H01022,Equity
532676,PBAINFRA,PBA Infrastructure Ltd,INE160H01019,Equity
532683,AIAENG,AIA Engineering Ltd,INE212H01026,Equity
532684,EKC,Everest Kanto Cylinder Ltd,INE184H01027,Equity
532686,KERNEX,Kernex Microsystems India Ltd,INE202H01019,Equity
532687,REPRO,Repro India Ltd,INE461B01014,Equity
532689,PVRINOX,PVR Inox Ltd,INE191H01014,Equity
532694,ASMS,Bartronics India Ltd,INE855F01042,Equity
532695,CELEBRITY,Celebrity Fashions Ltd,INE185H01016,Equity
532696,EDUCOMP,Educomp Solutions Ltd,INE216H01027,Equity
532698,NITINSPIN,Nitin Spinners Ltd,INE229H01012,Equity
532699,ROHLTD,Royal Orchid Hotels Ltd,INE283H01019,Equity
532700,ENIL,Entertainment Network (India) Ltd,INE265F01028,Equity
532701,CELLA,Cella Space Ltd,INE266H01014,Equity
532702,GSPL,Gujarat State Petronet Ltd,INE246F01010,Equity
532705,JAGRAN,Jagran Prakashan Ltd,INE199G01027,Equity
532707,DYNPRO,Dynemic Products Ltd,INE256H01015,Equity
532708,GVKPIL,GVK Power & Infrastructure Ltd,INE251H01024,Equity
532710,SADBHAV,Sadbhav Engineering Ltd,INE226H01026,Equity
532712,RCOM,Reliance Communications Ltd,INE330H01018,Equity
532713,SAKUMA,Sakuma Exports Ltd,INE190H01024,Equity
532714,KEC,KEC International Ltd,INE389H01022,Equity
532716,GILLANDERS,Gillanders Arbuthnot & Company Ltd,INE047B01011,Equity
532717,INDOTECH,Indo Tech Transformers Ltd,INE332H01014,Equity
532719,BLKASHYAP,B. L. Kashyap and Sons Ltd,INE350H01032,Equity
532720,M&MFIN,Mahindra & Mahindra Financial Services Ltd,INE774D01024,Equity
532721,VISASTEEL,Visa Steel Ltd,INE286H01012,Equity
532722,NITCO,Nitco Ltd,INE858F01012,Equity
532723,MPDL,MPDL Ltd,INE493H01014,Equity
532725,SOLARINDS,Solar Industries India Ltd,INE343H01029,Equity
532726,GALLANTT,Gallantt Ispat Ltd,INE297H01019,Equity
532728,MALUPAPER,Malu Paper Mills Ltd,INE383H01017,Equity
532729,UTTAMSUGAR,Uttam Sugar Mills Ltd,INE786F01031,Equity
532730,SGL,STL Global Ltd,INE353H01010,Equity
532732,KKCL,Kewal Kiran Clothing Ltd,INE401H01017,Equity
532733,SUNTV,Sun TV Network Ltd,INE424H01027,Equity
532734,GPIL,Godawari Power and Ispat Ltd,INE177H01039,Equity
532735,RSYSTEMS,R Systems International Ltd,INE411H01032,Equity
532737,EMKAY,Emkay Global Financial Services Ltd,INE296H01011,Equity
532738,TICL,Twamev Construction And Infrastructure Ltd,INE388G01026,Equity
532740,LOKESHMACH,Lokesh Machines Ltd,INE397H01017,Equity
532741,KAMDHENU,Kamdhenu Ltd,INE390H01020,Equity
532742,PAUSHAKLTD,Paushak Ltd,INE111F01024,Equity
532744,GTNTEX,GTN Textiles Ltd,INE302H01017,Equity
532745,INDICAP,Inditrade Capital Ltd,INE347H01012,Equity
532748,PFOCUS,Prime Focus Ltd,INE367G01038,Equity
532749,ALLCARGO,Allcargo Logistics Ltd,INE418H01029,Equity
532754,GMRAIRPORT,GMR Airports Ltd,INE776C01039,Equity
532755,TECHM,Tech Mahindra Ltd,INE669C01036,Equity
532756,CIEINDIA,CIE Automotive India Ltd,INE536H01010,Equity
532757,VOLTAMP,Voltamp Transformers Ltd,INE540H01012,Equity
532759,ATLANTAA,Atlantaa Ltd,INE285H01022,Equity
532760,DEEPENR,Deep Energy Resources Ltd,INE677H01012,Equity
532761,HGM,HandsOn Global Management (HGM)Ltd,INE596H01014,Equity
532762,ACE,Action Construction Equipment Ltd,INE731H01025,Equity
532764,GEECEE,GeeCee Ventures Ltd,INE916G01016,Equity
532766,RICHAIND,RICHA INDUSTRIES LTD.,INE516H01012,Equity
532768,FIEMIND,Fiem Industries Ltd,INE737H01014,Equity
532771,JHS,JHS Svendgaard Laboratories Ltd,INE544H01014,Equity
532772,DCBBANK,DCB Bank Ltd,INE503A01015,Equity
532773,GLOBALVECT,Global Vectra Helicorp Ltd,INE792H01019,Equity
532774,INSPIRISYS,Inspirisys Solutions Ltd,INE020G01017,Equity
532775,GTLINFRA,GTL Infrastructure Ltd,INE221H01019,Equity
532776,SHIVAMAUTO,Shivam Autotech Ltd,INE637H01024,Equity
532777,NAUKRI,Info Edge (India) Ltd,INE663F01032,Equity
532779,TORNTPOWER,Torrent Power Ltd,INE813H01021,Equity
532780,PARSVNATH,Parsvnath Developers Ltd,INE561H01026,Equity
532782,SUTLEJTEX,Sutlej Textiles and Industries Ltd,INE645H01027,Equity
532783,LTFOODS,LT Foods Ltd,INE818H01020,Equity
532784,SOBHA,Sobha Ltd,INE671H01015,Equity
532785,RUCHIRA,Ruchira Papers Ltd,INE803H01014,Equity
532790,TANLA,Tanla Platforms Ltd,INE483C01032,Equity
532794,ZEEMEDIA,Zee Media Corporation Ltd,INE966H01019,Equity
532795,SITINET,Siti Networks Ltd,INE965H01011,Equity
532796,LUMAXTECH,Lumax Auto Technologies Ltd,INE872H01027,Equity
532797,AUTOIND,Autoline Industries Ltd,INE718H01014,Equity
532798,NETWORK18,Network 18 Media & Investments Ltd,INE870H01013,Equity
532799,HUBTOWN,Hubtown Ltd,INE703H01016,Equity
532800,TV18BRDCST,TV18 BROADCAST LTD.,INE886H01027,Equity
532801,CTE,Cambridge Technology Enterprises Ltd,INE627H01017,Equity
532804,TIIL,Technocraft Industries (India) Ltd,INE545H01011,Equity
532805,REDINGTON,Redington Ltd,INE891D01026,Equity
532806,AICHAMP,AI Champdany Industries Ltd,INE768E01024,Equity
532807,CINELINE,Cineline India Ltd,INE704H01022,Equity
532808,PGIL,Pearl Global Industries Ltd,INE940H01022,Equity
532809,FSL,Firstsource Solutions Ltd,INE684F01012,Equity
532810,PFC,Power Finance Corporation Ltd,INE134E01011,Equity
532811,AHLUCONT,Ahluwalia Contracts (India) Ltd,INE758C01029,Equity
532812,TFL,Transwarranty Finance Ltd,INE804H01012,Equity
532814,INDIANB,Indian Bank,INE562A01011,Equity
532815,SMSPHARMA,SMS Pharmaceuticals Ltd,INE812G01025,Equity
532817,ORIENTALTL,Oriental Trimex Ltd,INE998H01012,Equity
532820,ELAND,E-Land Apparel Ltd,INE311H01018,Equity
532822,IDEA,Vodafone Idea Ltd,INE669E01016,Equity
532825,JAGJANANI,Jagjanani Textiles Ltd,INE702H01018,Equity
532826,RAJTV,Raj Television Network Ltd,INE952H01027,Equity
532827,PAGEIND,Page Industries Ltd,INE761H01022,Equity
532828,AMDIND,AMD Industries Ltd,INE005I01014,Equity
532829,LEHAR,Lehar Footwears Ltd,INE976H01018,Equity
532830,ASTRAL,Astral Ltd,INE006I01046,Equity
532832,EMBDL,Embassy Developments Ltd,INE069I01010,Equity
532834,CAMLINFINE,Camlin Fine Sciences Ltd,INE052I01032,Equity
532835,ICRA,ICRA Ltd,INE725G01011,Equity
532839,DISHTV,Dish TV India Ltd,INE836F01026,Equity
532841,SAHYADRI,Sahyadri Industries Ltd,INE280H01015,Equity
532842,SRHHYPOLTD,Sree Rayalaseema Hi-Strength Hypo Ltd,INE917H01012,Equity
532843,FORTIS,Fortis Healthcare Ltd,INE061F01013,Equity
532845,TGBHOTELS,TGB Banquets and Hotels Ltd,INE797H01018,Equity
532847,HILTON,Hilton Metal Forging Ltd,INE788H01017,Equity
532848,DELTACORP,Delta Corp Ltd,INE124G01033,Equity
532850,MICEL,MIC Electronics Ltd,INE287C01037,Equity
532851,INSECTICID,Insecticides (India) Ltd,INE070I01018,Equity
532853,ASAHISONG,Asahi Songwon Colors Ltd,INE228I01012,Equity
532855,HARYNACAP,Haryana Capfin Ltd,INE928H01019,Equity
532856,TIMETECHNO,Time Technoplast Ltd,INE508G01029,Equity
532859,HGS,Hinduja Global Solutions Ltd,INE170I01016,Equity
532864,NELCAST,Nelcast Ltd,INE189I01024,Equity
532866,QUINTEGRA,Quintegra Solutions Ltd,INE033B01011,Equity
532867,V2RETAIL,V2 Retail Ltd,INE945H01013,Equity
532868,DLF,DLF Ltd,INE271C01023,Equity
532869,TARMAT,Tarmat Ltd,INE924H01018,Equity
532870,ANKITMETAL,Ankit Metal & Power Ltd,INE106I01010,Equity
532872,SPARC,Sun Pharma Advanced Research Company Ltd,INE232I01014,Equity
532873,HDIL,Housing Development and Infrastructure Ltd,INE191I01012,Equity
532875,ADSL,Allied Digital Services Ltd,INE102I01027,Equity
532878,ALPA,Alpa Laboratories Ltd,INE385I01010,Equity
532879,SSLEL,Sir Shadi Lal Enterprises Ltd,INE117H01019,Equity
532880,OMAXE,Omaxe Ltd,INE800H01010,Equity
532884,REFEX,Refex Industries Ltd,INE056I01025,Equity
532885,CENTRALBK,Central Bank of India,INE483A01010,Equity
532886,SELMC,SEL Manufacturing Company Ltd,INE105I01020,Equity
532887,NEUEON,Neueon Corporation Ltd,INE333I01044,Equity
532888,ASIANTILES,Asian Granito India Ltd,INE022I01019,Equity
532889,KPRMILL,K.P.R. Mill Limited,INE930H01031,Equity
532890,TAKE,Take Solutions Ltd,INE142I01023,Equity
532891,PURVA,Puravankara Ltd,INE323I01011,Equity
532892,MOTILALOFS,Motilal Oswal Financial Services Ltd,INE338I01027,Equity
532893,VTMLTD,VTM Ltd,INE222F01029,Equity
532894,INDOWIND,Indowind Energy Ltd,INE227G01018,Equity
532895,NAGREEKCAP,Nagreeka Capital & Infrastructure Ltd,INE245I01016,Equity
532896,MAGNUM,Magnum Ventures Ltd,INE387I01016,Equity
532898,POWERGRID,Power Grid Corporation of India Ltd,INE752E01010,Equity
532899,KSCL,Kaveri Seed Company Ltd,INE455I01029,Equity
532900,PAISALO,Paisalo Digital Ltd,INE420C01059,Equity
532902,CCCL,Consolidated Construction Consortium Ltd,INE429I01024,Equity
532904,SUPREMEINF,Supreme Infrastructure India Ltd,INE550H01011,Equity
532906,MAANALU,Maan Aluminium Ltd,INE215I01027,Equity
532907,IL&FSENGG,IL&FS Engineering and Construction Company Ltd,INE369I01014,Equity
532911,PARLEIND,Parle Industries Ltd,INE272G01014,Equity
532915,RELIGARE,Religare Enterprises Ltd,INE621H01010,Equity
532916,BVCL,Barak Valley Cements Ltd,INE139I01011,Equity
532918,RATHIBAR,Rathi Bars Ltd,INE575I01016,Equity
532921,ADANIPORTS,Adani Ports and Special Economic Zone Ltd,INE742F01042,Equity
532922,EDELWEISS,Edelweiss Financial Services Ltd,INE532F01054,Equity
532923,RGL,Renaissance Global Ltd,INE722H01024,Equity
532924,KOLTEPATIL,Kolte-Patil Developers Ltd,INE094I01018,Equity
532925,KAUSHALYA,Kaushalya Infrastructure Development Corporation Ltd,INE234I01028,Equity
532926,JYOTHYLAB,Jyothy Labs Ltd,INE668F01031,Equity
532927,ECLERX,eClerx Services Ltd,INE738I01010,Equity
532928,TARIL,Transformers and Rectifiers (India) Ltd,INE763I01026,Equity
532929,BRIGADE,Brigade Enterprises Ltd,INE791I01019,Equity
532930,BGRENERGY,BGR Energy Systems Ltd,INE661I01014,Equity
532931,BURNPUR,BURNPUR CEMENT LTD.,INE817H01014,Equity
532932,MANAKSIA,Manaksia Ltd,INE015D01022,Equity
532933,PORWAL,Porwal Auto Components Ltd,INE386I01018,Equity
532934,PPAP,PPAP Automotive Ltd,INE095I01015,Equity
532935,ARIES,Aries Agro Ltd,INE298I01015,Equity
532937,KUANTUM,Kuantum Papers Ltd,INE529I01021,Equity
532939,RPOWER,Reliance Power Ltd,INE614G01033,Equity
532940,JKIL,J. Kumar Infraprojects Ltd,INE576I01022,Equity
532941,CORDSCABLE,Cords Cable Industries Ltd,INE792I01017,Equity
532942,KNRCON,KNR Constructions Ltd,INE634I01029,Equity
532944,ONMOBILE,OnMobile Global Ltd,INE809I01019,Equity
532945,SEPC,SEPC Ltd,INE964H01014,Equity
532946,BANG,Bang Overseas Ltd,INE863I01016,Equity
532947,IRB,IRB Infrastructure Developers Ltd,INE821I01022,Equity
532951,GSS,GSS Infotech Ltd,INE871H01011,Equity
532952,NAHARCAP,Nahar Capital and Financial Services Ltd,INE049I01012,Equity
532953,VGUARD,V-Guard Industries Ltd,INE951I01027,Equity
532955,RECLTD,REC Ltd,INE020B01018,Equity
532957,GOKAKTEX,Gokak Textiles Ltd,INE642I01014,Equity
532960,DHANI,Dhani Services Ltd,INE274G01010,Equity
532966,TITAGARH,Titagarh Rail Systems Ltd,INE615H01020,Equity
532967,KIRIINDUS,Kiri Industries Ltd,INE415I01015,Equity
532974,BIRLAMONEY,Aditya Birla Money Ltd,INE865C01022,Equity
532975,TELOGICA,Telogica Ltd,INE778I01024,Equity
532976,JAIBALAJI,Jai Balaji Industries Ltd,INE091G01026,Equity
532977,BAJAJ-AUTO,Bajaj Auto Ltd,INE917I01010,Equity
532978,BAJAJFINSV,Bajaj Finserv Ltd,INE918I01026,Equity
532980,GOKUL,Gokul Refoils & Solvent Ltd,INE020J01029,Equity
532983,RPGLIFE,RPG Life Sciences Ltd,INE105J01010,Equity
532985,SENSEX1,Kotak S&P BSE Sensex ETF,INF174KA1JD7,Equity
532986,NIRAJ,Niraj Cement Structurals Ltd,INE368I01016,Equity
532987,RBL,RANE BRAKE LINING LTD.,INE244J01017,Equity
532988,RANEENGINE,RANE ENGINE VALVE LTD.,INE222J01013,Equity
532989,BAFNAPH,Bafna Pharmaceuticals Ltd,INE878I01022,Equity
532992,CHLLTD,CHL Ltd,INE790D01020,Equity
532993,SEJALLTD,Sejal Glass Ltd,INE955I01044,Equity
532994,ARCHIDPLY,Archidply Industries Ltd,INE877I01016,Equity
532998,LOTUSEYE,Lotus Eye Hospital And Institute Ltd,INE947I01017,Equity
533001,SOMICONVEY,Somi Conveyor Beltings Ltd,INE323J01019,Equity
533007,LGBFORGE,LGB Forge Ltd,INE201J01017,Equity
533012,LPDC,Landmark Property Development Company Ltd,INE197J01017,Equity
533014,SICAGEN,Sicagen India Ltd,INE176J01011,Equity
533018,SIMPLXMIL,Simplex Mills Company Ltd,INE457H01027,Equity
533019,SIMPLXPAP,Simplex Papers Ltd,INE456H01029,Equity
533022,20MICRONS,20 Microns Ltd,INE144J01027,Equity
533023,ZFCVINDIA,ZF Commercial Vehicle Control Systems India Ltd,INE342J01019,Equity
533029,ALKALI,Alkali Metals Ltd,INE773I01017,Equity
533033,ISGEC,ISGEC Heavy Engineering Ltd,INE858B01029,Equity
533047,IMFA,Indian Metals & Ferro Alloys Ltd,INE919H01018,Equity
533048,TPHQ,Teamo Productions HQ Ltd,INE065J01024,Equity
533056,VEDAVAAG,VEDAVAAG Systems Ltd,INE359B01010,Equity
533078,MANJEERA,MANJEERA CONSTRUCTIONS LTD.,INE320D01018,Equity
533080,MOLDTKPAC,Mold-Tek Packaging Ltd,INE893J01029,Equity
533088,MHRIL,Mahindra Holidays & Resorts India Ltd,INE998I01010,Equity
533090,EXCEL,Excel Realty N Infra Ltd,INE688J01023,Equity
533093,ROML,Raj Oil Mills Ltd,INE294G01026,Equity
533095,BENGALASM,Bengal & Assam Company Ltd,INE083K01017,Equity
533096,ADANIPOWER,Adani Power Ltd,INE814H01029,Equity
533098,NHPC,NHPC Ltd,INE848E01016,Equity
533100,PEIL,Premier Energy and Infrastructure Ltd,INE429K01012,Equity
533101,SURYAAMBA,Suryaamba Spinning Mills Ltd,INE360J01011,Equity
533104,GLOBUSSPR,Globus Spirits Ltd,INE615I01010,Equity
533106,OIL,Oil India Ltd,INE274J01014,Equity
533107,SWANDEF,Swan Defence And Heavy Industries Ltd,INE542F01020,Equity
533108,BTTL,Bhilwara Technical Textiles Ltd,INE274K01012,Equity
533110,SPSL,Shree Precoated Steels Ltd,INE318K01025,Equity
533121,EXPLEOSOL,Expleo Solutions Ltd,INE201K01015,Equity
533122,RTNPOWER,RattanIndia Power Ltd,INE399K01017,Equity
533137,DEN,Den Networks Ltd,INE947J01015,Equity
533138,ASTEC,Astec Lifesciences Ltd,INE563J01010,Equity
533146,DLINKINDIA,D-Link (India) Ltd,INE250K01012,Equity
533148,JSWENERGY,JSW Energy Ltd,INE121E01018,Equity
533149,YUNIKM,Yunik Managing Advisors Ltd,INE143K01019,Equity
533150,GODREJPROP,Godrej Properties Ltd,INE484J01027,Equity
533151,DBCORP,D. B. Corp Ltd,INE950I01011,Equity
533152,MBLINFRA,MBL Infrastructure Ltd,INE912H01013,Equity
533155,JUBLFOOD,Jubilant FoodWorks Ltd,INE797F01020,Equity
533156,VASCONEQ,Vascon Engineers Ltd,INE893I01013,Equity
533158,THANGAMAYL,Thangamayil Jewellery Ltd,INE085J01014,Equity
533160,DBREALTY,Valor Estate Ltd,INE879I01012,Equity
533161,EMMBI,Emmbi Industries Ltd,INE753K01015,Equity
533162,HATHWAY,Hathway Cable & Datacom Ltd,INE982F01036,Equity
533164,TEXMOPIPES,Texmo Pipes and Products Ltd,INE141K01013,Equity
533166,SUNDARAM,Sundaram Multi Pap Ltd,INE108E01023,Equity
533167,COROENGG,Coromandel Engineering Company Ltd,INE312J01012,Equity
533168,ROSSELLIND,Rossell India Ltd,INE847C01020,Equity
533169,MANINFRA,Man Infraconstruction Ltd,INE949H01023,Equity
533170,TAMBOLIIN,Tamboli Industries Ltd,INE864J01012,Equity
533177,IL&FSTRANS,IL&FS Transportation Networks Ltd,INE975G01012,Equity
533179,PERSISTENT,Persistent Systems Ltd,INE262H01021,Equity
533181,ISFT,Intrasoft Technologies Ltd,INE566K01011,Equity
533189,GOENKA,GOENKA DIAMOND & JEWELS LTD.,INE516K01024,Equity
533192,KCPSUGIND,KCP Sugar & Industries Corporation Ltd,INE790B01024,Equity
533193,KECL,Kirloskar Electric Company Ltd,INE134B01017,Equity
533202,SATCH,Satchmo Holdings Ltd,INE639K01016,Equity
533203,TARAPUR,Tarapur Transformers Ltd,INE747K01017,Equity
533206,SJVN,SJVN Ltd,INE002L01015,Equity
533208,EMAMIPAP,Emami Paper Mills Ltd,INE830C01026,Equity
533210,KRITINUT,Kriti Nutrients Ltd,INE798K01010,Equity
533212,GKB,GKB Ophthalmics Ltd,INE265D01015,Equity
533217,HMVL,Hindustan Media Ventures Ltd,INE871K01015,Equity
533218,EMAMIREAL,Emami Realty Ltd,INE778K01012,Equity
533227,AHLEAST,Asian Hotels (East) Ltd,INE926K01017,Equity
533229,BAJAJCON,Bajaj Consumer Care Ltd,INE933K01021,Equity
533239,PRAKASHSTL,Prakash Steelage Ltd,INE696K01024,Equity
533248,GPPL,Gujarat Pipavav Port Ltd,INE517F01014,Equity
533252,WELINV,Welspun Investments and Commercials Ltd,INE389K01018,Equity
533257,WAAREEINDO,Indosolar Ltd,INE866K01023,Equity
533259,SASTASUNDR,Sastasundar Ventures Ltd,INE019J01013,Equity
533260,CPCAP,CP Capital Ltd,INE521J01018,Equity
533261,EROSMEDIA,EROS INTERNATIONAL MEDIA LTD.,INE416L01017,Equity
533262,RAMKY,Ramky Infrastructure Ltd,INE874I01013,Equity
533263,GREENPOWER,Orient Green Power Company Ltd,INE999K01014,Equity
533267,CANTABIL,Cantabil Retail India Ltd,INE068L01024,Equity
533268,SEATV,Sea TV Network Ltd,INE351L01016,Equity
533269,WABAG,VA Tech Wabag Ltd,INE956G01038,Equity
533270,BEDMUTHA,Bedmutha Industries Ltd,INE844K01012,Equity
533271,ASHOKA,Ashoka Buildcon Ltd,INE442H01029,Equity
533272,JWL,Jupiter Wagons Ltd,INE209L01016,Equity
533273,OBEROIRLTY,Oberoi Realty Ltd,INE093I01010,Equity
533274,PRESTIGE,Prestige Estates Projects Ltd,INE811K01011,Equity
533275,SHAH,Shah Metacorp Ltd,INE482J01021,Equity
533278,COALINDIA,Coal India Ltd,INE522F01014,Equity
533282,GRAVITA,Gravita India Ltd,INE024L01027,Equity
533284,RPPINFRA,R P P Infra Projects Ltd,INE324L01013,Equity
533285,RDBIPL,RDB Infrastructure And Power Ltd,INE245L01028,Equity
533286,MOIL,Moil Ltd,INE490G01020,Equity
533287,ZEELEARN,Zee Learn Ltd,INE565L01011,Equity
533289,KTIL,Kesar Terminals & Infrastructure Ltd,INE096L01025,Equity
533292,A2ZINFRA,A2Z Infra Engineering Ltd,INE619I01012,Equity
533293,KIRLOSENG,Kirloskar Oil Engines Ltd,INE146L01010,Equity
533294,RKDL,Ravi Kumar Distilleries Ltd,INE722J01012,Equity
533295,PSB,Punjab & Sind Bank,INE608A01012,Equity
533296,FMNL,Future Market Networks Ltd,INE360L01017,Equity
533298,SURANASOL,Surana Solar Ltd,INE272L01022,Equity
533301,SHEKHAWATI,Shekhawati Industries Ltd,INE268L01046,Equity
533302,KICL,Kalyani Investment Company Ltd,INE029L01018,Equity
533303,BFINVEST,BF Investment Ltd,INE878K01010,Equity
533306,SUMMITSEC,Summit Securities Ltd,INE519C01017,Equity
533315,INOVSYNTH,Innovassynth Investments Ltd,INE690J01011,Equity
533316,STEL,STEL Holdings Ltd,INE577L01016,Equity
533317,OMKARCHEM,Omkar Speciality Chemicals Ltd,INE474L01016,Equity
533320,JUBLINDS,JUBILANT INDUSTRIES LTD.,INE645L01011,Equity
533326,TEXRAIL,Texmaco Rail & Engineering Ltd,INE621L01012,Equity
533329,INDTERRAIN,Indian Terrain Fashions Ltd,INE611L01021,Equity
533333,FCL,Fineotex Chemical Ltd,INE045J01034,Equity
533336,DHUNINV,Dhunseri Investments Ltd,INE320L01011,Equity
533339,ZENTEC,ZEN Technologies Ltd,INE251B01027,Equity
533343,LOVABLE,Lovable Lingerie Ltd,INE597L01014,Equity
533344,PFS,PTC India Financial Services Ltd,INE560K01014,Equity
533398,MUTHOOTFIN,Muthoot Finance Ltd,INE414G01012,Equity
533400,FCONSUMER,Future Consumer Ltd,INE220J01025,Equity
533407,TRUEGREEN,True Green Bio Energy Ltd,INE672K01025,Equity
533427,VMS,VMS Industries Ltd,INE932K01015,Equity
533451,KARMAENG,Karma Energy Ltd,INE725L01011,Equity
533452,DELPHIFX,Delphi World Money Ltd,INE726L01019,Equity
533470,RUSHIL,Rushil Decor Ltd,INE573K01025,Equity
533477,ENKEIWHEL,Enkei Wheels (India) Ltd,INE130L01014,Equity
533482,KRIDHANINF,Kridhan Infra Ltd,INE524L01026,Equity
533499,BGLOBAL,Bharatiya Global Infomedia Ltd,INE224M01013,Equity
533506,INVENTURE,Inventure Growth & Securities Ltd,INE878H01024,Equity
533519,LTF,L&T Finance Ltd,INE498L01015,Equity
533520,IBULLSLTD,Indiabulls Ltd,INE126M01010,Equity
533540,TREEHOUSE,Tree House Education & Accessories Ltd,INE040M01013,Equity
533543,BROOKS,Brooks Laboratories Ltd,INE650L01011,Equity
533552,RUPA,Rupa & Company Ltd,INE895B01021,Equity
533553,TDPOWERSYS,TD Power Systems Ltd,INE419M01027,Equity
533573,APLLTD,Alembic Pharmaceuticals Ltd,INE901L01018,Equity
533576,VASWANI,Vaswani Industries Ltd,INE590L01019,Equity
533581,PGEL,PG Electroplast Ltd,INE457L01029,Equity
533602,LESHAIND,Lesha Industries Ltd,INE050L01048,Equity
533605,SETUINFRA,Setubandhan Infrastructure Ltd,INE023M01027,Equity
533608,RDBRL,RDB Rasayans Ltd,INE123M01017,Equity
533629,TIJARIA,Tijaria Polypipes Ltd,INE440L01017,Equity
533632,ONELIFECAP,Onelife Capital Advisors Ltd,INE912L01015,Equity
533638,FLEXITUFF,Flexituff Ventures International Ltd,INE060J01017,Equity
533644,UEL,Ujaas Energy Ltd,INE899L01030,Equity
533655,TRITURBINE,Triveni Turbine Ltd,INE152M01016,Equity
533676,INDOTHAI,Indo Thai Securities Ltd,INE337M01021,Equity
533704,ESSARSHPNG,Essar Shipping Ltd,INE122M01019,Equity
533758,APLAPOLLO,APL Apollo Tubes Ltd,INE702C01027,Equity
533761,GPTINFRA,GPT Infraprojects Ltd,INE390G01014,Equity
533896,FERVENTSYN,Fervent Synergies Ltd,INE258M01011,Equity
533941,THOMASCOTT,Thomas Scott (India) Ltd,INE480M01011,Equity
533982,TERASOFT,Tera Software Ltd,INE482B01010,Equity
534060,PMCFIN,PMC Fincorp Ltd,INE793G01035,Equity
534063,FUTSOL,Futuristic Solutions Ltd,INE241F01011,Equity
534064,AIML,Alliance Integrated Metaliks Ltd,INE123D01024,Equity
534076,RHIM,Rhi Magnesita India Ltd,INE743M01012,Equity
534091,MCX,Multi Commodity Exchange of India Ltd,INE745G01035,Equity
534109,PYXISFIN,Pyxis Finvest Ltd,INE883L01018,Equity
534139,SCHNEIDER,Schneider Electric Infrastructure Ltd,INE839M01018,Equity
534190,OLPCL,Olympic Cards Ltd,INE550L01013,Equity
534309,NBCC,NBCC (India) Ltd,INE095N01031,Equity
534312,MTEDUCARE,MT Educare Ltd,INE472M01018,Equity
534328,HEXATRADEX,Hexa Tradex Ltd,INE750M01017,Equity
534338,MAXHEIGHTS,Max heights Infrastucture Ltd,INE393F01010,Equity
534369,TBZ,Tribhovandas Bhimji Zaveri Ltd,INE760L01018,Equity
534392,VSSL,Vardhman Special Steels Ltd,INE050M01012,Equity
534422,LOOKS,Looks Health Services Ltd,INE204N01013,Equity
534425,SPECIALITY,Speciality Restaurants Ltd,INE247M01014,Equity
534532,LYPSAGEMS,Lypsa Gems & Jewellery Ltd,INE142K01011,Equity
534535,META,String Metaverse Ltd,INE958L01026,Equity
534597,RTNINDIA,Rattanindia Enterprises Ltd,INE834M01019,Equity
534598,SAMPANN,Sampann Utpadan India Ltd,INE735M01018,Equity
534600,JTLIND,JTL Industries Ltd,INE391J01032,Equity
534612,AMTL,Advance Metering Technology Ltd,INE436N01029,Equity
534615,NECCLTD,North Eastern Carrying Corporation Ltd,INE553C01016,Equity
534618,WAAREERTL,Waaree Renewable Technologies Ltd,INE299N01021,Equity
534623,JUPITERIN,Jupiter Infomedia Ltd,INE524N01014,Equity
534639,VINAYAKPOL,Vinayak Polycon International Ltd,INE581M01016,Equity
534659,JOINTECAED,Jointeca Education Solutions Ltd,INE131N01018,Equity
534674,DUCON,Ducon Infratechnologies Ltd,INE741L01018,Equity
534675,PROZONER,Prozone Realty Ltd,INE195N01013,Equity
534680,SRGHFL,SRG Housing Finance Ltd,INE559N01010,Equity
534691,COMCL,Comfort Commotrade Ltd,INE456N01019,Equity
534708,SHANTIGURU,Shanti Guru Industries Ltd,INE892L01019,Equity
534732,CASPIAN,Caspian Corporate Services Ltd,INE176N01021,Equity
534733,AERPACE,Aerpace Industries Ltd,INE175N01023,Equity
534741,VIRTUALG,Virtual Global Education Ltd,INE247C01023,Equity
534742,ZUARI,Zuari Agro Chemicals Ltd,INE840M01016,Equity
534748,STEELXIND,Steel Exchange India Ltd,INE503B01021,Equity
534755,TRIOMERC,Trio Mercantile & Trading Ltd,INE234G01022,Equity
534758,CIGNITITEC,Cigniti Technologies Ltd,INE675C01017,Equity
534796,CDG,CDG Petchem Ltd,INE198N01017,Equity
534804,CARERATING,CARE Ratings Ltd,INE752H01013,Equity
534809,PCJEWELLER,PC Jeweller Ltd,INE785M01021,Equity
534816,INDUSTOWER,Indus Towers Ltd,INE121J01017,Equity
534920,COVIDH,Covidh Technologies Ltd,INE899M01020,Equity
534976,VMART,V-Mart Retail Ltd,INE665J01013,Equity
535136,NIBE,NIBE Ltd,INE149O01018,Equity
535204,MUKTA,Mukta Agriculture Ltd,INE160O01031,Equity
535205,MYSTICELE,Mystic Electronics Ltd,INE159O01033,Equity
535267,COMFINCAP,Comfort Fincap Ltd,INE274M01026,Equity
535276,SBISENSEX,SBI Mutual Fund - SBI Sensex ETF,INF200K01VT2,Equity
535279,BMAL,Bothra Metals & Alloys Ltd,INE583M01012,Equity
535322,REPCOHOME,Repco Home Finance Ltd,INE612J01015,Equity
535387,LAKHOTIA,Lakhotia Polyesters (India) Ltd,INE191O01010,Equity
535431,GCMSECU,GCM Securities Ltd,INE168O01026,Equity
535458,NIBL,NRB Industrial Bearings Ltd,INE047O01014,Equity
535514,PRIMECAPM,Prime Capital Market Ltd,INE748D01010,Equity
535566,KIFS,KIFS Financial Services Ltd,INE902D01013,Equity
535601,SREEL,Sreeleathers Ltd,INE099F01013,Equity
535602,SHARDAMOTR,Sharda Motor Industries Ltd,INE597I01028,Equity
535620,BINNYMILLS,Binny Mills Ltd,INE160L01011,Equity
535621,SVGLOBAL,S V Global Mill Ltd,INE159L01013,Equity
535647,SDC,SDC Techmedia Ltd,INE807O01011,Equity
535648,JUSTDIAL,Just Dial Ltd,INE599M01018,Equity
535657,OONE,ObjectOne Information Systems Ltd,INE860E01011,Equity
535667,IFINSEC,India Finsec Ltd,INE474O01010,Equity
535693,BRAHMINFRA,Brahmaputra Infrastructure Ltd,INE320I01017,Equity
535719,AMPVOLTS,Ampvolts Ltd,INE989J01017,Equity
535730,KHOOBSURAT,Khoobsurat Ltd,INE731G01027,Equity
535754,ORIENTCEM,Orient Cement Ltd,INE876N01018,Equity
535755,ABFRL,Aditya Birla Fashion and Retail Ltd,INE647O01011,Equity
535789,SAMMAANCAP,Sammaan Capital Ltd,INE148I01020,Equity
535910,MMLF,Money Masters Leasing & Finance Ltd,INE340O01021,Equity
535916,ALSL,Alacrity Securities Ltd,INE030P01017,Equity
535917,GCMCOMM,GCM Commodity & Derivatives Ltd,INE200P01016,Equity
535958,ESSENTIA,Integra Essentia Ltd,INE418N01035,Equity
536073,JULIEN,Julien Agro Infratech Ltd,INE890N01027,Equity
536264,TIGERLOGS,Tiger Logistics (India) Ltd,INE906O01029,Equity
536493,JKAGRI,JK Agri Genetics Ltd,INE690O01011,Equity
536507,FLFL,Future Lifestyle Fashions Ltd,INE452O01016,Equity
536565,NOVELIX,Novelix Pharmaceuticals Ltd,INE314I01036,Equity
536659,PVVINFRA,PVV Infra Ltd,INE428B01021,Equity
536672,VCU,VCU Data Management Ltd,INE962O01014,Equity
536709,INDRENEW,IND Renewable Energy Ltd,INE138O01029,Equity
536710,SRGFFL,SRG Fingrow Finance Ltd,INE326P01019,Equity
536737,ACFSL,Amrapali Capital and Finance Services Ltd,INE218P01018,Equity
536738,STELLAR,Stellar Capital Services Ltd,INE325P01011,Equity
536773,JPOLYINVST,Jindal Poly Investment and Finance Company Ltd,INE147P01019,Equity
536846,YURANUS,Yuranus Infrastructure Ltd,INE156M01017,Equity
536960,MOM100,Motilal Oswal Mutual Fund - Motilal Oswal MOSt Shares Midcap 100 ETF- Growth option,INF247L01023,Equity
536965,BPCAP,B. P. Capital Ltd,INE947C01010,Equity
536974,CPL,Captain Polyplast Ltd,INE536P01021,Equity
537007,NIFTYIETF,ICICI Prudential Nifty 50 ETF,INF109K012R6,Equity
537008,NIF100IETF,ICICI Prudential Nifty 100 ETF,INF109KC16V9,Equity
537069,ARNOLD,Arnold Holdings Ltd,INE185K01036,Equity
537253,SUNLOC,Sunil Healthcare Ltd,INE671C01016,Equity
537259,SUYOG,Suyog Telematics Ltd,INE442P01014,Equity
537291,NATHBIOGEN,Nath Bio-Genes (India) Ltd,INE448G01010,Equity
537292,AGRITECH,Agri- Tech (India) Ltd,INE449G01018,Equity
537326,CHEMTECH,Chemtech Industrial Valves Ltd,INE212P01011,Equity
537483,NIF100BEES,NIPPON INDIA ETF NIFTY 100,INF204K014N5,Equity
537536,DENISCHEM,Denis Chem Lab Ltd,INE051G01012,Equity
537573,POLYMAC,Polymac Thermoformers Ltd,INE826P01018,Equity
537582,UNISHIRE,Unishire Urban Infra Ltd,INE210P01015,Equity
537669,LAXMIPATI,Laxmipati Engineering Works Ltd,INE920P01019,Equity
537707,LADDU,Laddu Gopal Online Services Ltd,INE546I01025,Equity
537708,NIFTY1,Kotak Nifty 50 ETF,INF174K014P6,Equity
537709,HANSUGAR,Shree Hanuman Sugar & Industries Ltd,INE101H01013,Equity
537750,KIRANVYPAR,Kiran Vyapar Ltd,INE555P01013,Equity
537766,BCP,B.C. Power Controls Ltd,INE905P01028,Equity
537784,KCSL,Karnimata Cold Storage Ltd,INE576P01019,Equity
537785,RACE,Race Eco Chain Ltd,INE084Q01012,Equity
537800,MANGIND,Mangalam Industrial Finance Ltd,INE717C01025,Equity
537820,VIJIFIN,Viji Finance Ltd,INE159N01027,Equity
537839,PHOENIXTN,Phoenix Township Ltd,INE977M01024,Equity
537840,RAUNAQ,Raunaq International Ltd,INE523K01012,Equity
537985,INFRONICS,Infronics Systems Ltd,INE463B01036,Equity
538057,CPSEETF,CPSE ETF,INF457M01133,Equity
538081,HARIAAPL,Haria Apparels Ltd,INE493N01012,Equity
538092,VASUPRADA,Shri Vasuprada Plantations Ltd,INE574G01013,Equity
538119,RNBDENIMS,R&B Denims Ltd,INE012Q01021,Equity
538212,SHARPINV,Sharp Investments Ltd,INE909D01026,Equity
538268,WONDERLA,Wonderla Holidays Ltd,INE066O01014,Equity
538273,RESPONSINF,Response Informatics Ltd,INE401B01010,Equity
538319,GCMCAPI,GCM Capital Advisors Ltd,INE191P01017,Equity
538351,AFEL,A.F. Enterprises Ltd,INE663P01015,Equity
538365,INCREDIBLE,Incredible Industries Ltd,INE452L01012,Equity
538382,WESTLEIRES,West Leisure Resorts Ltd,INE266P01017,Equity
538395,NAM,Nam Securities Ltd,INE792G01011,Equity
538401,METSL,Maestros Electronics & Telecommunications Systems Ltd,INE318N01011,Equity
538402,SPS,SPS Finquest Ltd,INE502O01018,Equity
538422,JACKSON,Jackson Investments Ltd,INE508N01025,Equity
538446,MONEYBOXX,Moneyboxx Finance Ltd,INE296Q01012,Equity
538451,WORTH,Worth Investment & Trading Co Ltd,INE114O01020,Equity
538452,QUASAR,Quasar India Ltd,INE855P01033,Equity
538464,TPROJECT,Thirani Projects Ltd,INE901C01017,Equity
538465,AMARSEC,Amarnath Securities Ltd,INE745P01010,Equity
538476,CTL,Capital Trade Links Ltd,INE172D01021,Equity
538496,TARINI,Tarini International Ltd,INE849M01017,Equity
538520,SBL,Shivamshree Businesses Ltd,INE857P01021,Equity
538521,YAANENT,Yaan Enterprises Ltd,INE969E01010,Equity
538537,OMANSH,Omansh Enterprises Ltd,INE378P01036,Equity
538539,ANVRDHI,Annvrridhhi  Ventures Ltd,INE075K01013,Equity
538540,RLFL,Ramchandra Leasing & Finance Ltd,INE516P01015,Equity
538542,GOLDCOINHF,Gold Coin Health Foods Ltd,INE634J01019,Equity
538546,BRPL,Bansal Roofing Products Ltd,INE319Q01012,Equity
538556,ARMAN,Arman Holdings Ltd,INE510P01018,Equity
538562,SKIPPER,Skipper Ltd,INE439E01022,Equity
538563,SMTEL,SMT Engineering Ltd,INE673E01018,Equity
538564,JAMESWARREN,James Warren Tea Ltd,INE718P01017,Equity
538565,VISTARAMAR,Vistar Amar Ltd,INE878P01019,Equity
538567,GULFOILLUB,Gulf Oil Lubricants India Ltd,INE635Q01029,Equity
538568,FRUTION,Fruition Venture Ltd,INE836C01015,Equity
538569,TRIVENIENT,Triveni Enterprises Ltd,INE916P01025,Equity
538576,BHANDERI,Bhanderi Infracon Ltd,INE336Q01016,Equity
538579,ZINEMA,Zinema Media And Entertainment Ltd,INE641Q01019,Equity
538596,CEMAINFRA,Cemantic Infra-Tech Ltd,INE222B01028,Equity
538597,TTIENT,TTI Enterprise Ltd,INE404F01031,Equity
538598,VISHAL,Vishal Fabrics Ltd,INE755Q01025,Equity
538607,TOYAMSL,Toyam Sports Ltd,INE457P01020,Equity
538609,GAJANANSEC,Gajanan Securities Services Ltd,INE868G01019,Equity
538610,UNISON,Unison Metals Ltd,INE099D01026,Equity
538611,RTFL,Real Touch Finance Ltd,INE840I01014,Equity
538634,VRL,Vasundhara Rasayans Ltd,INE406F01010,Equity
538635,SNOWMAN,Snowman Logistics Ltd,INE734N01019,Equity
538646,QGO,QGO Finance Ltd,INE837C01013,Equity
538647,PURSHOTTAM,Purshottam Investofin Ltd,INE729C01020,Equity
538652,HCLTD,Hind Commerce Ltd,INE691J01019,Equity
538666,SHARDACROP,Sharda Cropchem Ltd,INE221J01015,Equity
538667,SIROHIA,Sirohia & Sons Ltd,INE785O01019,Equity
538668,MIIL,Meghna Infracon Infrastructure Ltd,INE898Q01015,Equity
538674,CITYONLINE,City Online Services Ltd,INE158C01014,Equity
538683,SENSEXBEES,Nippon India ETF S&P BSE Sensex,INF204KA1UN7,Equity
538684,ENCASH,Encash Entertainment Ltd,INE552Q01018,Equity
538685,SHEMAROO,Shemaroo Entertainment Ltd,INE363M01019,Equity
538706,ULTRACAB,Ultracab (India) Ltd,INE010R01023,Equity
538707,RCCL,Rajasthan Cylinders & Containers Ltd,INE929D01016,Equity
538708,ETIL,Econo Trade (India) Ltd,INE937K01014,Equity
538713,ATISHAY,Atishay Ltd,INE011R01013,Equity
538714,SANGAMFIN,Sangam Finserv Ltd,INE475D01010,Equity
538715,DHABRIYA,Dhabriya Polywood Ltd,INE260R01016,Equity
538716,ARYACAPM,Aryaman Capital Markets Ltd,INE229R01011,Equity
538730,PDSL,PDS Ltd,INE111Q01021,Equity
538731,HANMAN,Hanman Fit Ltd,INE982Q01017,Equity
538732,VGCL,Vibrant Global Capital Ltd,INE761Q01015,Equity
538733,STARLIT,Starlit Power Systems Ltd,INE909P01012,Equity
538734,CEINSYSTECH,Ceinsys Tech Ltd,INE016Q01014,Equity
538742,PANABYTE,Panabyte Technologies Ltd,INE516E01019,Equity
538743,MUDUNURU,Mudunuru Ltd,INE491C01027,Equity
538765,JSHL,JLA Infraville Shoppers Ltd,INE401Q01018,Equity
538770,CRANEINFRA,Crane Infrastructure Ltd,INE176L01017,Equity
538772,NIYOGIN,Niyogin Fintech Ltd,INE480D01010,Equity
538777,ASIACAP,Asia Capital Ltd,INE131Q01011,Equity
538778,KALYANCAP,Kalyan Capitals Ltd,INE149Q01021,Equity
538786,CIL,Citizen Infoline Ltd,INE473L01018,Equity
538787,GBFL,Goenka Business & Finance Ltd,INE997C01015,Equity
538788,GILADAFINS,Gilada Finance & Investments Ltd,INE918C01029,Equity
538794,JETSOLAR,Jet Solar Ltd,INE155R01018,Equity
538795,SAPPL,Shree Ajit Pulp And Paper Ltd,INE185C01017,Equity
538812,AANCHALISP,Aanchal Ispat Ltd,INE322R01014,Equity
538817,CAPPIPES,Captain Pipes Ltd,INE513R01026,Equity
538833,KAIZENAGRO,Kaizen Agro Infrabuild Ltd,INE891N01017,Equity
538834,JMJFIN,JMJ Fintech Ltd,INE242Q01016,Equity
538835,INTELLECT,Intellect Design Arena Ltd,INE306R01017,Equity
538836,MONTECARLO,Monte Carlo Fashions Ltd,INE950M01013,Equity
538837,JSTL,Jeevan Scientific Technology Ltd,INE237B01018,Equity
538838,ICL,Indo Cotspin Ltd,INE407P01017,Equity
538857,SCC,Scintilla Commercial & Credit Ltd,INE892C01018,Equity
538860,PANAFIC,Panafic Industrials Ltd,INE655P01029,Equity
538862,MYMONEY,My Money Securities Ltd,INE232L01018,Equity
538863,AMARNATH,Sri Amarnath Finance Ltd,INE985Q01010,Equity
538868,CSL,Continental Securities Ltd,INE183Q01020,Equity
538874,NEXUSSURGL,Nexus Surgical And Medicare Ltd,INE370Q01015,Equity
538875,SELLWIN,Sellwin Traders Ltd,INE195F01027,Equity
538881,GALADAFIN,Galada Finance Ltd,INE243E01010,Equity
538882,EMERALD,Emerald Finance Ltd,INE030Q01015,Equity
538890,MKEXIM,M.K. Exim (India) Ltd,INE227F01010,Equity
538891,MCLOUD,Magellanic Cloud Ltd,INE613C01026,Equity
538894,OCTAL,Octal Credit Capital Ltd,INE513C01010,Equity
538895,MIHIKA,Mihika Industries Ltd,INE779Q01017,Equity
538896,KANCHI,Kanchi Karpooram Ltd,INE081G01019,Equity
538897,SHRINIWAS,Shri Niwas Leasing And Finance Ltd,INE201F01015,Equity
538902,DTIL,Dhunseri Tea & Industries Ltd,INE341R01014,Equity
538918,VANICOM,Vani Commercials Ltd,INE661Q01017,Equity
538919,SKILVEN,Skyline Ventures India Ltd,INE055Q01012,Equity
538920,VINCOFE,Vintage Coffee And Beverages Ltd,INE498Q01014,Equity
538921,RAFL,Raghuvansh Agrofarms Ltd,INE865P01016,Equity
538922,COSYN,COSYN Ltd,INE029B01019,Equity
538923,SOFCOM,Sofcom Systems Ltd,INE499Q01012,Equity
538926,NAPL,Naturite Agro Products Ltd,INE223R01014,Equity
538928,KARNAVATI,Karnavati Finance Ltd,INE554R01020,Equity
538935,ABHIFIN,Abhishek Finlease Ltd,INE723C01015,Equity
538942,MERCANTILE,Mercantile Ventures Ltd,INE689O01013,Equity
538943,SONAL,Sonal Mercantile Ltd,INE321M01017,Equity
538952,ALFL,Abhinav Leasing & Finance Ltd,INE211D01027,Equity
538961,GENUSPAPER,Genus Paper & Boards Ltd,INE949P01018,Equity
538962,MINDACORP,Minda Corporation Ltd,INE842C01021,Equity
538964,MERCURYLAB,Mercury Laboratories Ltd,INE947G01011,Equity
538965,CONCORD,Concord Drugs Ltd,INE858L01010,Equity
538970,WARDINMOBI,Wardwizard Innovations & Mobility Ltd,INE945P01024,Equity
538975,SHREESEC,Shree Securities Ltd,INE397C01026,Equity
538979,GREENLAM,Greenlam Industries Ltd,INE544R01021,Equity
538987,TALBROSENG,Talbros Engineering Ltd,INE717E01013,Equity
538992,SAPL,SAR Auto Products Ltd,INE002E01010,Equity
538993,PUROHITCON,Purohit Construction Ltd,INE147J01012,Equity
539005,JAYATMA,Jayatma Enterprises Ltd,INE246D01015,Equity
539006,PTCIL,PTC Industries Ltd,INE596F01018,Equity
539011,CHENFERRO,Chennai Ferrous Industries Ltd,INE777O01016,Equity
539012,MEGRISOFT,Megri Soft Ltd,INE756R01013,Equity
539013,GITARENEW,Gita Renewable Energy Ltd,INE776O01018,Equity
539014,KALPACOMME,Kalpa Commercial Ltd,INE059Q01014,Equity
539015,ORTEL,Ortel Communications Ltd,INE849L01019,Equity
539016,NEIL,Neil Industries Ltd,INE396C01010,Equity
539017,STARHFL,Star Housing Finance Ltd,INE526R01028,Equity
539018,BEEKAY,Beekay Steel Industries Ltd,INE213D01015,Equity
539026,SSPNFIN,SSPN Finance Ltd,INE820R01017,Equity
539031,SETFBSE100,SBI Mutual Fund - SBI - ETF BSE 100,INF200KA1572,Equity
539032,FRASER,Fraser and Company Ltd,INE184Q01010,Equity
539040,TIRUPATIIN,Tirupati Innovar Ltd,INE812Q01016,Equity
539041,GANVERSE,Ganesha Ecoverse Ltd,INE369Q01017,Equity
539042,AGIIL,AGI Infra Ltd,INE976R01033,Equity
539044,MANAKSTEEL,Manaksia Steels Ltd,INE824Q01011,Equity
539045,MANAKALUCO,Manaksia Aluminium Company Ltd,INE859Q01017,Equity
539046,MANAKCOAT,Manaksia Coated Metals & Industries Ltd,INE830Q01018,Equity
539056,IMAGICAA,Imagicaaworld Entertainment Ltd,INE172N01012,Equity
539083,INOXWIND,Inox Wind Ltd,INE066P01011,Equity
539090,RAJPUTANA,Rajputana Investment and Finance Ltd,INE751R01014,Equity
539091,CITL,Consecutive Investment & Trading Company Ltd,INE187R01029,Equity
539096,AANANDALAK,Aananda Lakshmi Spinning Mills Ltd,INE197R01010,Equity
539097,URSUGAR,UR Sugar Industries Ltd,INE904R01027,Equity
539098,FILTRA,Filtra Consultants and Engineers Ltd,INE541R01019,Equity
539099,ATHCON,Athena Constructions Ltd,INE291R01011,Equity
539110,NORTHLINK,Northlink Fiscal and Capital Services Ltd,INE736P01019,Equity
539111,SHESHAINDS,Sheshadri Industries Ltd,INE193R01019,Equity
539112,SAB,SAB Industries Ltd,INE137M01017,Equity
539113,PML,Paul Merchants Ltd,INE291E01019,Equity
539115,ALANSCOTT,Alan Scott Enterprises Ltd,INE273F01022,Equity
539116,OPCHAINS,O. P. Chains Ltd,INE118Q01018,Equity
539117,SUJALA,Sujala Trading & Holdings Ltd,INE029H01016,Equity
539118,VRLLOG,VRL Logistics Ltd,INE366I01010,Equity
539119,JAINMARMO,Jain Marmo Industries Ltd,INE780Q01015,Equity
539120,GRAMEVA,Grameva Ltd,INE578R01011,Equity
539121,PALCO,Palco Metals Ltd,INE239L01013,Equity
539122,BODHTREE,Bodhtree Consulting Ltd,INE104F01029,Equity
539123,VBIND,V B Industries Ltd,INE334E01017,Equity
539124,SARVOTTAM,Sarvottam Finvest Ltd,INE822Q01015,Equity
539126,MEP,MEP Infrastructure Developers Ltd,INE776I01010,Equity
539132,WARDWIZFBL,Wardwizard Foods and Beverages Ltd,INE761D01021,Equity
539141,UFO,UFO Moviez India Ltd,INE527H01019,Equity
539143,PANTH,Panth Infinity Ltd,INE945O01019,Equity
539148,SHIVALIK,Shivalik Rasayan Ltd,INE788J01021,Equity
539149,ICSL,Integrated Capital Services Ltd,INE682B01023,Equity
539150,PNCINFRA,PNC Infratech Ltd,INE195J01029,Equity
539151,ARFIN,Arfin India Ltd,INE784R01023,Equity
539167,VLL,Virat Leasing Ltd,INE347L01022,Equity
539174,HELPAGE,Helpage Finlease Ltd,INE738P01015,Equity
539175,BLUEGOD,Bluegod Entertainment Ltd,INE924N01024,Equity
539176,HAWAENG,Hawa Engineers Ltd,INE230I01018,Equity
539177,AIIL,Authum Investment & Infrastructure Ltd,INE206F01022,Equity
539189,ADHBHUTIN,Adhbhut Infrastructure Ltd,INE578L01014,Equity
539190,DFL,Decillion Finance Ltd,INE848N01017,Equity
539195,POEL,POCL Enterprises Ltd,INE035S01028,Equity
539196,AEL,Amba Enterprises Ltd,INE829P01020,Equity
539198,CAPFIN,Capfin India Ltd,INE960C01013,Equity
539199,SGFIN,SG Finserve Ltd,INE618R01015,Equity
539201,SATIA,Satia Industries Ltd,INE170E01023,Equity
539206,GVBL,Genomic Valley Biotech Ltd,INE574D01010,Equity
539216,GARMNTMNTR,Garment Mantra Lifestyle Ltd,INE653S01028,Equity
539217,SRESTHA,Srestha Finvest Ltd,INE606K01049,Equity
539218,SAUMYA,Saumya Consultants Ltd,INE563C01015,Equity
539219,MUL,Mauria Udyog Ltd,INE150D01027,Equity
539220,MISHKA,Mishka Exim Ltd,INE540S01019,Equity
539221,SPORTKING,Sportking India Ltd,INE885H01029,Equity
539222,GROWINGTON,Growington Ventures India Ltd,INE451S01027,Equity
539224,HCKKVENTURE,HCKK Ventures Ltd,INE345Q01017,Equity
539226,RUDRA,Rudra Global Infra Products Ltd,INE027T01023,Equity
539227,LOYAL,Loyal Equipments Ltd,INE876S01017,Equity
539228,GGPL,Gala Global Products Ltd,INE480S01026,Equity
539230,CHEMIESYNT,Chemiesynth (Vapi) Ltd,INE829R01018,Equity
539246,JEL,Jyotirgamya Enterprises Ltd,INE805R01018,Equity
539251,BALKRISHNA,Balkrishna Paper Mills Ltd,INE875R01011,Equity
539252,SHYAMCENT,Shyam Century Ferrous Ltd,INE979R01011,Equity
539253,SURYAINDIA,Surya India Ltd,INE446E01019,Equity
539254,ADANIENSOL,Adani Energy Solutions Ltd,INE931S01010,Equity
539255,STARDELTA,Star Delta Transformers Ltd,INE541K01014,Equity
539265,AMRAFIN,Amrapali Fincap Ltd,INE990S01016,Equity
539267,SAMSRITA,Samsrita Labs Ltd,INE579N01018,Equity
539268,SYNGENE,Syngene International Ltd,INE398R01022,Equity
539273,PECOS,Pecos Hotels and Pubs Ltd,INE484S01010,Equity
539275,MSL,Mangalam Seeds Ltd,INE829S01016,Equity
539276,KAYA,Kaya Ltd,INE587G01015,Equity
539277,ALSTONE,Alstone Textiles (India) Ltd,INE184S01024,Equity
539278,SYMBIOX,Symbiox Investment & Trading Company Ltd,INE653R01012,Equity
539287,ORTINGLOBE,Ortin Global Ltd,INE749B01020,Equity
539288,AVI,AVI Polymers Ltd,INE897N01014,Equity
539289,AURUM,Aurum PropTech Ltd,INE898S01029,Equity
539290,OSWALGREEN,Oswal Greentech Ltd,INE143A01010,Equity
539291,VASUDHAGAM,Vasudhagama Enterprises Ltd,INE583K01016,Equity
539300,SUNRAKSHAK,Sunrakshakk Industries India Ltd,INE671K01027,Equity
539301,ARVSMART,Arvind SmartSpaces Ltd,INE034S01021,Equity
539302,POWERMECH,Power Mech Projects Ltd,INE211R01019,Equity
539309,RAMASTEEL,Rama Steel Tubes Ltd,INE230R01035,Equity
539310,THINKINK,Thinkink Picturez Ltd,INE365S01045,Equity
539312,SENSEXBETA,UTI BSE SENSEX ETF,INF789FB1X58,Equity
539313,NIFTYBETA,UTI NIFTY 50 ETF,INF789F1AZC0,Equity
539314,UNIAUTO,Universal Autofoundry Ltd,INE203T01012,Equity
539331,VETO,Veto Switchgears and Cables Ltd,INE918N01018,Equity
539332,NAVKARCORP,Navkar Corporation Ltd,INE278M01019,Equity
539334,SHREEPUSHK,Shree Pushkar Chemicals & Fertilisers Ltd,INE712K01011,Equity
539335,CHPLIND,CHPL Industries Ltd,INE714Q01014,Equity
539336,GUJGASLTD,Gujarat Gas Ltd,INE844O01030,Equity
539337,WAAREE,Waaree Technologies Ltd,INE725P01012,Equity
539346,SADBHIN,Sadbhav Infrastructure Project Ltd,INE764L01010,Equity
539352,PBFL,P. B. Films Ltd,INE212Q01019,Equity
539353,SALAUTO,Sal Automotive Ltd,INE724G01014,Equity
539354,POLYSPIN,Polyspin Exports Ltd,INE914G01029,Equity
539359,PRITIKAUTO,Pritika Auto Industries Ltd,INE583R01029,Equity
539378,SML,Soni Medicare Ltd,INE848R01018,Equity
539383,MAHAVEER,Mahaveer Infoway Ltd,INE019D01016,Equity
539384,KRISHNACAP,Krishna Capital and Securities Ltd,INE897B01019,Equity
539391,ACME,Acme Resources Ltd,INE636B01011,Equity
539393,KCL,Kabra Commercial Ltd,INE926E01010,Equity
539398,VISHALBL,Vishal Bearings Ltd,INE060T01024,Equity
539399,BELLACASA,Bella Casa Fashion & Retail Ltd,INE344T01014,Equity
539400,MALLCOM,Mallcom (India) Ltd,INE389C01015,Equity
539401,PJL,Patdiam Jewellery Ltd,INE473T01011,Equity
539402,NAKSH,Naksh Precious Metals Ltd,INE256S01012,Equity
539404,SATIN,Satin Creditcare Network Ltd,INE836B01017,Equity
539405,DITCO,Decorous Investment & Trading Co Ltd,INE183R01010,Equity
539406,SWAGTAM,Swagtam Trading & Services Ltd,INE150R01019,Equity
539407,GENCON,Generic Engineering Construction and Projects Ltd,INE854S01022,Equity
539408,KUBERJI,Kuber Udyog Ltd,INE594R01018,Equity
539409,NEERAJ,Neeraj Paper Marketing Ltd,INE894J01019,Equity
539428,TEJNAKSH,Tejnaksh Healthcare Ltd,INE030T01027,Equity
539434,BRIPORT,Brilliant Portfolios Ltd,INE661F01010,Equity
539435,RFSL,Richfield Financial Services Ltd,INE201C01012,Equity
539436,COFFEEDAY,Coffee Day Enterprises Ltd,INE335K01011,Equity
539437,IDFCFIRSTB,IDFC First Bank Ltd,INE092T01019,Equity
539447,BEARDSELL,Beardsell Ltd,INE520H01022,Equity
539448,INDIGO,InterGlobe Aviation Ltd,INE646L01027,Equity
539449,IGCIL,IGC Industries Ltd,INE099S01016,Equity
539450,SHK,S H Kelkar and Company Ltd,INE500L01026,Equity
539455,ARYAVAN,Aryavan Enterprise Ltd,INE360S01012,Equity
539468,TFSL,Typhoon Financial Services Ltd,INE761R01013,Equity
539469,PANORAMA,Panorama Studios International Ltd,INE258R01028,Equity
539470,SHREEGANES,Shree Ganesh Biotech (India) Ltd,INE051N01026,Equity
539479,GTV,GTV Engineering Ltd,INE910R01024,Equity
539480,LICNETFN50,LIC MF EXCHANGE TRADED FUND- NIFTY 50,INF767K01OS7,Equity
539486,GEETANJ,Geetanjali Credit and Capital Ltd,INE263R01010,Equity
539487,LICNETFSEN,LIC MF EXCHANGE TRADED FUND- SENSEX,INF767K01OT5,Equity
539488,TFLL,Tirupati Finlease Ltd,INE027S01017,Equity
539492,GARBIFIN,Garbi Finvest Ltd,INE721C01019,Equity
539494,SMARTFIN,Smart Finsec Ltd,INE766D01020,Equity
539495,RAJKOTINV,Rajkot Investment Trust Ltd,INE176R01014,Equity
539506,ADCON,Adcon Capital Services Ltd,INE805Q01028,Equity
539515,QUINT,Quint Digital Ltd,INE641R01017,Equity
539516,HDFCNIFTY,HDFC NIFTY 50 ETF,INF179KC1965,Equity
539517,HDFCSENSEX,HDFC S&P BSE Sensex ETF,INF179KC1HX2,Equity
539518,UDAYJEW,Uday Jewellery Industries Ltd,INE551B01012,Equity
539519,SATTVASUKU,Sattva Sukun Lifecare Ltd,INE280E01038,Equity
539521,NAVIGANT,Navigant Corporate Advisors Ltd,INE364T01012,Equity
539522,GROVY,Grovy India Ltd,INE343C01012,Equity
539523,ALKEM,Alkem Laboratories Ltd,INE540L01014,Equity
539524,LALPATHLAB,Dr. Lal PathLabs Ltd,INE600L01024,Equity
539526,SCTL,Suncare Traders Ltd,INE452S01025,Equity
539527,CREATIVE,Creative Castings Ltd,INE146E01015,Equity
539528,AAYUSH,Aayush Wellness Ltd,INE430R01023,Equity
539533,ELITECON,Elitecon International Ltd,INE669R01026,Equity
539542,LUXIND,Lux Industries Ltd,INE150G01020,Equity
539543,VALLEY,Valley Magnesite Company Ltd,INE834E01016,Equity
539544,ABHIINFRA,Abhishek Infraventures Ltd,INE281P01016,Equity
539545,APOORVA,Apoorva Leasing Finance and Investment Company Ltd,INE217S01014,Equity
539546,AGRIBIO,Agribio Spirits Ltd,INE679E01015,Equity
539551,NH,Narayana Hrudayalaya Ltd,INE410P01011,Equity
539552,FMEC,F Mec International Financial Services Ltd,INE108T01013,Equity
539559,DDIL,Deep Diamond India Ltd,INE005G01026,Equity
539560,ABHIJIT,Abhijit Trading Company Ltd,INE994N01019,Equity
539561,REMLIFE,Remedium Lifecare Ltd,INE549S01036,Equity
539562,AARNAV,Aarnav Fashions Ltd,INE750R01016,Equity
539574,SCL,Sunshine Capital Ltd,INE974F01025,Equity
539584,SIPTL,Sharanam Infraproject and Trading Ltd,INE104S01022,Equity
539593,SHIVA,Shivansh Finserve Ltd,INE728Q01014,Equity
539594,MISHTANN,Mishtann Foods Ltd,INE094S01041,Equity
539596,DELTA,Delta Industrial Resources Ltd,INE681Q01015,Equity
539598,CGFL,Credent Global Finance Ltd,INE727C01024,Equity
539599,KEL,Kotia Enterprises Ltd,INE079C01012,Equity
539607,BLUECLOUDS,Blue Cloud Softech Solutions Ltd,INE373T01047,Equity
539620,KEIL,Kanoria Energy & Infrastructure Ltd,INE534E01020,Equity
539621,BCLENTERPR,BCL Enterprises Ltd,INE368E01023,Equity
539636,PRECAM,Precision Camshafts Ltd,INE484I01029,Equity
539658,TEAMLEASE,TeamLease Services Ltd,INE985S01024,Equity
539659,KAMATS,Vikram Kamats Hospitality Ltd,INE564S01019,Equity
539660,BESTAGRO,Best Agrolife Ltd,INE052T01013,Equity
539661,ACEMEN,Ace Men Engg Works Ltd,INE023R01018,Equity
539662,BFLAFL,BFL Asset Finvest Ltd,INE948Q01018,Equity
539669,RGF,RGF Capital Markets Ltd,INE684D01025,Equity
539673,RCL,Radhagobind Commercial Ltd,INE792P01020,Equity
539678,QUICKHEAL,Quick Heal Technologies Ltd,INE306L01010,Equity
539679,KAPILRAJ,Kapil Raj Finance Ltd,INE332Q01023,Equity
539680,GANGAPHARM,Ganga Pharmaceuticals Ltd,INE615T01017,Equity
539681,DAL,Dynamic Archistructures Ltd,INE874E01012,Equity
539682,MOBAVENUE,Mobavenue AI Tech Ltd,INE622Q01019,Equity
539683,SHIVKAMAL,Shivkamal Impex Ltd,INE429R01017,Equity
539686,KPEL,K.P. Energy Ltd,INE127T01021,Equity
539691,RGCORP,Real Growth Corporation Ltd,INE836D01013,Equity
539692,IFINSER,Interactive Financial Services Ltd,INE064T01018,Equity
539697,HILIKS,Hiliks Technologies Ltd,INE966Q01010,Equity
539724,HYPERSOFT,Hypersoft Technologies Ltd,INE039D01014,Equity
539725,GOKULAGRO,Gokul Agro Resources Ltd,INE314T01033,Equity
539730,FREDUN,Fredun Pharmaceuticals Ltd,INE194R01017,Equity
539742,SIMBHALS,Simbhaoli Sugars Ltd,INE748T01016,Equity
539760,RELICAB,Relicab Cable Manufacturing Ltd,INE773T01014,Equity
539761,VKAL,Vantage Knowledge Academy Ltd,INE427T01025,Equity
539762,MEAPL,Modern Engineering And Projects Ltd,INE250S01015,Equity
539767,MNIL,Mega Nirman and Industries Ltd,INE216Q01010,Equity
539770,DARJEELING,Darjeeling Ropeway Company Ltd,INE830S01014,Equity
539773,ADVIKCA,Advik Capital Ltd,INE178T01024,Equity
539784,LICNFNHGP,LIC MF Exchange Traded Fund- NIFTY 100,INF767K01PC8,Equity
539785,PDMJEPAPER,Pudumjee Paper Products Ltd,INE865T01018,Equity
539787,HCG,HealthCare Global Enterprises Ltd,INE075I01017,Equity
539788,KDML,Khemani Distributors & Marketing Ltd,INE030U01025,Equity
539798,UMIYA,Umiya Tubes Ltd,INE173U01015,Equity
539799,BHARATWIRE,Bharat Wire Ropes Ltd,INE316L01019,Equity
539800,CHDCHEM,CHD Chemicals Ltd,INE043U01010,Equity
539807,INFIBEAM,Infibeam Avenues Ltd,INE483S01020,Equity
539814,LELAVOIR,LE Lavoir Ltd,INE204S01012,Equity
539819,MUDRA,Mudra Financial Services Ltd,INE967S01014,Equity
539834,BALGOPAL,Balgopal Commercial Ltd,INE119R01014,Equity
539835,SUPERIOR,Superior Finlease Ltd,INE574R01028,Equity
539837,RPEL,Raghav Productivity Enhancers Ltd,INE912T01018,Equity
539839,FRANKLIN,Franklin Leasing and Finance Ltd,INE399S01010,Equity
539841,LANCER,Lancer Container Lines Ltd,INE359U01028,Equity
539843,NINSYS,NINtec Systems Ltd,INE395U01014,Equity
539854,HALDER,Halder Venture Ltd,INE115S01010,Equity
539861,SKIL,SKIL Infrastructure Ltd,INE429F01012,Equity
539864,GHUSHINE,Ghushine Fintrrade Ocean Ltd,INE009U01011,Equity
539871,THYROCARE,Thyrocare Technologies Ltd,INE594H01019,Equity
539872,BAJAJHCARE,Bajaj Healthcare Ltd,INE411U01027,Equity
539875,RSDFIN,RSD Finance Ltd,INE616F01022,Equity
539876,CROMPTON,Crompton Greaves Consumer Electricals Ltd,INE299U01018,Equity
539883,PILANIINVS,Pilani Investment and Industries Corporation Ltd,INE417C01014,Equity
539884,DARSHANORNA,Darshan Orna Ltd,INE671T01028,Equity
539889,PARAGMILK,Parag Milk Foods Ltd,INE883N01014,Equity
539894,MADHAVIPL,Madhav Infra Projects Ltd,INE631R01026,Equity
539895,SPICELOUNG,Spice Lounge Food Works Ltd,INE631E01024,Equity
539900,DIDL,Dalmia Industrial Development Ltd,INE642P01019,Equity
539911,SNIM,Svarnim Trade Udyog Ltd,INE730R01042,Equity
539917,NAGAFERT,Nagarjuna Fertilizers and Chemicals Ltd,INE454M01024,Equity
539921,SEIL,Shanti Educational Initiatives Ltd,INE440T01028,Equity
539922,RGIL,Rotographics (India) Ltd,INE364S01014,Equity
539927,LIKHAMI,Likhami Consulting Ltd,INE920T01011,Equity
539938,MIL,Medico Intercontinental Ltd,INE858Q01019,Equity
539939,YASHCHEM,Yash Chemex Ltd,INE571U01010,Equity
539945,NV20IETF,ICICI Prudential Nifty50 Value 20 ETF,INF109KC11V0,Equity
539946,BAZELINTER,Bazel International Ltd,INE217E01014,Equity
539947,JLL,Jindal Leasefin Ltd,INE919T01013,Equity
539956,TAALENT,TAAL Enterprises Ltd,INE524T01011,Equity
539957,MGL,Mahanagar Gas Ltd,INE002S01010,Equity
539963,ZEAL,Zeal Aqua Ltd,INE819S01025,Equity
539978,QUESS,Quess Corp Ltd,INE615P01015,Equity
539979,DIGJAMLMTD,Digjam Ltd,INE731U01028,Equity
539980,MIDSELIETF,ICICI Prudential BSE Midcap Select ETF,INF109KC10W0,Equity
539982,ASYL,Advance Syntex Ltd,INE184U01012,Equity
539983,SIDH,Sidh Automobiles Ltd,INE403L01015,Equity
539984,HUIL,Hindusthan Urban Infrastructure Ltd,INE799B01017,Equity
539985,TITAANIUM,Titaanium Ten Enterprise Ltd,INE120V01014,Equity
539986,COMSYN,Commercial Syn Bags Ltd,INE073V01015,Equity
539991,CFEL,Confidence Futuristic Energetech Ltd,INE700F01024,Equity
539992,LLOYDSENGG,Lloyds Engineering Works Ltd,INE093R01011,Equity
539997,KPL,Kwality Pharmaceuticals Ltd,INE552U01010,Equity
540005,LTIM,LTIMindtree Ltd,INE214T01019,Equity
540006,EASTWEST,East West Freight Carriers Ltd,INE595R01023,Equity
540008,BSLSENETFG,Aditya Birla Sun Life BSE Sensex ETF,INF209KB10E8,Equity
540023,COLORCHIPS,Colorchips New Media Ltd,INE621I01042,Equity
540025,ADVENZYMES,Advanced Enzyme Technologies Ltd,INE837H01020,Equity
540026,LAHL,Ladam Affordable Housing Ltd,INE213U01019,Equity
540047,DBL,Dilip Buildcon Ltd,INE917M01012,Equity
540048,SPAL,S.P. Apparels Ltd,INE212I01016,Equity
540061,BIGBLOC,Bigbloc Construction Ltd,INE412U01025,Equity
540062,GOLDENCREST,Golden Crest Education & Services Ltd,INE222U01010,Equity
540063,ECS,ECS Biztech Ltd,INE925Q01024,Equity
540065,RBLBANK,RBL Bank Ltd,INE976G01028,Equity
540066,AMS,AMS Polymers Ltd,INE345U01019,Equity
540072,SHIVAEXPO,Shiva Granito Export Ltd,INE191V01015,Equity
540073,BLS,BLS International Services Ltd,INE153T01027,Equity
540078,MITSU,Mitsu Chem Plast Ltd,INE317V01016,Equity
540079,SPRAYKING,Sprayking Ltd,INE537U01037,Equity
540080,DHATRE,Dhatre Udyog Ltd,INE715T01031,Equity
540081,SABEVENTS,SAB Events & Governance Now Media Ltd,INE860T01019,Equity
540082,RSTL,Riddhi Steel and Tube Ltd,INE367U01013,Equity
540083,TVVISION,TV Vision Ltd,INE871L01013,Equity
540097,GAMCO,Gamco Ltd,INE890S01026,Equity
540108,TIAANC,Tiaan Consumer Ltd,INE864T01011,Equity
540115,LTTS,L&T Technology Services Ltd,INE010V01017,Equity
540124,GNA,G N A Axles Ltd,INE934S01014,Equity
540125,RADHIKAJWE,Radhika Jeweltech Ltd,INE583V01021,Equity
540132,SIIL,Sabrimala Industries India Ltd,INE400R01018,Equity
540133,ICICIPRULI,ICICI Prudential Life Insurance Company Ltd,INE726G01019,Equity
540134,IISL,Ishaan Infrastructures and Shelters Ltd,INE818R01011,Equity
540135,ARCFIN,ARC Finance Ltd,INE202R01026,Equity
540136,HPL,HPL Electric & Power Ltd,INE495S01016,Equity
540143,SAGARSOFT,Sagarsoft (India) Ltd,INE184B01012,Equity
540144,DRA,DRA Consultants Ltd,INE746V01016,Equity
540145,VALIANTORG,Valiant Organics Ltd,INE565V01010,Equity
540146,ACML,Aditya Consumer Marketing Ltd,INE427V01013,Equity
540147,SHASHIJIT,Shashijit Infraprojects Ltd,INE700V01021,Equity
540148,BINDALEXPO,Bindal Exports Ltd,INE564V01013,Equity
540150,MHEL,Mewar Hi-Tech Engineering Ltd,INE957U01011,Equity
540151,DIKSAT,Diksat Transworld Ltd,INE942P01013,Equity
540153,ENDURANCE,Endurance Technologies Ltd,INE913H01037,Equity
540154,IDFSENSEXE,Bandhan S&P BSE SENSEX ETF,INF194KA1T91,Equity
540159,PURPLE,Purple Entertainment Ltd,INE905R01016,Equity
540168,SUPRAPFSL,Supra Pacific Financial Services Ltd,INE268T01015,Equity
540173,PNBHOUSING,PNB Housing Finance Ltd,INE572E01012,Equity
540174,SOUTHERNIN,Southern Infoconsultants Ltd,INE298B01010,Equity
540175,REGENCY,Regency Fincorp Ltd,INE964R01013,Equity
540180,VBL,Varun Beverages Ltd,INE200M01039,Equity
540181,SALEM,Salem Erode Investments Ltd,INE894E01028,Equity
540189,UPROTECH,Unipro Technologies Ltd,INE448F01012,Equity
540190,FRANKLININD,Franklin Industries Ltd,INE789R01022,Equity
540192,LKPSEC,LKP Securities Ltd,INE341H01023,Equity
540198,OSIAJEE,Osiajee Texfab Ltd,INE186R01013,Equity
540199,CMBL,Corporate Merchant Bankers Ltd,INE850R01014,Equity
540203,SFL,Sheela Foam Ltd,INE916U01025,Equity
540204,EIKO,Eiko Lifesciences Ltd,INE666Q01016,Equity
540205,AVL,Aditya Vision Ltd,INE679V01027,Equity
540210,HEADSUP,Heads UP Ventures Ltd,INE759V01019,Equity
540212,TCIEXP,TCI Express Ltd,INE586V01016,Equity
540221,SHASHANK,Shashank Traders Ltd,INE508R01018,Equity
540222,LAURUSLABS,Laurus Labs Ltd,INE947Q01028,Equity
540243,NEWLIGHT,New Light Industries Ltd,INE835U01027,Equity
540252,VSL,Viram Suvarn Ltd,INE607V01028,Equity
540254,MTPL,Marg Techno Projects Ltd,INE245H01018,Equity
540259,SHANGAR,Shangar Decor Ltd,INE118R01032,Equity
540266,GLCL,Globe Commercials Ltd,INE804Q01013,Equity
540267,FLORACORP,Flora Corporation Ltd,INE318U01016,Equity
540268,TRU,TruCap Finance Ltd,INE615R01029,Equity
540269,SKL,Super Fine Knitters Ltd,INE459U01018,Equity
540270,RAIDEEPIND,Raideep Industries Ltd,INE923R01019,Equity
540293,PRICOLLTD,Pricol Ltd,INE726V01018,Equity
540310,CFL,Classic Filaments Ltd,INE181U01018,Equity
540311,JITFINFRA,JITF Infralogistics Ltd,INE863T01013,Equity
540318,SUERYAAKNI,Sueryaa Knitwear Ltd,INE249U01013,Equity
540332,TANVI,Tanvi Foods (India) Ltd,INE978V01015,Equity
540358,RMC,RMC Switchgears Ltd,INE655V01019,Equity
540359,PARMAX,Parmax Pharma Ltd,INE240T01014,Equity
540360,LLFICL,Leading Leasing Finance And Investment Company Ltd,INE715Q01029,Equity
540361,DANUBE,Danube Industries Ltd,INE575D01041,Equity
540366,RADIOCITY,Music Broadcast Ltd,INE919I01024,Equity
540376,DMART,Avenue Supermarts Ltd,INE192R01011,Equity
540377,IFL,IFL Enterprises Ltd,INE714U01024,Equity
540386,ONTIC,Ontic Finserve Ltd,INE989S01042,Equity
540393,SMLT,Sarthak Metals Ltd,INE017W01010,Equity
540395,CHEMCRUX,Chemcrux Enterprises Ltd,INE298W01016,Equity
540396,MANOMAY,Manomay Tex India Ltd,INE784W01015,Equity
540401,MAXIMUS,Maximus International Ltd,INE544W01021,Equity
540402,MANAS,Manas Properties Ltd,INE800W01019,Equity
540403,CLEDUCATE,CL Educate Ltd,INE201M01029,Equity
540404,PRIMEFRESH,Prime Fresh Ltd,INE442V01012,Equity
540405,OCEANIC,Oceanic Foods Ltd,INE711V01010,Equity
540416,OCTAWARE,Octaware Technologies Ltd,INE208U01019,Equity
540425,SHANKARA,Shankara Building Products Ltd,INE274V01019,Equity
540455,ESCORP,Escorp Asset Management Ltd,INE953W01016,Equity
540467,PARMSILK,Parmeshwari Silk Mills Ltd,INE808R01012,Equity
540468,KMSMEDI,KMS Medisurgi Ltd,INE870V01014,Equity
540481,CLFL,Classic Leasing & Finance Ltd,INE949C01016,Equity
540492,STARLENT,Starlineps Enterprises Ltd,INE594W01042,Equity
540497,SCHAND,S Chand and Company Ltd,INE807K01035,Equity
540515,KANUNGO,Kanungo Financiers Ltd,INE453S01015,Equity
540519,MEERA,Meera Industries Ltd,INE343X01018,Equity
540530,HUDCO,Housing & Urban Development Corporation Ltd,INE031A01017,Equity
540544,PSPPROJECT,PSP Projects Ltd,INE488V01015,Equity
540545,BGJL,Bhakti Gems and Jewellery Ltd,INE986W01016,Equity
540550,YUG,Yug Decor Ltd,INE796W01019,Equity
540570,VARIMAN,Variman Global Enterprises Ltd,INE717F01028,Equity
540575,STARCEMENT,Star Cement Ltd,INE460H01021,Equity
540590,RIDDHICORP,Riddhi Corporate Services Ltd,INE325X01015,Equity
540595,TEJASNET,Tejas Networks Ltd,INE010J01012,Equity
540596,ERIS,Eris Lifesciences Ltd,INE406M01024,Equity
540597,CONTAINER,Containerway International Ltd,INE319U01022,Equity
540602,GTPL,GTPL Hathway Ltd,INE869I01013,Equity
540611,AUBANK,AU Small Finance Bank Ltd,INE949L01017,Equity
540612,LOWVOLIETF,ICICI Prudential Nifty 100 Low Volatility 30 ETF,INF109KC19U5,Equity
540613,GEL,Gautam Exim Ltd,INE721X01015,Equity
540614,GGENG,G G Engineering Ltd,INE694X01030,Equity
540615,7NR,7NR Retail Ltd,INE413X01035,Equity
540642,SALASAR,Salasar Techno Engineering Ltd,INE170V01027,Equity
540647,GANGESSECU,Ganges Securities Ltd,INE335W01016,Equity
540648,PALASHSECU,Palash Securities Ltd,INE471W01019,Equity
540649,AVADHSUGAR,Avadh Sugar & Energy Ltd,INE349W01017,Equity
540650,MAGADSUGAR,Magadh Sugar & Energy Ltd,INE347W01011,Equity
540651,JIGAR,Jigar Cables Ltd,INE943X01015,Equity
540652,CTCL,Captain Technocast Ltd,INE931X01010,Equity
540654,GSTL,Globalspace Technologies Ltd,INE632W01016,Equity
540669,NEXT50BETA,UTI Nifty Next 50 ETF,INF789F1AUW9,Equity
540673,SIS,SIS Ltd,INE285J01028,Equity
540678,COCHINSHIP,Cochin Shipyard Ltd,INE704P01025,Equity
540679,HALEOSLABS,Haleos Labs Ltd,INE320X01016,Equity
540680,KIOCL,KIOCL Ltd,INE880L01014,Equity
540681,CHOTHANI,Chothani Foods Ltd,INE344X01016,Equity
540686,SMRUTHIORG,Smruthi Organics Ltd,INE172E01011,Equity
540691,ABCAPITAL,Aditya Birla Capital Ltd,INE674K01013,Equity
540692,APEX,Apex Frozen Foods Ltd,INE346W01013,Equity
540693,SHISHIND,Shish Industries Ltd,INE145Y01023,Equity
540694,ANG,ANG Lifesciences India Ltd,INE236W01016,Equity
540696,KCDGROUP,KCD Industries India Ltd,INE185U01035,Equity
540699,DIXON,Dixon Technologies (India) Ltd,INE935N01020,Equity
540700,BRNL,Bharat Road Network Ltd,INE727S01012,Equity
540701,DCAL,Dishman Carbogen Amcis Ltd,INE385W01011,Equity
540702,LASA,Lasa Supergenerics Ltd,INE670X01014,Equity
540703,PROCLB,Pro Clb Global Ltd,INE438C01010,Equity
540704,MATRIMONY,Matrimony.com Ltd,INE866R01028,Equity
540709,RHFL,Reliance Home Finance Ltd,INE217K01011,Equity
540710,CAPACITE,Capacite Infraprojects Ltd,INE264T01014,Equity
540715,SAGAR,Sagar Diamonds Ltd,INE146Y01013,Equity
540716,ICICIGI,ICICI Lombard General Insurance Company Ltd,INE765G01017,Equity
540717,PQIF,Polo Queen Industrial and Fintech Ltd,INE689M01025,Equity
540718,AAYUSHBULL,Aayush Art And Bullion Ltd,INE777X01017,Equity
540719,SBILIFE,SBI Life Insurance Company Ltd,INE123W01016,Equity
540724,DIAMONDYD,Prataap Snacks Ltd,INE393P01035,Equity
540725,SHAREINDIA,Share India Securities Ltd,INE932X01026,Equity
540726,TTFL,Trident Texofab Ltd,INE071Y01013,Equity
540727,POOJA,Poojawestern Metaliks Ltd,INE973X01012,Equity
540728,SAYAJIIND,Sayaji Industries Ltd,INE327G01032,Equity
540729,VANTABIO,Vanta Bioscience Ltd,INE695X01011,Equity
540730,MEHAI,Mehai Technology Ltd,INE062Y01020,Equity
540735,IRIS,IRIS RegTech Solutions Ltd,INE864K01010,Equity
540737,SGRL,Shree Ganesh Remedies Ltd,INE414Y01015,Equity
540738,STL,Shreeji Translogistics Ltd,INE402Y01028,Equity
540743,GODREJAGRO,Godrej Agrovet Ltd,INE850D01014,Equity
540749,MASFIN,MAS Financial Services Ltd,INE348L01012,Equity
540750,IEX,Indian Energy Exchange Ltd,INE022Q01020,Equity
540755,GICRE,General Insurance Corporation of India,INE481Y01014,Equity
540756,KAARYAFSL,Kaarya Facilities and Services Ltd,INE282Y01016,Equity
540757,SCPL,Sheetal Cool Products Ltd,INE501Y01019,Equity
540762,TIINDIA,Tube Investments of India Ltd,INE974X01010,Equity
540767,NAM-INDIA,Nippon Life India Asset Management Ltd,INE298J01013,Equity
540768,MAHLOG,Mahindra Logistics Ltd,INE766P01016,Equity
540769,NIACL,The New India Assurance Company Ltd,INE470Y01017,Equity
540774,IFGLEXPOR,IFGL Refractories Ltd,INE133Y01011,Equity
540775,KHADIM,Khadim India Ltd,INE834I01025,Equity
540776,5PAISA,5paisa Capital Ltd,INE618L01018,Equity
540777,HDFCLIFE,HDFC Life Insurance Company Ltd,INE795G01014,Equity
540782,SBRANDS,Sanghvi Brands Ltd,INE204Y01010,Equity
540786,SHARIKA,Sharika Enterprises Ltd,INE669Y01022,Equity
540787,ICICIB22,BHARAT 22 ETF - ICICI Prudential AMC,INF109KB15Y7,Equity
540788,ASPIRA,Aspira Pathlab & Diagnostics Ltd,INE500C01017,Equity
540789,DNAMEDIA,Diligent Media Corporation Ltd,INE016M01021,Equity
540795,DYCL,Dynamic Cables Ltd,INE600Y01019,Equity
540796,RATNABHUMI,Ratnabhumi Developers Ltd,INE821Y01011,Equity
540797,SHALBY,Shalby Ltd,INE597J01018,Equity
540798,FSC,Future Supply Chain Solutions Ltd,INE935Q01015,Equity
540809,MRCAGRO,MRC Agrotech Ltd,INE333Y01017,Equity
540811,DML,Diggi Multitrade Ltd,INE158R01012,Equity
540821,CRYSTAL,Crystal Business System Ltd,INE994R01028,Equity
540824,ASTRON,Astron Paper & Board Mill Ltd,INE646X01014,Equity
540829,CHANDRIMA,Chandrima Mercantiles Ltd,INE371F01024,Equity
540843,RITHWIKFMS,Rithwik Facility Management Services Ltd,INE819Y01015,Equity
540850,JFL,Jhandewalas Foods Ltd,INE841Y01019,Equity
540874,7SEASL,7Seas Entertainment Ltd,INE454F01010,Equity
540879,APOLLO,Apollo Micro Systems Ltd,INE713T01028,Equity
540900,NEWGEN,Newgen Software Technologies Ltd,INE619B01017,Equity
540901,PRAXIS,Praxis Home Retail Ltd,INE546Y01022,Equity
540902,AMBER,Amber Enterprises India Ltd,INE371P01015,Equity
540903,CRPRISK,CRP Risk Management Ltd,INE422M01013,Equity
540904,TIRUFOAM,Tirupati Foam Ltd,INE115G01015,Equity
540914,SRUSTEELS,SRU Steels Ltd,INE425C01017,Equity
540923,ASHOKAMET,Ashoka Metcast Ltd,INE760Y01011,Equity
540935,GALAXYSURF,Galaxy Surfactants Ltd,INE600K01018,Equity
540936,GGL,Gautam Gems Ltd,INE063Z01017,Equity
540937,MEDICO,Medico Remedies Ltd,INE630Y01024,Equity
540938,GUJHYSPIN,Gujarat Hy-Spin Ltd,INE578V01013,Equity
540952,LAL,Lorenzini Apparels Ltd,INE740X01023,Equity
540953,KENVI,Kenvi Jewels Ltd,INE923Y01023,Equity
540954,IWP,The Indian Wood Products Company Ltd,INE586E01020,Equity
540955,TDSL,Tasty Dairy Specialities Ltd,INE773Y01014,Equity
540956,BHATIA,Bhatia Communications & Retail (India) Ltd,INE341Z01025,Equity
540961,SHIVAMILLS,Shiva Mills Ltd,INE644Y01017,Equity
540975,ASTERDM,Aster DM Healthcare Ltd,INE914M01019,Equity
540980,YSL,The Yamuna Syndicate Ltd,INE868X01014,Equity
541005,KANCOTEA,Kanco Tea & Industries Ltd,INE398L01017,Equity
541006,ANGEL,Angel Fibers Ltd,INE339Z01011,Equity
541019,HGINFRA,H.G. Infra Engineering Ltd,INE926X01010,Equity
541083,INFLAME,Inflame Appliances Ltd,INE464Z01017,Equity
541096,BPLPHARMA,Bharat Parenterals Ltd,INE365Y01019,Equity
541112,SHREESHAY,Shreeshay Engineers Ltd,INE452Z01012,Equity
541133,ACFL,Apex Capital And Finance Ltd,INE758W01019,Equity
541143,BDL,Bharat Dynamics Ltd,INE171Z01026,Equity
541144,ACTIVE,Active Clothing Co Ltd,INE380Z01015,Equity
541152,GOYALALUM,Goyal Aluminiums Ltd,INE705X01026,Equity
541153,BANDHANBNK,Bandhan Bank Ltd,INE545U01014,Equity
541154,HAL,Hindustan Aeronautics Ltd,INE066F01020,Equity
541161,DHARAN,Dharan Infra-EPC Ltd,INE278R01034,Equity
541163,SANDHAR,Sandhar Technologies Ltd,INE278H01035,Equity
541167,YASHO,Yasho Industries Ltd,INE616Z01012,Equity
541178,BENARA,Benara Bearings and Pistons Ltd,INE495Z01011,Equity
541179,ISEC,ICICI Securities Ltd,INE763G01038,Equity
541195,MIDHANI,Mishra Dhatu Nigam Ltd,INE099Z01011,Equity
541196,LEX,Lex Nimble Solutions Ltd,INE860Y01019,Equity
541206,OBCL,Orissa Bengal Carrier Ltd,INE426Z01016,Equity
541228,TRL,Taylormade Renewables Ltd,INE459Z01017,Equity
541233,LEMONTREE,Lemon Tree Hotels Ltd,INE970X01018,Equity
541269,CHEMFAB,Chemfab Alkalis Ltd,INE783X01023,Equity
541276,HARDWYN,Hardwyn India Ltd,INE626Z01029,Equity
541299,DLCL,Dr Lalchandani Labs Ltd,INE871Z01013,Equity
541301,ORIENTELEC,Orient Electric Ltd,INE142Z01019,Equity
541302,DHRUV,Dhruv Consultancy Services Ltd,INE506Z01015,Equity
541303,AKSHAR,Akshar Spintex Ltd,INE256Z01025,Equity
541304,INDOUS,Indo Us Bio-Tech Ltd,INE250Z01010,Equity
541313,BSE500IETF,ICICI Prudential BSE 500 ETF,INF109KC1V59,Equity
541336,INDOSTAR,Indostar Capital Finance Ltd,INE896L01010,Equity
541337,MILEFUR,Milestone Furniture Ltd,INE424Z01011,Equity
541338,UHZAVERI,U. H. Zaveri Ltd,INE556Z01010,Equity
541347,PARVATI,Parvati Sweetners and Power Ltd,INE295Z01015,Equity
541352,MEGASTAR,Megastar Foods Ltd,INE00EM01016,Equity
541353,INNOVATORS,Innovators Facade Systems Ltd,INE870Z01015,Equity
541358,UCIL,Unifinz Capital India Ltd,INE926R01012,Equity
541400,ZIMLAB,Zim Laboratories Ltd,INE518E01015,Equity
541402,AFFORDABLE,Affordable Robotic & Automation Ltd,INE692Z01013,Equity
541403,DOLLAR,Dollar Industries Ltd,INE325C01035,Equity
541418,NGIL,Nakoda Group of Industries Ltd,INE236Y01012,Equity
541444,PALMJEWELS,Palm Jewels Ltd,INE838Z01012,Equity
541445,WAA,Waa Solar Ltd,INE799N01012,Equity
541450,ADANIGREEN,Adani Green Energy Ltd,INE364U01010,Equity
541503,UNICK,Unick Fix-A-Form And Printers Ltd,INE250G01010,Equity
541540,SOLARA,Solara Active Pharma Sciences Ltd,INE624Z01016,Equity
541546,GAYAHWS,Gayatri Highways Ltd,INE287Z01012,Equity
541556,RITES,RITES Ltd,INE320J01015,Equity
541557,FINEORG,Fine Organic Industries Ltd,INE686Y01026,Equity
541578,VARROC,Varroc Engineering Ltd,INE665L01035,Equity
541601,RAJNISH,Rajnish Wellness Ltd,INE685Z01033,Equity
541627,GUJWIND,Gujarat Winding Systems Ltd,INE173V01013,Equity
541633,STRAEXPO,Sophia Traexpo Ltd,INE268X01017,Equity
541634,RAWEDGE,Raw Edge Industrial Solutions Ltd,INE960Z01014,Equity
541700,TCNSBRANDS,TCNS Clothing Co. Ltd,INE778U01029,Equity
541701,SUPERSHAKT,Supershakti Metaliks Ltd,INE00SY01011,Equity
541702,ASHNI,Ashnisha Industries Ltd,INE694W01024,Equity
541703,RACONTEUR,Raconteur Global Resources Ltd,INE00WY01013,Equity
541729,HDFCAMC,HDFC Asset Management Company Ltd,INE127D01025,Equity
541735,VIVANTA,Vivanta Industries Ltd,INE299W01022,Equity
541741,FRATELLI,Fratelli Vineyards Ltd,INE401Z01019,Equity
541770,CREDITACC,CreditAccess Grameen Ltd,INE741K01010,Equity
541771,AMINTAN,Amin Tannery Ltd,INE572Z01017,Equity
541778,DEEP,Deep Polymers Ltd,INE00IY01012,Equity
541799,SMEL,Sungold Media and Entertainment Ltd,INE266S01011,Equity
541809,NEXT50IETF,ICICI Prudential Nifty Next 50 ETF,INF109KC1NS5,Equity
541865,ASRL,Add-Shop ERetail Ltd,INE01B501018,Equity
541890,SPACEINCUBA,Space Incubatrics Technologies Ltd,INE797Z01028,Equity
541929,SGIL,Synergy Green Industries Ltd,INE00QT01015,Equity
541945,RANJEET,Ranjeet Mechatronics Ltd,INE01A501027,Equity
541956,IRCON,IRCON International Ltd,INE962Y01021,Equity
541967,SKYGOLD,Sky Gold And Diamonds Ltd,INE01IU01018,Equity
541972,SETFSN50,SBI - ETF - SENSEX NEXT 50,INF200KA1VQ2,Equity
541973,MACH,Mac Hotels Ltd,INE004Z01011,Equity
541974,MANORAMA,Manorama Industries Ltd,INE00VM01036,Equity
541983,INNOVATIVE,Innovative Ideals and Services (India) Ltd,INE492Y01011,Equity
541988,AAVAS,AAVAS Financiers Ltd,INE216P01012,Equity
542011,GRSE,Garden Reach Shipbuilders & Engineers Ltd,INE382Z01011,Equity
542012,A1L,A-1 Ltd,INE911Z01017,Equity
542013,DOLFIN,Dolfin Rubbers Ltd,INE666Y01010,Equity
542019,SHUBHAM,Shubham Polyspin Ltd,INE01J501010,Equity
542020,AKI,AKI India Ltd,INE642Z01026,Equity
542025,SUNRETAIL,Sun Retail Ltd,INE206Z01020,Equity
542034,SMGOLD,S. M. Gold Ltd,INE00Q901014,Equity
542046,VIVIDM,Vivid Mercantile Ltd,INE647Z01025,Equity
542057,BCPL,BCPL Railway Infrastructure Ltd,INE00SW01015,Equity
542066,ATGL,Adani Total Gas Ltd,INE399L01023,Equity
542123,PHOSPHATE,The Phosphate Company Ltd,INE398C01016,Equity
542131,NIFTYETF,MIRAE ASSET NIFTY 50 ETF (MAN50ETF),INF769K01EG9,Equity
542141,TECHNOE,Techno Electric & Engineering Company Ltd,INE285K01026,Equity
542145,RONI,Roni Households Ltd,INE02AP01013,Equity
542146,SKIFL,Shree Krishna Infrastructure Ltd,INE951Z01013,Equity
542155,DGL,Diksha Greens Ltd,INE01GR01018,Equity
542176,ARYAN,Aryan Share and Stock Brokers Ltd,INE016X01010,Equity
542206,NIVAKA,Nivaka Fashions Ltd,INE139E01028,Equity
542216,DALBHARAT,Dalmia Bharat Ltd,INE00R701025,Equity
542230,ABSLNN50ET,Aditya Birla Sun Life Nifty Next 50 ETF,INF209KB16D7,Equity
542231,NILASPACES,Nila Spaces Ltd,INE00S901012,Equity
542232,SRD,Shankar Lal Rampal Dye-Chem Ltd,INE01NE01012,Equity
542233,TREJHARA,Trejhara Solutions Ltd,INE00CA01015,Equity
542248,DECCAN,Deccan Health Care Ltd,INE452W01019,Equity
542285,AXITA,Axita Cotton Ltd,INE02EZ01022,Equity
542323,KPIGREEN,KPI Green Energy Ltd,INE542W01025,Equity
542332,HIKLASS,Hi-Klass Trading and Investment Ltd,INE302R01024,Equity
542333,RPSGVENT,RPSG Ventures Ltd,INE425Y01011,Equity
542337,SPENCERS,Spencers Retail Ltd,INE020801028,Equity
542351,GLOSTERLTD,Gloster Ltd,INE350Z01018,Equity
542367,XELPMOC,Xelpmoc Design and Tech Ltd,INE01P501012,Equity
542376,SPACAPS,SPA Capital Services Ltd,INE726X01014,Equity
542377,AARSHYAM,Aar Shyam India Investment Company Ltd,INE512R01010,Equity
542383,RITCO,Ritco Logistics Ltd,INE01EG01016,Equity
542399,CHALET,Chalet Hotels Ltd,INE427F01016,Equity
542437,ANMOL,Anmol India Ltd,INE02AR01019,Equity
542446,JONJUA,Jonjua Overseas Ltd,INE793Z01027,Equity
542459,KRANTI,Kranti Industries Ltd,INE911T01010,Equity
542460,ANUP,The Anup Engineering Ltd,INE294Z01018,Equity
542477,GLEAM,Gleam Fabmat Ltd,INE03CM01014,Equity
542484,ARVINDFASN,Arvind Fashions Ltd,INE955V01021,Equity
542503,MAHIP,Mahip Industries Ltd,INE00CX01017,Equity
542513,SNXT50BETA,UTI BSE Sensex Next 50 ETF,INF789F1AUU3,Equity
542524,AIHL,Ambassador Intra Holdings Ltd,INE342U01016,Equity
542544,JYOTIN,Jyot International Marketing Ltd,INE043R01016,Equity
542579,AGOL,Ashapuri Gold Ornament Ltd,INE05FR01029,Equity
542580,AARTECH,Aartech Solonics Ltd,INE01C001026,Equity
542592,HBEL,Humming Bird Education Ltd,INE02PC01027,Equity
542597,MSTCLTD,MSTC Ltd,INE255X01014,Equity
542599,ROOPSHRI,Roopshri Resorts Ltd,INE03WT01017,Equity
542627,CHANDNIMACH,Chandni Machines Ltd,INE01GZ01011,Equity
542628,NSL,Northern Spirits Ltd,INE01BL01012,Equity
542649,RVNL,Rail Vikas Nigam Ltd,INE415G01027,Equity
542650,METROPOLIS,Metropolis Healthcare Ltd,INE112L01020,Equity
542651,KPITTECH,KPIT Technologies Ltd,INE04I401011,Equity
542652,POLYCAB,Polycab India Ltd,INE455K01017,Equity
542654,VRFILMS,V R Films & Studios Ltd,INE06LG01010,Equity
542655,VIKASLIFE,Vikas Lifecare Ltd,INE161L01027,Equity
542665,NEOGEN,Neogen Chemicals Ltd,INE136S01016,Equity
542666,GKP,G. K. P. Printing & Packaging Ltd,INE05QJ01015,Equity
542667,WORL,White Organic Retail Ltd,INE06CG01019,Equity
542668,EVANS,Evans Electric Ltd,INE06TD01010,Equity
542669,BMW,BMW Industries Ltd,INE374E01021,Equity
542670,AEPL,Artemis Electricals and Projects Ltd,INE757T01025,Equity
542678,CHCL,Cian Healthcare Ltd,INE05BN01019,Equity
542679,DEL,Dhanashree Electronics Ltd,INE413F01016,Equity
542682,HARISH,Harish Textile Engineers Ltd,INE01K301012,Equity
542684,PPL,Prakash Pipes Ltd,INE050001010,Equity
542685,DGCONTENT,Digicontent Ltd,INE03JI01017,Equity
542694,PARSHVA,Parshva Enterprises Ltd,INE05MV01019,Equity
542721,ARL,Anand Rayons Ltd,INE02GA01012,Equity
542724,MURAE,Murae Organisor Ltd,INE060601031,Equity
542725,SBC,SBC Exports Ltd,INE04AK01028,Equity
542726,INDIAMART,IndiaMART InterMESH Ltd,INE933S01016,Equity
542727,CPML,City Pulse Multiventures Ltd,INE056001014,Equity
542728,SKIEL,SK International Export Ltd,INE04ST01013,Equity
542729,DCMNVL,DCM Nouvelle Ltd,INE08KP01019,Equity
542730,BANKIETF,ICICI Prudential Nifty Bank ETF,INF109KC15I8,Equity
542747,SNXT50BEES,Nippon India ETF S&P BSE Sensex Next 50,INF204KB15D0,Equity
542752,AFFLE,Affle 3I Ltd,INE00WC01027,Equity
542753,SEACOAST,Seacoast Shipping Services Ltd,INE277T01024,Equity
542758,PVTBANIETF,ICICI Prudential Nifty Private Bank ETF,INF109KC18U7,Equity
542759,SPANDANA,Spandana Sphoorty Financial Ltd,INE572J01011,Equity
542760,SWSOLAR,Sterling and Wilson Renewable Energy Ltd,INE00M201021,Equity
542765,TRANSPACT,Transpact Enterprises Ltd,INE06YD01010,Equity
542770,ALPHALOGIC,Alphalogic Techsys Ltd,INE08E401029,Equity
542771,NOVATEOR,Novateor Research Laboratories Ltd,INE08JY01013,Equity
542772,360ONE,360 ONE WAM LTD,INE466L01038,Equity
542773,IIFLCAPS,IIFL Capital Services Ltd,INE489L01022,Equity
542774,MUFIN,Mufin Green Finance Ltd,INE08KJ01020,Equity
542801,MISQUITA,Misquita Engineering Ltd,INE957W01025,Equity
542802,GALACTICO,Galactico Corporate Services Ltd,INE906Y01028,Equity
542803,VEL,Vaxfab Enterprises Ltd,INE560T01015,Equity
542804,NIESSPJ,NIPPON INDIA EQUITY SAVINGS FUND - SEGREGATED PORTFOLIO 1 - DIVIDEND PLANDIVIDEND PAYOUT,INF204KB12F2,Equity
542805,NIESSPI,NIPPON INDIA EQUITY SAVINGS FUND - SEGREGATED PORTFOLIO 1 - DIRECT QUARTERLY DIVIDEND PLAN REINVESTMENT,INF204KB13E3,Equity
542806,NIESSPB,NIPPON INDIA EQUITY SAVINGS FUND - SEGREGATED PORTFOLIO 1 - DIRECT BONUS PLAN BONUS,INF204KB10E9,Equity
542807,NIESSPO,NIPPON INDIA EQUITY SAVINGS FUND - SEGREGATED PORTFOLIO 1 - QUARTERLY DIVIDEND PLANDIVIDEND PAYOUT,INF204KB10F6,Equity
542808,NIESSPC,NIPPON INDIA EQUITY SAVINGS FUND - SEGREGATED PORTFOLIO 1 - DIRECT DIVIDEND PLAN DIVIDEND PAYOUT,INF204KB14E1,Equity
542809,NIESSPP,NIPPON INDIA EQUITY SAVINGS FUND - SEGREGATED PORTFOLIO 1 - QUARTERLY DIVIDEND PLAN REINVESTMENT,INF204KB11F4,Equity
542810,NIESSPA,NIPPON INDIA EQUITY SAVINGS FUND - SEGREGATED PORTFOLIO 1 - BONUS PLANBONUS,INF204KB18E2,Equity
542811,NIESSPG,NIPPON INDIA EQUITY SAVINGS FUND - SEGREGATED PORTFOLIO 1 - DIRECT MONTHLY DIVIDEND PLAN REINVESTMENT,INF204KB17E4,Equity
542812,FLUOROCHEM,Gujarat Fluorochemicals Ltd,INE09N301011,Equity
542813,NIEHSPA,NIPPON INDIA EQUITY HYBRID FUND - SEGREGATED PORTFOLIO 1- DIRECT DIVIDEND PLAN REINVESTMENT,INF204KB10G4,Equity
542814,NIEHSPB,NIPPON INDIA EQUITY HYBRID FUND - SEGREGATED PORTFOLIO 1 - DIRECT MONTHLY DIVIDEND PLAN DIVIDEND PAYOUT,INF204KB11G2,Equity
542815,NIEHSPC,NIPPON INDIA EQUITY HYBRID FUND - SEGREGATED PORTFOLIO 1 - DIRECT MONTHLY DIVIDEND PLAN REINVESTMENT,INF204KB12G0,Equity
542816,NIEHSPF,NIPPON INDIA EQUITY HYBRID FUND - SEGREGATED PORTFOLIO 1 - QUARTERLY DIVIDEND PLAN REINVESTMENT,INF204KB15G3,Equity
542817,NIEHSPI,NIPPON INDIA EQUITY HYBRID FUND - SEGREGATED PORTFOLIO 1 - DIRECT QUARTERLY DIVIDEND PLAN DIVIDEND PAYOUT,INF204KB17F1,Equity
542818,NIEHSPK,NIPPON INDIA EQUITY HYBRID FUND - SEGREGATED PORTFOLIO 1 - DIRECT QUARTERLY DIVIDEND PLAN REINVESTMENT,INF204KB18F9,Equity
542819,NIEHSPM,NIPPON INDIA EQUITY HYBRID FUND - SEGREGATED PORTFOLIO 1 - DIRECT DIVIDEND PLAN DIVIDEND PAYOUT,INF204KB19F7,Equity
542820,NIEHSPN,NIPPON INDIA EQUITY HYBRID FUND - SEGREGATED PORTFOLIO 1 - MONTHLY DIVIDEND PLAN REINVESTMENT,INF204KB19G5,Equity
542830,IRCTC,Indian Railway Catering and Tourism Corporation Ltd,INE335Y01020,Equity
542836,NIESSPD,NIPPON INDIA EQUITY SAVINGS FUND - SEGREGATED PORTFOLIO 1 - DIRECT DIVIDEND PLAN REINVESTMENT,INF204KB15E8,Equity
542837,NIESSPE,NIPPON INDIA EQUITY SAVINGS FUND - SEGREGATED PORTFOLIO 1 - DIRECT GROWTH PLAN GROWTH,INF204KB11E7,Equity
542838,NIESSPF,NIPPON INDIA EQUITY SAVINGS FUND - SEGREGATED PORTFOLIO 1 - DIRECT MONTHLY DIVIDEND PLAN DIVIDEND PAYOUT,INF204KB16E6,Equity
542839,NIEHSPD,NIPPON INDIA EQUITY HYBRID FUND - SEGREGATED PORTFOLIO 1 - GROWTH PLAN GROWTH,INF204KB13G8,Equity
542840,NIESSPH,NIPPON INDIA EQUITY SAVINGS FUND - SEGREGATED PORTFOLIO 1 - DIRECT QUARTERLY DIVIDEND PLAN DIVIDEND PAYOUT,INF204KB12E5,Equity
542841,NIEHSPE,NIPPON INDIA EQUITY HYBRID FUND - SEGREGATED PORTFOLIO 1 - QUARTERLY DIVIDEND PLAN DIVIDEND PAYOUT,INF204KB14G6,Equity
542842,NIESSPK,NIPPON INDIA EQUITY SAVINGS FUND - SEGREGATED PORTFOLIO 1 - DIVIDEND PLAN REINVESTMENT,INF204KB13F0,Equity
542843,NIEHSPG,NIPPON INDIA EQUITY HYBRID FUND - SEGREGATED PORTFOLIO 1 - DIRECT GROWTH PLAN GROWTH,INF204KB16F3,Equity
542844,NIEHSPH,NIPPON INDIA EQUITY HYBRID FUND - SEGREGATED PORTFOLIO 1 - DIVIDEND PLAN DIVIDEND PAYOUT,INF204KB16G1,Equity
542845,NIEHSPJ,NIPPON INDIA EQUITY HYBRID FUND - SEGREGATED PORTFOLIO 1 - DIVIDEND PLAN REINVESTMENT,INF204KB17G9,Equity
542846,NIEHSPL,NIPPON INDIA EQUITY HYBRID FUND - SEGREGATED PORTFOLIO 1 - MONTHLY DIVIDEND PLAN DIVIDEND PAYOUT,INF204KB18G7,Equity
542847,NIESSPL,NIPPON INDIA EQUITY SAVINGS FUND - SEGREGATED PORTFOLIO 1 - GROWTH PLAN GROWTH,INF204KB19E0,Equity
542848,NIESSPM,NIPPON INDIA EQUITY SAVINGS FUND - SEGREGATED PORTFOLIO 1 - MONTHLY DIVIDEND PLANDIVIDEND PAYOUT,INF204KB14F8,Equity
542849,NIESSPN,NIPPON INDIA EQUITY SAVINGS FUND - SEGREGATED PORTFOLIO 1 - MONTHLY DIVIDEND PLAN REINVESTMENT,INF204KB15F5,Equity
542850,GOBLIN,Goblin India Ltd,INE492Z01018,Equity
542851,GENSOL,Gensol Engineering Ltd,INE06H201014,Equity
542852,VISHWARAJ,Vishwaraj Sugar Industries Ltd,INE430N01022,Equity
542857,GREENPANEL,Greenpanel Industries Ltd,INE08ZM01014,Equity
542862,SHAHLON,Shahlon Silk Industries Ltd,INE052001026,Equity
542863,ABSLBANETF,Aditya Birla Sun Life Nifty Bank ETF,INF209KB17D5,Equity
542864,MOUNT,Mount Housing and Infrastructure Ltd,INE444X01014,Equity
542865,ANUROOP,Anuroop Packaging Ltd,INE490Z01012,Equity
542866,COLAB,Colab Platforms Ltd,INE317W01030,Equity
542867,CSBBANK,CSB Bank Ltd,INE679A01013,Equity
542904,UJJIVANSFB,Ujjivan Small Finance Bank Ltd,INE551W01018,Equity
542905,HINDWAREAP,Hindware Home Innovation Ltd,INE05AN01011,Equity
542906,EASUN,Easun Capital Markets Ltd,INE771C01014,Equity
542907,PRINCEPIPE,Prince Pipes and Fittings Ltd,INE689W01016,Equity
542910,VALENCIA,Valencia Nutrition Ltd,INE08RT01016,Equity
542911,ASSAMENT,Assam Entrade Ltd,INE165G01010,Equity
542918,GIANLIFE,Gian Life Care Ltd,INE063601012,Equity
542919,ARTEMISMED,Artemis Medicare Services Ltd,INE025R01021,Equity
542920,SUMICHEM,Sumitomo Chemical India Ltd,INE258G01013,Equity
542921,MIDCAPIETF,ICICI Prudential Nifty Midcap 150 ETF,INF109KC11W8,Equity
542922,NEXT50,Mirae Asset Nifty Next 50 ETF (MANXT50ETF),INF769K01FN2,Equity
542923,TRANWAY21,Tranway21 Technologies Ltd,INE0BIW01023,Equity
542924,JANUSCORP,Janus Corporation Ltd,INE04OV01018,Equity
542931,VARDHANCFL,Vardhan Capital & Finance Ltd,INE128G01018,Equity
542933,UNIVPHOTO,Universus Photo Imagings Ltd,INE03V001013,Equity
542934,CBPL,Chandra Bhagat Pharma Ltd,INE07QQ01016,Equity
542938,OCTAVIUSPL,Octavius Plantations Ltd,INE117S01016,Equity
543064,COHANCE,Cohance Lifesciences Ltd,INE03QK01018,Equity
543065,SMAUTO,SM Auto Stamping Ltd,INE0C4I01011,Equity
543066,SBICARD,SBI Cards and Payment Services Ltd,INE018E01016,Equity
543144,08MPD,NIPPON INDIA EQUITY SAVINGS FUND -  SEGREGATED PORTFOLIO 2 - MONTHLY DIVIDEND PLAN(Issue Price: 0.01),INF204KB11T5,Equity
543145,08ADR,NIPPON INDIA EQUITY SAVINGS FUND -  SEGREGATED PORTFOLIO 2 - DIRECT DIVIDEND PLAN(Issue Price: 0.01),INF204KB12S5,Equity
543146,08MPR,NIPPON INDIA EQUITY SAVINGS FUND -  SEGREGATED PORTFOLIO 2 - MONTHLY DIVIDEND PLAN(Issue Price: 0.01),INF204KB12T3,Equity
543147,08AMD,NIPPON INDIA EQUITY SAVINGS FUND -  SEGREGATED PORTFOLIO 2 - DIRECT MONTHLY DIVIDEND PLAN(Issue Price: 0.01),INF204KB13S3,Equity
543148,08AMR,NIPPON INDIA EQUITY SAVINGS FUND -  SEGREGATED PORTFOLIO 2 - DIRECT MONTHLY DIVIDEND PLAN(Issue Price: 0.01),INF204KB14S1,Equity
543149,08BPB,NIPPON INDIA EQUITY SAVINGS FUND -  SEGREGATED PORTFOLIO 2 - BONUS PLAN(Issue Price: 0.01),INF204KB15S8,Equity
543150,08GPG,NIPPON INDIA EQUITY SAVINGS FUND -  SEGREGATED PORTFOLIO 2 - GROWTH PLAN(Issue Price: 0.01),INF204KB16S6,Equity
543151,08ABB,NIPPON INDIA EQUITY SAVINGS FUND -  SEGREGATED PORTFOLIO 2 - DIRECT BONUS PLAN(Issue Price: 0.01),INF204KB17R6,Equity
543152,08QPD,NIPPON INDIA EQUITY SAVINGS FUND -  SEGREGATED PORTFOLIO 2 - QUARTERLY DIVIDEND PLAN(Issue Price: 0.01),INF204KB17S4,Equity
543153,08AGG,NIPPON INDIA EQUITY SAVINGS FUND -  SEGREGATED PORTFOLIO 2 - DIRECT GROWTH PLAN(Issue Price: 0.01),INF204KB18R4,Equity
543154,08QPR,NIPPON INDIA EQUITY SAVINGS FUND -  SEGREGATED PORTFOLIO 2 - QUARTERLY DIVIDEND PLAN(Issue Price: 0.01),INF204KB18S2,Equity
543155,08AQD,NIPPON INDIA EQUITY SAVINGS FUND -  SEGREGATED PORTFOLIO 2 - DIRECT QUARTERLY DIVIDEND PLAN(Issue Price: 0.01),INF204KB19R2,Equity
543156,08DPD,NIPPON INDIA EQUITY SAVINGS FUND -  SEGREGATED PORTFOLIO 2 - DIVIDEND PLAN(Issue Price: 0.01),INF204KB19S0,Equity
543168,08AQR,NIPPON INDIA EQUITY SAVINGS FUND -  SEGREGATED PORTFOLIO 2 - DIRECT QUARTERLY DIVIDEND PLAN(Issue Price: 0.01),INF204KB10S9,Equity
543169,08DPR,NIPPON INDIA EQUITY SAVINGS FUND -  SEGREGATED PORTFOLIO 2 - DIVIDEND PLAN(Issue Price: 0.01),INF204KB10T7,Equity
543170,08ADD,NIPPON INDIA EQUITY SAVINGS FUND -  SEGREGATED PORTFOLIO 2 - DIRECT DIVIDEND PLAN(Issue Price: 0.01),INF204KB11S7,Equity
543171,ROJL,RO Jewels Ltd,INE0BDU01028,Equity
543172,COSPOWER,Cospower Engineering Ltd,INE0CQB01010,Equity
543173,11DPR,NIPPON INDIA EQUITY HYBRID FUND -  SEGREGATED PORTFOLIO 2DIVIDEND PLANDIVIDEND REINVESTMENT,INF204KB14U7,Equity
543174,11GPG,NIPPON INDIA EQUITY HYBRID FUND -  SEGREGATED PORTFOLIO 2GROWTH PLAN GROWTH OPTIONGROWTH,INF204KB10U5,Equity
543175,11MPD,NIPPON INDIA EQUITY HYBRID FUND -  SEGREGATED PORTFOLIO 2MONTHLY DIVIDEND PLANDIVIDEND PAYOUT,INF204KB15U4,Equity
543176,11MPR,NIPPON INDIA EQUITY HYBRID FUND -  SEGREGATED PORTFOLIO 2MONTHLY DIVIDEND PLANREINVESTMENT,INF204KB16U2,Equity
543177,11QPD,NIPPON INDIA EQUITY HYBRID FUND -  SEGREGATED PORTFOLIO 2QUARTERLY DIVIDEND PLANDIVIDEND PAYOUT,INF204KB11U3,Equity
543178,11QPR,NIPPON INDIA EQUITY HYBRID FUND -  SEGREGATED PORTFOLIO 2QUARTERLY DIVIDEND PLANREINVESTMENT,INF204KB12U1,Equity
543179,11ADD,NIPPON INDIA EQUITY HYBRID FUND -  SEGREGATED PORTFOLIO 2DIRECT PLAN DIVIDEND PLANDIVIDEND PAYOUT,INF204KB16T4,Equity
543180,11ADR,NIPPON INDIA EQUITY HYBRID FUND -  SEGREGATED PORTFOLIO 2DIRECT PLAN DIVIDEND PLANDIVIDEND REINVESTMENT,INF204KB17T2,Equity
543181,11AGG,NIPPON INDIA EQUITY HYBRID FUND -  SEGREGATED PORTFOLIO 2DIRECT GROWTH PLAN GROWTH OPTIONGROWTH,INF204KB13T1,Equity
543182,11AMD,NIPPON INDIA EQUITY HYBRID FUND -  SEGREGATED PORTFOLIO 2DIRECT MONTHLY DIVIDEND PLANDIVIDEND PAYOUT,INF204KB18T0,Equity
543183,11AMR,NIPPON INDIA EQUITY HYBRID FUND -  SEGREGATED PORTFOLIO 2DIRECT MONTHLY DIVIDEND PLANREINVESTMENT,INF204KB19T8,Equity
543184,11AQD,NIPPON INDIA EQUITY HYBRID FUND -  SEGREGATED PORTFOLIO 2DIRECT QUARTERLY DIVIDEND PLANDIVIDEND PAYOUT,INF204KB14T9,Equity
543185,11AQR,NIPPON INDIA EQUITY HYBRID FUND -  SEGREGATED PORTFOLIO 2DIRECT QUARTERLY DIVIDEND PLANREINVESTMENT,INF204KB15T6,Equity
543186,11DPD,NIPPON INDIA EQUITY HYBRID FUND -  SEGREGATED PORTFOLIO 2DIVIDEND PLANDIVIDEND PAYOUT,INF204KB13U9,Equity
543187,POWERINDIA,Hitachi Energy India Ltd,INE07Y701011,Equity
543193,DJML,DJ Mediaprint & Logistics Ltd,INE0B1K01014,Equity
543194,NIRMITEE,Nirmitee Robotics India Ltd,INE0CPQ01010,Equity
543207,NATURAL,Natural Biocon (India) Ltd,INE06MM01016,Equity
543208,REGIS,Regis Industries Ltd,INE745R01024,Equity
543209,BILLWIN,Billwin Industries Ltd,INE0CRS01012,Equity
543210,AARTISURF,Aarti Surfactants Ltd,INE09EO01013,Equity
543211,BONLON,Bonlon Industries Ltd,INE0B9A01018,Equity
543212,BOROLTD,Borosil Ltd,INE02PY01013,Equity
543213,ROSSARI,Rossari Biotech Ltd,INE02A801020,Equity
543214,NDRAUTO,NDR Auto Components Ltd,INE07OG01012,Equity
543218,SBGLP,Suratwwala Business Group Ltd,INE05ST01028,Equity
543219,ALPL30IETF,ICICI Prudential Nifty Alpha Low- Volatility 30 ETF,INF109KC17V7,Equity
543220,MAXHEALTH,Max Healthcare Institute Ltd,INE027H01010,Equity
543221,ITIETF,ICICI Prudential Nifty IT ETF,INF109KC16I6,Equity
543223,MAXIND,Max India Ltd,INE0CG601016,Equity
543224,HDFCNIFBAN,HDFC Nifty Banking ETF,INF179KC1HY0,Equity
543226,BANKBETA,UTI NIFTY BANK ETF,INF789F1AUV1,Equity
543227,HAPPSTMNDS,Happiest Minds Technologies Ltd,INE419U01012,Equity
543228,ROUTE,Route Mobile Ltd,INE450U01017,Equity
543229,SAMRATFORG,Samrat Forgings Ltd,INE412J01010,Equity
543230,ADVAIT,Advait Energy Transitions Ltd,INE0ALI01010,Equity
543231,ADL,Archidply Decor Ltd,INE0CHO01012,Equity
543232,CAMS,Computer Age Management Services Ltd,INE596I01020,Equity
543233,CHEMCON,Chemcon Speciality Chemicals Ltd,INE03YM01018,Equity
543234,SECMARK,SecMark Consultancy Ltd,INE0BTM01013,Equity
543235,ANGELONE,Angel One Ltd,INE732I01013,Equity
543236,ATAM,Atam Valves Ltd,INE09KD01013,Equity
543237,MAZDOCK,Mazagon Dock Shipbuilders Ltd,INE249Z01020,Equity
543238,UTIAMC,UTI Asset Management Company Ltd,INE094J01016,Equity
543239,GMPL,G M Polyplast Ltd,INE0E2801015,Equity
543240,LIKHITHA,Likhitha Infrastructure Ltd,INE060901027,Equity
543241,VGIL,Veer Global Infraconstruction Ltd,INE244W01010,Equity
543242,HEMIPROP,Hemisphere Properties India Ltd,INE0AJG01018,Equity
543243,EQUITASBNK,Equitas Small Finance Bank Ltd,INE063P01018,Equity
543244,SHINEFASH,Shine Fashions (India) Ltd,INE0BLY01023,Equity
543245,GLAND,Gland Pharma Ltd,INE068V01023,Equity
543246,ESG,Mirae Asset Nifty 100 ESG Sector Leaders ETF,INF769K01GS9,Equity
543247,NETPIX,Net Pix Shorts Digital Media Ltd,INE0D5F01013,Equity
543248,RBA,Restaurant Brands Asia Ltd,INE07T201019,Equity
543249,TARC,Tarc Ltd,INE0EK901012,Equity
543251,RVHL,Ravinder Heights Ltd,INE09E501017,Equity
543252,FAIRCHEMOR,Fairchem Organics Ltd,INE0DNW01011,Equity
543253,BECTORFOOD,Mrs. Bectors Food Specialities Ltd,INE495P01020,Equity
543254,AWHCL,Antony Waste Handling Cell Ltd,INE01BK01022,Equity
543255,INFRABEES,Nippon India ETF Nifty Infrastructure BeES,INF732E01268,Equity
543256,RFLL,Rita Finance and Leasing Ltd,INE018S01016,Equity
543257,IRFC,Indian Railway Finance Corporation Ltd,INE053F01010,Equity
543258,INDIGOPNTS,Indigo Paints Ltd,INE09VQ01012,Equity
543259,HOMEFIRST,Home First Finance Company India Ltd,INE481N01025,Equity
543260,STOVEKRAFT,Stove Kraft Ltd,INE00IN01015,Equity
543262,MRP,MRP Agro Ltd,INE0D7801012,Equity
543263,SMCGLOBAL,SMC Global Securities Ltd,INE103C01036,Equity
543264,NURECA,Nureca Ltd,INE0DSF01015,Equity
543265,RAILTEL,RailTel Corporation of India Ltd,INE0DD101019,Equity
543266,HERANBA,Heranba Industries Ltd,INE694N01015,Equity
543267,DAVANGERE,Davangere Sugar Company Ltd,INE179G01029,Equity
543268,DRCSYSTEMS,DRC Systems India Ltd,INE03RS01027,Equity
543269,ADJIA,Adjia Technologies Ltd,INE0G0V01018,Equity
543270,MTARTECH,MTAR Technologies Ltd,INE864I01014,Equity
543271,JUBLINGREA,Jubilant Ingrevia Ltd,INE0BY001018,Equity
543272,EASEMYTRIP,Easy Trip Planners Ltd,INE07O001026,Equity
543273,KMEW,Knowledge Marine & Engineering Works Ltd,INE0CJD01029,Equity
543274,SUUMAYA,Suumaya Corporation Ltd,INE0EMB01015,Equity
543275,ANURAS,Anupam Rasayan India Ltd,INE930P01018,Equity
543276,CRAFTSMAN,Craftsman Automation Ltd,INE00LO01017,Equity
543277,LXCHEM,Laxmi Organic Industries Ltd,INE576O01020,Equity
543278,KALYANKJIL,Kalyan Jewellers India Ltd,INE303R01014,Equity
543279,SURYODAY,Suryoday Small Finance Bank Ltd,INE428Q01011,Equity
543280,NAZARA,Nazara Technologies Ltd,INE418L01047,Equity
543281,SUVIDHAA,Suvidhaa Infoserve Ltd,INE018401013,Equity
543282,NIKSTECH,Niks Technology Ltd,INE0GX601011,Equity
543283,UFBL,United Foodbrands Ltd,INE382M01027,Equity
543284,EKI,EKI Energy Services Ltd,INE0CPR01018,Equity
543285,RCAN,Rajeshwari Cans Ltd,INE0CQ101015,Equity
543286,JETMALL,Jetmall Spices and Masala Ltd,INE0D9X01018,Equity
543287,LODHA,Lodha Developers Ltd,INE670K01029,Equity
543288,DEEPINDS,Deep Industries Ltd,INE0FHS01024,Equity
543289,KGES,Kuberan Global Edu Solutions Ltd,INE04CO01018,Equity
543291,MAFANG,Mirae Asset NYSE FANG+ ETF,INF769K01HF4,Equity
543292,HEALTHIETF,ICICI Prudential Nifty Healthcare ETF,INF109KC1Q72,Equity
543297,IWEL,Inox Wind Energy Ltd,INE0FLR01028,Equity
543298,VINEETLAB,Vineet Laboratories Ltd,INE505Y01010,Equity
543299,SHYAMMETL,Shyam Metalics and Energy Ltd,INE810G01011,Equity
543300,SONACOMS,Sona BLW Precision Forgings Ltd,INE073K01018,Equity
543305,NAVODAYENT,Navoday Enterprises Ltd,INE0DB001013,Equity
543306,DODLA,Dodla Dairy Ltd,INE021O01019,Equity
543308,KIMS,Krishna Institute of Medical Sciences Ltd,INE967H01025,Equity
543309,ADESHWAR,Adeshwar Meditex Ltd,INE0H8J01015,Equity
543310,TIMESGREEN,Times Green Energy (India) Ltd,INE0B6101012,Equity
543311,IPL,India Pesticides Ltd,INE0D6701023,Equity
543312,FOCUS,Focus Business Solution Ltd,INE0DXR01010,Equity
543317,GRINFRA,G R Infraprojects Ltd,INE201P01022,Equity
543318,CLEAN,Clean Science and Technology Ltd,INE227W01023,Equity
543319,AAPLUSTRAD,AA Plus Tradelink Ltd,INE0C5901022,Equity
543320,ETERNAL,Eternal Ltd,INE758T01015,Equity
543321,TATVA,Tatva Chintan Pharma Chem Ltd,INE0GK401011,Equity
543322,ALIVUS,Alivus Life Sciences Ltd,INE03Q201024,Equity
543323,BFSI,Mirae Asset Nifty Financial Services ETF,INF769K01HI8,Equity
543324,GCSL,Gretex Corporate Services Ltd,INE199P01028,Equity
543325,ROLEXRINGS,Rolex Rings Ltd,INE645S01024,Equity
543326,FMCGIETF,ICICI Prudential Nifty FMCG ETF,INF109KC19V3,Equity
543327,EXXARO,Exxaro Tiles Ltd,INE0GFE01026,Equity
543328,KRSNAA,Krsnaa Diagnostics Ltd,INE08LI01020,Equity
543329,WINDLAS,Windlas Biotech Ltd,INE0H5O01029,Equity
543330,DEVYANI,Devyani International Ltd,INE872J01023,Equity
543331,MOL,Meghmani Organics Ltd,INE0CT101020,Equity
543332,EPIGRAL,Epigral Ltd,INE071N01016,Equity
543333,CARTRADE,CarTrade Tech Ltd,INE290S01011,Equity
543334,NUVOCO,Nuvoco Vistas Corporation Ltd,INE118D01016,Equity
543335,APTUS,Aptus Value Housing Finance India Ltd,INE852O01025,Equity
543336,CHEMPLASTS,Chemplast Sanmar Ltd,INE488A01050,Equity
543341,SHARPLINE,Sharpline Broadcast Ltd,INE647W01014,Equity
543346,AASHKA,Aashka Hospitals Ltd,INE0EAX01014,Equity
543347,AXISTECETF,Axis NIFTY IT ETF,INF846K01Y96,Equity
543348,AXISHCETF,Axis NIFTY Healthcare ETF,INF846K01Z12,Equity
543349,ACUTAAS,Acutaas Chemicals Ltd,INE00FF01025,Equity
543350,VIJAYA,Vijaya Diagnostic Centre Ltd,INE043W01024,Equity
543351,NBL,Naapbooks Ltd,INE0GOA01018,Equity
543352,POBS,PlatinumOne Business Services Ltd,INE0DTJ01015,Equity
543357,AXISCETF,Axis NIFTY India Consumption ETF,INF846K016C7,Equity
543358,SANSERA,Sansera Engineering Ltd,INE953O01021,Equity
543363,PREVEST,Prevest Denpro Ltd,INE0GAO01018,Equity
543364,MARKOLINES,Markolines Pavement Technologies Ltd,INE0FW001016,Equity
543365,MASPTOP50,Mirae Asset S&P 500 Top 50 ETF,INF769K01HP3,Equity
543366,SBLI,SBL Infratech Ltd,INE0DLM01024,Equity
543367,PARAS,Paras Defence and Space Technologies Ltd,INE045601023,Equity
543372,GETALONG,Getalong Enterprise Ltd,INE0H1201020,Equity
543373,SVRL,Shri Venkatesh Refineries Ltd,INE0HLJ01013,Equity
543374,ABSLAMC,Aditya Birla Sun Life AMC Ltd,INE404A01024,Equity
543375,PROMAX,Promax Power Ltd,INE0I2F01015,Equity
543376,SAMOR,Samor Reality Ltd,INE0GD201014,Equity
543377,ADISHAKTI,Adishakti Loha and Ispat Ltd,INE0CWK01019,Equity
543378,CWD,CWD Ltd,INE0H8H01019,Equity
543383,CONSUMIETF,ICICI Prudential Nifty India Consumption ETF,INF109KC1V42,Equity
543384,NYKAA,FSN E-Commerce Ventures Ltd,INE388Y01029,Equity
543386,FINOPB,Fino Payments Bank Ltd,INE02NC01014,Equity
543387,SJS,S.J.S. Enterprises Ltd,INE284S01014,Equity
543388,EQUAL50ADD,DSP Nifty 50 Equal Weight ETF,INF740KA1QK2,Equity
543389,SIGACHI,Sigachi Industries Ltd,INE0D0K01022,Equity
543390,POLICYBZR,PB Fintech Ltd,INE417T01026,Equity
543391,SGFRL,Suyog Gurbaxani Funicular Ropeways Ltd,INE07GA01011,Equity
543396,PAYTM,One 97 Communications Ltd,INE982J01020,Equity
543397,SAPPHIRE,Sapphire Foods India Ltd,INE806T01020,Equity
543398,LATENTVIEW,Latent View Analytics Ltd,INE0I7C01011,Equity
543399,TARSONS,Tarsons Products Ltd,INE144Z01023,Equity
543400,OMNIPOTENT,Omnipotent Industries Ltd,INE0JFE01012,Equity
543401,GOCOLORS,Go Fashion (India) Ltd,INE0BJS01011,Equity
543410,DMR,DMR Engineering Ltd,INE07L501010,Equity
543411,HITECH,Hi-Tech Pipes Ltd,INE106T01025,Equity
543412,STARHEALTH,Star Health and Allied Insurance Company Ltd,INE575P01011,Equity
543413,TEGA,Tega Industries Ltd,INE011K01018,Equity
543414,MAHKTECH,Mirae Asset Hang Seng TECH ETF,INF769K01HS7,Equity
543415,ANANDRATHI,Anand Rathi Wealth Ltd,INE463V01026,Equity
543416,ZODIAC,Zodiac Energy Ltd,INE761Y01019,Equity
543417,RATEGAIN,RateGain Travel Technologies Ltd,INE0CLI01024,Equity
543419,SHRIRAMPPS,Shriram Properties Ltd,INE217L01019,Equity
543420,JETFREIGHT,Jet Freight Logistics Ltd,INE982V01025,Equity
543425,MAPMYINDIA,C.E. Info Systems Ltd,INE0BV301023,Equity
543426,METROBRAND,Metro Brands Ltd,INE317I01021,Equity
543427,MEDPLUS,Medplus Health Services Ltd,INE804L01022,Equity
543428,DATAPATTNS,Data Patterns (India) Ltd,INE0IX101010,Equity
543433,HPAL,HP Adhesives Ltd,INE0GSL01024,Equity
543434,SUPRIYA,Supriya Lifescience Ltd,INE07RO01027,Equity
543435,CLARA,Clara Industries Ltd,INE0JJS01014,Equity
543436,WITS,Wherrelz IT Solutions Ltd,INE0IM001015,Equity
543437,MONQ50,Motilal Oswal Nasdaq Q 50 ETF,INF247L01AU3,Equity
543438,MIDQ50ADD,DSP Nifty Midcap 150 Quality 50 ETF,INF740KA1QL0,Equity
543439,BRANDBUCKT,Brandbucket Media & Technology Ltd,INE0ILD01014,Equity
543440,NIFTYADD,DSP Nifty 50 ETF,INF740KA1CL0,Equity
543441,CMSINFO,CMS Info Systems Ltd,INE925R01014,Equity
543442,BCONCEPTS,Brand Concepts Ltd,INE977Y01011,Equity
543443,ASCENSIVE,Ascensive Educare Ltd,INE0E4I01027,Equity
543444,FABINO,Fabino Enterprises Ltd,INE0DRT01018,Equity
543449,WEL,Wonder Electricals Ltd,INE02WG01024,Equity
543450,AUTOIETF,ICICI Prudential Nifty Auto ETF,INF109KC10V2,Equity
543451,AGSTRA,AGS Transact Technologies Ltd,INE583L01014,Equity
543453,ALKOSIGN,Alkosign Ltd,INE0KA601012,Equity
543454,MAKEINDIA,Mirae Asset Nifty India Manufacturing ETF,INF769K01IB1,Equity
543458,AWL,AWL Agri Business Ltd,INE699H01024,Equity
543460,QRIL,Quality RO Industries Ltd,INE0KAF01018,Equity
543461,SSTL,Safa Systems & Technologies Ltd,INE0JNA01014,Equity
543462,DEVIT,Dev Information Technology Ltd,INE060X01034,Equity
543463,MANYAVAR,Vedant Fashions Ltd,INE825V01034,Equity
543464,SPITZE,Maruti Interior Products Ltd,INE0JSJ01014,Equity
543465,MOMOMENTUM,Motilal Oswal Nifty 200 Momentum 30 ETF,INF247L01BK2,Equity
543470,SOFTTECH,Softtech Engineers Ltd,INE728Z01015,Equity
543472,TECH,Aditya Birla Sunlife Nifty IT ETF,INF209KB11D8,Equity
543473,HEALTHY,Aditya Birla Sun Life Nifty Healthcare ETF,INF209KB10C2,Equity
543474,BSLNIFTY,Aditya Birla Sun Life Nifty 50 ETF,INF209KB19D1,Equity
543475,EKENNIS,Ekennis Software Service Ltd,INE0KCM01010,Equity
543481,MIDCAPETF,Mirae Asset Nifty Midcap 150 ETF,INF769K01IC9,Equity
543482,EUREKAFORB,Eureka Forbes Ltd,INE0KCE01017,Equity
543489,GATEWAY,Gateway Distriparks Ltd,INE079J01017,Equity
543490,GMRP&UI,GMR Power and Urban Infra Ltd,INE0CU601026,Equity
543497,BCCL,Bhatia Colour Chem Ltd,INE0KQ001017,Equity
543498,MSUMI,Motherson Sumi Wiring India Ltd,INE0FS801015,Equity
543499,ACHYUT,Achyut Healthcare Ltd,INE0K1401020,Equity
543500,EVOQ,Evoq Remedies Ltd,INE0JVD01011,Equity
543501,MOLOWVOL,Motilal Oswal S&P BSE Low Volatility ETF,INF247L01BL0,Equity
543512,AVROIND,Avro India Ltd,INE652Z01017,Equity
543513,UMAEXPORTS,Uma Exports Ltd,INE0GIU01018,Equity
543514,VERANDA,Veranda Learning Solutions Ltd,INE0IQ001011,Equity
543515,SEML,Sunrise Efficient Marketing Ltd,INE0KPY01017,Equity
543516,DHYAANITR,Dhyaani Tradeventtures Ltd,INE0K5F01014,Equity
543517,HARIOMPIPE,Hariom Pipe Industries Ltd,INE00EV01017,Equity
543518,EIGHTY,Eighty Jewellers Ltd,INE0KSN01014,Equity
543519,SFSL,Shashwat Furnishing Solutions Ltd,INE0JMN01019,Equity
543520,GLHRL,Global Longlife Hospital and Research Ltd,INE0J2K01014,Equity
543521,FONE4,Fone4 Communications (India) Ltd,INE0L3H01014,Equity
543522,NVENTURES,Nanavati Ventures Ltd,INE0E5R01017,Equity
543523,CAMPUS,Campus Activewear Ltd,INE278Y01022,Equity
543524,RAINBOW,Rainbow Children's Medicare Ltd,INE961O01016,Equity
543525,SILVERTUC,Silver Touch Technologies Ltd,INE625X01018,Equity
543526,LICI,Life Insurance Corporation of India,INE0J1Y01017,Equity
543527,PRUDENT,Prudent Corporate Advisory Services Ltd,INE00F201020,Equity
543528,VENUSPIPES,Venus Pipes & Tubes Ltd,INE0JA001018,Equity
543529,DELHIVERY,Delhivery Ltd,INE148O01028,Equity
543530,PARADEEP,Paradeep Phosphates Ltd,INE088F01024,Equity
543531,TIERRA,Tierra Agrotech Ltd,INE05CY01014,Equity
543532,ETHOSLTD,Ethos Ltd,INE04TZ01018,Equity
543533,EMUDHRA,eMudhra Ltd,INE01QM01018,Equity
543534,AETHER,Aether Industries Ltd,INE0BWX01014,Equity
543535,WEWIN,We Win Ltd,INE082W01014,Equity
543536,SILVERPRL,Silver Pearl Hospitality & Luxury Spaces Ltd,INE0KXN01014,Equity
543537,SCARNOSE,Scarnose International Ltd,INE0IXR01019,Equity
543538,GOEL,Goel Food Products Ltd,INE0K6L01010,Equity
543539,MODIS,Modis Navnirman Ltd,INE0L0L01012,Equity
543540,PGCRL,Pearl Green Clubs and Resorts Ltd,INE0GTX01019,Equity
543541,SAILANI,Sailani Tours N Travels Ltd,INE0KHQ01010,Equity
543542,KESAR,Kesar India Ltd,INE0L1C01019,Equity
543543,BRRL,B-Right Realestate Ltd,INE0IZQ01016,Equity
543544,JAYANT,Jayant Infratech Ltd,INE0KR801019,Equity
543545,VEERKRUPA,Veerkrupa Jewellers Ltd,INE0ID001024,Equity
543546,HEALTHYLIFE,Healthy Life Agritec Ltd,INE0L3501015,Equity
543547,DDEVPLSTIK,Ddev Plastiks Industries Ltd,INE0HR601026,Equity
543563,MOHEALTH,Motilal Oswal S&P BSE Healthcare ETF,INF247L01BB1,Equity
543568,MOM30IETF,ICICI Prudential Nifty 200 Momentum 30 ETF,INF109KC17C7,Equity
543569,HDFCNIF100,HDFC NIFTY 100 ETF,INF179KC1HR4,Equity
543570,HDFCNEXT50,HDFC Mutual Fund,INF179KC1HS2,Equity
543571,INFRAIETF,ICICI Prudential Nifty Infrastructure ETF,INF109KC16E5,Equity
543573,SYRMA,Syrma SGS Technology Ltd,INE0DYJ01015,Equity
543574,NIFTYQLITY,Aditya Birla Sun Life Nifty 200 Quality 30 ETF,INF209KB15K4,Equity
543575,MOMENTUM,Aditya Birla Sun Life Nifty 200 Momentum 30 ETF,INF209KB14K7,Equity
543576,MOVALUE,Motilal Oswal S&P BSE Enhanced Value ETF,INF247L01BE5,Equity
543577,MOQUALITY,Motilal Oswal S&P BSE Quality ETF,INF247L01BH8,Equity
543578,OLATECH,Olatech Solutions Ltd,INE0M3901015,Equity
543579,NATURO,Naturo Indiabull Ltd,INE0JNB01012,Equity
543590,RHETAN,Rhetan TMT Ltd,INE0KKN01029,Equity
543591,DREAMFOLKS,Dreamfolks Services Ltd,INE0JS101016,Equity
543593,DBOL,Dhampur Bio Organics Ltd,INE0I3401014,Equity
543594,DPL,Dipna Pharmachem Ltd,INE0MC401013,Equity
543595,EPBIO,EP Biocomposites Ltd,INE0D2I01014,Equity
543596,TMB,Tamilnad Mercantile Bank Ltd,INE668A01016,Equity
543597,VOEPL,Virtuoso Optoelectronics Ltd,INE0I0T01010,Equity
543598,SISL,Shantidoot Infra Services Ltd,INE0LU301014,Equity
543599,KSOLVES,Ksolves India Ltd,INE0D6I01023,Equity
543600,HARSHA,Harsha Engineers International Ltd,INE0JUS01029,Equity
543605,HDFCQUAL,HDFC NIFTY100 Quality 30 ETF,INF179KC1DL6,Equity
543606,CONTAINE,Containe Technologies Ltd,INE0M8901010,Equity
543607,HDFCGROWTH,HDFC NIFTY Growth Sectors 15 ETF,INF179KC1DJ0,Equity
543608,HDFCVALUE,HDFC NIFTY50 Value 20 ETF,INF179KC1DK8,Equity
543613,MAFIA,Mafia Trends Ltd,INE0KQQ01011,Equity
543614,TIPSFILMS,Tips Films Ltd,INE0LQS01015,Equity
543615,SRSOLTD,Silicon Rental Solutions Ltd,INE0MNV01014,Equity
543616,TLL,Trident Lifeline Ltd,INE0MKA01014,Equity
543617,REETECH,Reetech International Ltd,INE0MKO01015,Equity
543618,CARGOTRANS,Cargotrans Maritime Ltd,INE0M4L01013,Equity
543619,CNCRD,Concord Control Systems Ltd,INE0N0J01014,Equity
543620,INA,Insolation Energy Ltd,INE0LGX01024,Equity
543621,CARGOSOL,Cargosol Logistics Ltd,INE0KZM01011,Equity
543622,STML,Steelman Telecom Ltd,INE0MSK01016,Equity
543623,VEDANTASSET,Vedant Asset Ltd,INE0NC801013,Equity
543624,MAAGHADV,Maagh Advertising and Marketing Services Ltd,INE0KY201021,Equity
543625,SECURCRED,SecUR Credentials Ltd,INE195Y01010,Equity
543626,EMIL,Electronics Mart India Ltd,INE02YR01019,Equity
543627,HDFCLOWVOL,HDFC NIFTY100 Low Volatility 30 ETF,INF179KC1HU8,Equity
543628,HDFCMOMENT,HDFC NIFTY200 Momentum 30 ETF,INF179KC1HV6,Equity
543635,PPLPHARMA,Piramal Pharma Ltd,INE0DK501011,Equity
543636,DCI,Dc Infotech and Communication Ltd,INE0A1101019,Equity
543637,PACE,Pace E-Commerce Ventures Ltd,INE0N1L01018,Equity
543638,TRACXN,Tracxn Technologies Ltd,INE0HMF01019,Equity
543643,NARMADA,Narmada Agrobase Ltd,INE117Z01011,Equity
543644,INFOBEAN,Infobeans Technologies Ltd,INE344S01016,Equity
543645,HPIL,Hindprakash Industries Ltd,INE05X901010,Equity
543650,DCXINDIA,DCX Systems Ltd,INE0KL801015,Equity
543651,DAPS,DAPS Advertising Ltd,INE975Z01012,Equity
543652,FUSION,Fusion Finance Ltd,INE139R01012,Equity
543653,BIKAJI,Bikaji Foods International Ltd,INE00E101023,Equity
543654,MEDANTA,Global Health Ltd,INE474Q01031,Equity
543656,TECHNOPACK,Technopack Polymers Ltd,INE0MXP01015,Equity
543657,ACI,Archean Chemical Industries Ltd,INE128X01021,Equity
543663,FIVESTAR,Five-Star Business Finance Ltd,INE128S01021,Equity
543664,KAYNES,Kaynes Technology India Ltd,INE918Z01012,Equity
543665,HDFCNIFIT,HDFC NIFTY IT ETF,INF179KC1IA8,Equity
543666,HDFCPVTBAN,HDFC NIFTY Private Bank ETF,INF179KC1HZ7,Equity
543667,INOXGREEN,Inox Green Energy Services Ltd,INE510W01014,Equity
543668,BBTCL,B&B Triplewall Containers Ltd,INE01EE01011,Equity
543669,RUSTOMJEE,Keystone Realtors Ltd,INE263M01029,Equity
543670,VINNY,Vinny Overseas Ltd,INE01KI01027,Equity
543671,AAATECH,AAA Technologies Ltd,INE0D0U01013,Equity
543677,FINIETF,ICICI Prudential Nifty Financial Services Ex-Bank ETF,INF109KC17L8,Equity
543678,AMBOAGRI,Ambo Agritec Ltd,INE0N6V01016,Equity
543686,SIRCA,Sirca Paints India Ltd,INE792Z01011,Equity
543687,DHARMAJ,Dharmaj Crop Guard Ltd,INE00OQ01016,Equity
543688,SARVESHWAR,Sarveshwar Foods Ltd,INE324X01026,Equity
543689,UNIPARTS,Uniparts India Ltd,INE244O01017,Equity
543709,GARGI,PNGS Gargi Fashion Jewellery Ltd,INE0NT601018,Equity
543710,COMMOIETF,ICICI Prudential Nifty Commodities ETF,INF109KC19O8,Equity
543711,SULA,Sula Vineyards Ltd,INE142Q01026,Equity
543712,AFSL,Abans Financial Services Ltd,INE00ZE01026,Equity
543713,DRONACHRYA,Droneacharya Aerial Innovations Ltd,INE0MQD01015,Equity
543714,LANDMARK,Landmark Cars Ltd,INE559R01029,Equity
543715,IEL,Indiabulls Enterprises Ltd,INE059901020,Equity
543720,KFINTECH,KFin Technologies Ltd,INE138Y01010,Equity
543725,ELIN,Elin Electronics Ltd,INE050401020,Equity
543732,RADIANTCMS,Radiant Cash Management Services Ltd,INE855R01021,Equity
543737,AVEER,Aveer Foods Ltd,INE09BN01011,Equity
543738,BANKADD,DSP Nifty Bank ETF,INF740KA1RX3,Equity
543743,AERONEU,Aeroflex Neu Ltd,INE035801013,Equity
543744,REXSEAL,Rex Sealing and Packing Industries Ltd,INE0MFT01014,Equity
543745,SVS,SVS Ventures Ltd,INE0MID01012,Equity
543746,LOGICA,Logica Infoway Ltd,INE0BSU01018,Equity
543747,KAMOPAINTS,Kamdhenu Ventures Ltd,INE0BTI01037,Equity
543748,AARTIPHARM,Aarti Pharmalabs Ltd,INE0LRU01027,Equity
543753,DHARNI,Dharni Capital Services Ltd,INE0M9Q01011,Equity
543754,TRANSVOY,Transvoy Logistics India Ltd,INE0MPU01011,Equity
543765,EARTH,Earthstahl & Alloys Ltd,INE0O4V01010,Equity
543766,ASHIKA,Ashika Credit Capital Ltd,INE094B01013,Equity
543767,BTML,Bodhi Tree Multimedia Ltd,INE0EEJ01023,Equity
543768,NSLNISP,NMDC Steel Ltd,INE0NNS01018,Equity
543769,INDONG,Indong Tea Company Ltd,INE0KN201016,Equity
543774,HDFCBSE500,HDFC S&P BSE 500 ETF,INF179KC1EZ4,Equity
543775,HDFCSML250,HDFC NIFTY Smallcap 250 ETF,INF179KC1FB2,Equity
543776,HDFCMID150,HDFC NIFTY Midcap 150 ETF,INF179KC1HT0,Equity
543782,SEALMATIC,Sealmatic India Ltd,INE0O4601016,Equity
543787,ROBU,Macfos Ltd,INE0OLH01013,Equity
543798,PATRON,Patron Exim Ltd,INE0NPA01011,Equity
543799,SVJ,S. V. J. ENTERPRISES Ltd,INE0JZS01010,Equity
543804,AMANAYA,Amanaya Ventures Ltd,INE0G1V01016,Equity
543805,RESGEN,Resgen Ltd,INE0NYN01016,Equity
543806,ITCONS,ITCONS E-Solutions Ltd,INE0O6A01019,Equity
543811,AIRAN,Airan Ltd,INE645W01026,Equity
543812,DIVGIITTS,DIVGI TORQTRANSFER SYSTEMS Ltd,INE753U01022,Equity
543814,PCL,Prospect Consumer Products Ltd,INE0OKG01017,Equity
543819,PSUBNKIETF,ICICI Prudential Nifty PSU Bank ETF,INF109KC10S8,Equity
543828,SUDARSHAN,Sudarshan Pharma Industries Ltd,INE00TV01023,Equity
543829,GSLSU,Global Surfaces Ltd,INE0JSX01015,Equity
543830,LABELKRAFT,Labelkraft Technologies Ltd,INE0NLJ01011,Equity
543831,BRIGHT,Bright Outdoor Media Ltd,INE0OMI01019,Equity
543843,COMMAND,Command Polymers Ltd,INE0LKQ01012,Equity
543848,DEVLAB,Dev Labtech Venture Ltd,INE0NIJ01017,Equity
543853,AXSENSEX,AXIS S&P BSE SENSEX ETF,INF846K010Q0,Equity
543858,LOWVOL,Mirae Asset Nifty 100 Low Volatility 30 ETF,INF769K01JU9,Equity
543860,JAFINANCE,J.A. Finance Ltd,INE825B01010,Equity
543861,USK,Udayshivakumar Infra Ltd,INE0N0Y01013,Equity
543874,MAIDEN,Maiden Forgings Ltd,INE0O1T01010,Equity
543895,EXHICON,Exhicon Events Media Solutions Ltd,INE0O8901016,Equity
543896,AVALON,Avalon Technologies Ltd,INE0LCL01028,Equity
543897,SANCODE,Sancode Technologies Ltd,INE0P7001013,Equity
543898,BLAL,BEML Land Assets Ltd,INE0N7W01012,Equity
543901,RHL,Robust Hotels Ltd,INE508K01013,Equity
543902,RETINA,Retina Paints Ltd,INE0NTC01019,Equity
543904,MANKIND,Mankind Pharma Ltd,INE634S01028,Equity
543905,INNOKAIZ,Innokaiz India Ltd,INE0LDI01022,Equity
543910,AVG,AVG Logistics Ltd,INE680Z01018,Equity
543911,ATALREAL,Atal Realtech Ltd,INE0ALR01029,Equity
543912,PIGL,Power and Instrumentation (Gujarat) Ltd,INE557Z01018,Equity
543914,SWATIPRO,Swati Projects Ltd,INE210F01016,Equity
543915,PAVNAIND,Pavna Industries Ltd,INE07S101038,Equity
543916,HSIL,Hemant Surgical Industries Ltd,INE0GYI01028,Equity
543917,SIGMA,Sigma Solve Ltd,INE0A0S01028,Equity
543918,GHCLTEXTIL,GHCL Textiles Ltd,INE0PA801013,Equity
543919,MKPL,M. K. Proteins Ltd,INE964W01021,Equity
543920,CFF,CFF Fluid Control Ltd,INE0NJ001013,Equity
543921,COMRADE,Comrade Appliances Ltd,INE0NXA01015,Equity
543923,IKIO,IKIO Technologies Ltd,INE0LOJ01019,Equity
543924,SONALIS,Sonalis Consumer Products Ltd,INE0N5O01013,Equity
543926,BIZOTIC,Bizotic Commercial Ltd,INE0OJ401014,Equity
543927,ASIAN,Asian Warehousing Ltd,INE04Z101016,Equity
543928,COSMICCRF,Cosmic CRF Ltd,INE0ORA01015,Equity
543929,HMAAGRO,HMA Agro Industries Ltd,INE0ECP01024,Equity
543930,URAVIDEF,Uravi Defence and Technology Ltd,INE568Z01015,Equity
543931,VEEFIN,Veefin Solutions Ltd,INE0Q0M01015,Equity
543932,IDEAFORGE,Ideaforge Technology Ltd,INE349Y01013,Equity
543933,CYIENTDLM,Cyient DLM Ltd,INE055S01018,Equity
543934,MACIND,Machhar Industries Ltd,INE01BT01015,Equity
543935,ITADD,DSP Nifty IT ETF,INF740KA1SX1,Equity
543936,SENCO,Senco Gold Ltd,INE602W01027,Equity
543937,ALPHAIND,Alphalogic Industries Ltd,INE0NZF01019,Equity
543938,ACCELERATE,Acceleratebs India Ltd,INE0POP01017,Equity
543939,KAKA,Kaka Industries Ltd,INE0P3N01018,Equity
543940,JIOFIN,Jio Financial Services Ltd,INE758E01017,Equity
543941,AHASOLAR,Ahasolar Technologies Ltd,INE0NEV01011,Equity
543942,UTKARSHBNK,Utkarsh Small Finance Bank Ltd,INE735W01017,Equity
543943,ASARFI,Asarfi Hospital Ltd,INE0DN001027,Equity
543944,BANKETF,Mirae Asset Nifty Bank ETF,INF769K01KR3,Equity
543945,NETWEB,Netweb Technologies India Ltd,INE0NT901020,Equity
543947,SENSEXADD,DSP BSE Sensex ETF,INF740KA1SZ6,Equity
543948,PSUBANKADD,DSP Nifty PSU Bank ETF,INF740KA1SY9,Equity
543949,PVTBANKADD,DSP Private Bank ETF,INF740KA1TA7,Equity
543950,YATHARTH,Yatharth Hospital & Trauma Care Services Ltd,INE0JO301016,Equity
543951,INNOVATUS,Innovatus Entertainment Networks Ltd,INE0LYO01018,Equity
543952,NIITMTS,NIIT Learning Systems Ltd,INE342G01023,Equity
543953,KHAZANCHI,Khazanchi Jewellers Ltd,INE0OWC01011,Equity
543954,ATL,Allcargo Terminals Ltd,INE0NN701020,Equity
543955,TREL,Transindia Real Estate Ltd,INE0O3901029,Equity
543956,QUAL30IETF,ICICI Prudential Nifty 200 Quality 30 ETF,INF109KC18V5,Equity
543957,REDTAPE,Redtape Ltd,INE0LXT01019,Equity
543958,VLEGOV,VL E-Governance & IT Solutions Ltd,INE03HW01020,Equity
543959,SBFC,SBFC Finance Ltd,INE423Y01016,Equity
543960,CONCORDBIO,Concord Biotech Ltd,INE338H01029,Equity
543962,DPWIRES,D.P. Wires Ltd,INE864X01013,Equity
543963,SHELTER,Shelter Pharma Ltd,INE013V01011,Equity
543965,TVSSCS,TVS Supply Chain Solutions Ltd,INE395N01027,Equity
543969,PYRAMID,Pyramid Technoplast Ltd,INE0MIS01010,Equity
543970,SHOORA,Shoora Designs Ltd,INE0OJZ01019,Equity
543971,BONDADA,Bondada Engineering Ltd,INE0Q8P01029,Equity
543972,AEROFLEX,Aeroflex Industries Ltd,INE024001021,Equity
543974,VPRPL,Vishnu Prakash R Punglia Ltd,INE0AE001013,Equity
543975,MIDCAPBETA,UTI NIFTY MIDCAP 150 ETF,INF789F1AYX9,Equity
543976,SHRAAITECH,Shradha AI Technologies Ltd,INE489B01031,Equity
543977,RISHABH,Rishabh Instruments Ltd,INE0N2P01017,Equity
543978,RATNAVEER,Ratnaveer Precision Engineering Ltd,INE05CZ01011,Equity
543979,KAHAN,Kahan Packaging Ltd,INE04T901017,Equity
543980,JLHL,Jupiter Life Line Hospitals Ltd,INE682M01012,Equity
543981,RRKABEL,R R Kabel Ltd,INE777K01022,Equity
543982,QUESTFLOW,Quest Flow Controls Ltd,INE0OYE01013,Equity
543983,EMSLIMITED,EMS Ltd,INE0OV601013,Equity
543984,SAMHI,Samhi Hotels Ltd,INE08U801020,Equity
543985,ZAGGLE,Zaggle Prepaid Ocean Services Ltd,INE07K301024,Equity
543986,SOUTHWEST,South West Pinnacle Exploration Ltd,INE980Y01015,Equity
543987,NAVINIFTY,NAVI NIFTY 50 ETF,INF959L01HI3,Equity
543988,NUVAMA,Nuvama Wealth Management Ltd,INE531F01023,Equity
543989,KALAMANDIR,Sai Silks (Kalamandir) Ltd,INE438K01021,Equity
543990,SIGNATURE,Signatureglobal (India) Ltd,INE903U01023,Equity
543991,TECHKGREEN,Techknowgreen Solutions Ltd,INE0P4P01011,Equity
543992,YATRA,Yatra Online Ltd,INE0JR601024,Equity
543993,ARCL,ARCL Organics Ltd,INE372M01010,Equity
543994,JSWINFRA,JSW Infrastructure Ltd,INE880J01026,Equity
543995,MVGJL,Manoj Vaibhav Gems N Jewellers Ltd,INE0KNT01012,Equity
543996,UDS,Updater Services Ltd,INE851I01011,Equity
543997,ORGANICREC,Organic Recycling Systems Ltd,INE0MIO01019,Equity
543998,VALIANTLAB,Valiant Laboratories Ltd,INE0JWS01017,Equity
543999,SENSEXETF,Mirae Asset S&P BSE Sensex ETF,INF769K01KT9,Equity
544000,CCAL,City Crops Agro Ltd,INE0M7501019,Equity
544001,SUNITATOOL,Sunita Tools Ltd,INE0Q1S01010,Equity
544002,VIVAA,Vivaa Tradecom Ltd,INE0PA601017,Equity
544003,PLAZACABLE,Plaza Wires Ltd,INE0INJ01017,Equity
544004,IRMENERGY,IRM Energy Ltd,INE07U701015,Equity
544006,ITETF,Mirae Asset Nifty IT ETF,INF769K01KV5,Equity
544007,ALPHAETF,Mirae Asset Nifty 200 Alpha 30 ETF,INF769K01KU7,Equity
544008,MAXESTATES,Max Estates Ltd,INE03EI01018,Equity
544009,BLUEJET,Blue Jet Healthcare Ltd,INE0KBH01020,Equity
544011,VPL,Vrundavan Plantation Ltd,INE0Q6901013,Equity
544012,CELLO,Cello World Ltd,INE0LMW01024,Equity
544013,KKSHL,KK Shah Hospitals Ltd,INE0OH401016,Equity
544014,HONASA,Honasa Consumer Ltd,INE0J5401028,Equity
544015,MISHDESIGN,Mish Designs Ltd,INE0QI101019,Equity
544020,ESAFSFB,ESAF Small Finance Bank Ltd,INE818W01011,Equity
544021,PROTEAN,Protean eGov Technologies Ltd,INE004A01022,Equity
544022,ASKAUTOLTD,ASK Automotive Ltd,INE491J01022,Equity
544023,KALYANI,Kalyani Cast-Tech Ltd,INE0N6U01018,Equity
544025,ARROWHEAD,Arrowhead Seperation Engineering Ltd,INE0PP401015,Equity
544026,IREDA,Indian Renewable Energy Development Agency Ltd,INE202E01016,Equity
544027,FEDFINA,Fedbank Financial Services Ltd,INE007N01010,Equity
544028,TATATECH,Tata Technologies Ltd,INE142M01025,Equity
544029,GANDHAR,Gandhar Oil Refinery (India) Ltd,INE717W01049,Equity
544030,FLAIR,Flair Writing Industries Ltd,INE00Y201027,Equity
544035,SPL,Swashthik Plascon Ltd,INE0RDR01012,Equity
544036,DEEPAKCHEM,Deepak Chemtex Ltd,INE0RDM01013,Equity
544037,AMIC,Amic Forging Ltd,INE0P9J01013,Equity
544042,BAJEL,Bajel Projects Ltd,INE0KQN01018,Equity
544044,INDIASHLTR,India Shelter Finance Corporation Ltd,INE922K01024,Equity
544045,DOMS,DOMS Industries Ltd,INE321T01012,Equity
544046,INOXINDIA,INOX India Ltd,INE616N01034,Equity
544047,SIYARAM,Siyaram Recycling Industries Ltd,INE0QSK01017,Equity
544052,BENCHMARK,Benchmark Computer Solutions Ltd,INE0Q2Z01013,Equity
544053,MOTISONS,Motisons Jewellers Ltd,INE0FRK01020,Equity
544054,SURAJEST,Suraj Estate Developers Ltd,INE843S01025,Equity
544055,MUTHOOTMF,Muthoot Microfin Ltd,INE046W01019,Equity
544056,SMARITIME,Sahara Maritime Ltd,INE0PSJ01011,Equity
544057,HAPPYFORGE,Happy Forgings Ltd,INE330T01021,Equity
544058,MUFTI,Credo Brands Marketing Ltd,INE220Q01020,Equity
544059,SHANTIDENM,Shanti Spintex Ltd,INE0QZQ01019,Equity
544060,RBZJEWEL,RBZ Jewellers Ltd,INE0PEQ01016,Equity
544061,AZAD,Azad Engineering Ltd,INE02IJ01035,Equity
544066,SUNCLAY,Sundaram-Clayton Ltd,INE0Q3R01026,Equity
544067,INNOVACAP,Innova Captab Ltd,INE0DUT01020,Equity
544072,AIKPIPES,AIK Pipes and Polymers Ltd,INE0QFT01015,Equity
544073,MCPL,Manoj Ceramic Ltd,INE0A6N01026,Equity
544074,SBVCL,Shri Balaji Valve Components Ltd,INE0RNZ01014,Equity
544079,DIGIDRIVE,Digidrive Distributors Ltd,INE0PSC01024,Equity
544080,SHILINDORE,Sayaji Hotels (Indore) Ltd,INE0MGS01014,Equity
544081,JYOTICNC,Jyoti CNC Automation Ltd,INE980O01024,Equity
544082,SWANAGRO,New Swan Multitech Ltd,INE0GEN01012,Equity
544083,SHREE,Shree Marutinandan Tubes Ltd,INE0QIS01011,Equity
544088,MEDIASSIST,Medi Assist Healthcare Services Ltd,INE456Z01021,Equity
544090,SHPLPUNE,Sayaji Hotels (Pune) Ltd,INE07G501017,Equity
544091,QLL,Qualitek Labs Ltd,INE0Q1R01012,Equity
544092,NIFTYBETF,Bajaj Finserv Nifty 50 ETF,INF0QA701722,Equity
544093,BANKBETF,Bajaj Finserv Nifty Bank ETF,INF0QA701714,Equity
544094,EUPHORIAIT,Euphoria Infotech (India) Ltd,INE0PYT01018,Equity
544095,EPACK,EPACK Durable Ltd,INE0G5901015,Equity
544100,NOVAAGRI,Nova Agritech Ltd,INE02H701025,Equity
544101,BRISK,Brisk Technovision Ltd,INE0Q6L01014,Equity
544102,ITBETA,UTI NIFTY IT ETF,INF789F1AZD8,Equity
544105,HARSHDEEP,Harshdeep Hortico Ltd,INE0OLZ01015,Equity
544106,MCFL,Mayank Cattle Food Ltd,INE0R5Z01015,Equity
544107,BLSE,BLS E-Services Ltd,INE0NLT01010,Equity
544108,GPSL,Gabriel Pet Straps Ltd,INE0QZF01012,Equity
544109,HEALTHADD,DSP Nifty Healthcare ETF,INF740KA1UF4,Equity
544110,HDFCPSUBK,HDFC Nifty PSU Bank ETF,INF179KC1HW4,Equity
544111,PARKHOTELS,Apeejay Surrendra Park Hotels Ltd,INE988S01028,Equity
544112,JGTL,Jasch Gauging Technologies Ltd,INE0QXV01014,Equity
544117,SIGNPOST,Signpost India Ltd,INE0KGZ01021,Equity
544118,JSFB,Jana Small Finance Bank Ltd,INE953L01027,Equity
544119,RPTECH,Rashi Peripherals Ltd,INE0J1F01024,Equity
544120,CAPITALSFB,Capital Small Finance Bank Ltd,INE646H01017,Equity
544121,RUDRAGAS,Rudra Gas Enterprise Ltd,INE0OYK01010,Equity
544122,ENTERO,Entero Healthcare Solutions Ltd,INE010601016,Equity
544123,LICNMID100,LIC MF Nifty Midcap 100 ETF,INF767K01RN1,Equity
544124,VSTL,Vibhor Steel Tubes Ltd,INE0QTF01015,Equity
544129,JUNIPER,Juniper Hotels Ltd,INE696F01016,Equity
544130,SMALLCAP,Mirae Asset Nifty Smallcap 250 Momentum Quality 100 ETF,INF769K01LC3,Equity
544131,GPTHEALTH,GPT Healthcare Ltd,INE486R01017,Equity
544133,EXICOM,Exicom Tele-Systems Ltd,INE777F01014,Equity
544134,PLATIND,Platinum Industries Ltd,INE0PT501018,Equity
544135,MUKKA,Mukka Proteins Ltd,INE0CG401037,Equity
544136,RKSWAMY,R K Swamy Ltd,INE0NQ801033,Equity
544138,JGCHEM,J.G.Chemicals Ltd,INE0MB501011,Equity
544139,KOURA,Koura Fine Diamond Jewelry Ltd,INE0M8R01011,Equity
544140,GOPAL,Gopal Snacks Ltd,INE0L9R01028,Equity
544141,PESB,Pune E - Stock Broking Ltd,INE510U01018,Equity
544142,SCILAL,Shipping Corporation of India Land and Assets Ltd,INE0PB301013,Equity
544143,ROYAL,Royal Sense Ltd,INE0QQG01019,Equity
544144,PVSL,Popular Vehicles and Services Ltd,INE772T01024,Equity
544149,KRYSTAL,Krystal Integrated Services Ltd,INE0QN801017,Equity
544150,KPGEL,KP Green Engineering Ltd,INE0QVH01025,Equity
544151,CHATHA,Chatha Foods Ltd,INE0AH901011,Equity
544156,GCONNECT,Gconnect Logitech and Supply Chain Ltd,INE0QHY01011,Equity
544157,VRUDDHI,Vruddhi Engineering Works Ltd,INE0OMZ01013,Equity
544158,SRM,SRM Contractors Ltd,INE0R6Z01013,Equity
544160,JAYKAILASH,Jay Kailash Namkeen Ltd,INE0MSS01019,Equity
544161,DPABHUSHAN,D.P. Abhushan Ltd,INE266Y01019,Equity
544162,BHARTIHEXA,Bharti Hexacom Ltd,INE343G01021,Equity
544163,GVL,Greenhitech Ventures Ltd,INE0S0701019,Equity
544164,FAALCON,Faalcon Concepts Ltd,INE0Q9W01015,Equity
544165,SHIVAM,Shivam Chemicals Ltd,INE0SGR01013,Equity
544166,EMMFORCE,Emmforce Autotech Ltd,INE0SDC01012,Equity
544167,JNKINDIA,JNK India Ltd,INE0OAF01028,Equity
544168,VARYAA,Varyaa Creations Ltd,INE0R6801013,Equity
544169,AMKAY,Amkay Products Ltd,INE0QSB01016,Equity
544170,DKUAL,Dolphin Kitchen Utensils and Appliances Ltd,INE0QXT01018,Equity
544171,STAL,Storage Technologies and Automation Ltd,INE0RGM01016,Equity
544172,INDGN,Indegene Ltd,INE065X01017,Equity
544173,FTL,Finelistings Technologies Ltd,INE0QOQ01013,Equity
544174,TBOTEK,TBO TEK Ltd,INE673O01025,Equity
544175,TGIF,TGIF Agribusiness Ltd,INE0SMU01015,Equity
544176,AADHARHFC,Aadhar Housing Finance Ltd,INE883F01010,Equity
544177,AZTEC,Aztec Fluids & Machinery Ltd,INE0SCB01016,Equity
544178,PIOTEX,Piotex Industries Ltd,INE0R4W01015,Equity
544179,GODIGIT,Go Digit General Insurance Ltd,INE03JT01014,Equity
544180,MIDSMALL,Mirae Asset Nifty Midsmallcap400 Momentum Quality 100 ETF,INF769K01LJ8,Equity
544181,AWFIS,Awfis Space Solutions Ltd,INE108V01019,Equity
544183,ASSOCIATED,Associated Coaters Ltd,INE0RIQ01013,Equity
544184,BOROSCI,Borosil Scientific Ltd,INE02L001032,Equity
544185,ADTECH,Adtech Systems Ltd,INE257C01014,Equity
544186,TOTEM,Forbes Precision Tools and Machine Parts Ltd,INE0TT901016,Equity
544187,KRONOX,Kronox Lab Sciences Ltd,INE0ATZ01017,Equity
544188,MAGENTA,Magenta Lifecare Ltd,INE0QZ901011,Equity
544189,SATTRIX,Sattrix Information Security Ltd,INE0QUV01010,Equity
544190,3CIT,3C IT Solutions and Telecoms (India) Ltd,INE0R7D01018,Equity
544191,PURPLEFIN,Purple Finance Ltd,INE0CYK01015,Equity
544192,IXIGO,Le Travenues Technology Ltd,INE0HV901016,Equity
544193,MID150CASE,ZERODHA NIFTY MIDCAP 150 ETF,INF0R8F01059,Equity
544194,TOP100CASE,ZERODHA NIFTY 100 ETF,INF0R8F01067,Equity
544195,COTFAB,United Cotfab Ltd,INE0S0I01011,Equity
544196,BBNPNBETF,Baroda BNP Paribas Nifty Bank ETF,INF251K01TL6,Equity
544197,RETAIL,JHS Svendgaard Retail Ventures Ltd,INE03DD01011,Equity
544198,DEEDEV,Dee Development Engineers Ltd,INE841L01016,Equity
544199,GEMENVIRO,GEM Enviro Management Ltd,INE0RUJ01013,Equity
544200,AFIL,Akme Fintrade (India) Ltd,INE916Y01027,Equity
544201,DFPL,Dindigul Farm Product Ltd,INE0S6R01027,Equity
544202,STANLEY,Stanley Lifestyles Ltd,INE01A001028,Equity
544203,ABDL,Allied Blenders and Distillers Ltd,INE552Z01027,Equity
544204,VRAJ,Vraj Iron And Steel Ltd,INE0S2V01010,Equity
544205,NPL,National Peroxide Ltd,INE0PO601011,Equity
544207,RELIABLE,Reliable Data Services Ltd,INE375Y01018,Equity
544209,BANSALWIRE,Bansal Wire Industries Ltd,INE0B9K01025,Equity
544210,EMCURE,Emcure Pharmaceuticals Ltd,INE168P01015,Equity
544212,EVINDIA,Mirae Asset Nifty EV and New Age Automotive ETF,INF769K01LQ3,Equity
544213,ACLD,Aelea Commodities Ltd,INE0T3401029,Equity
544214,THREEMPAPE,Three M Paper Boards Ltd,INE0UK501010,Equity
544215,SBINEQWETF,SBI NIFTY50 EQUAL WEIGHT ETF,INF200KB1282,Equity
544216,OILIETF,ICICI Prudential Nifty Oil & Gas ETF,INF109KC18W3,Equity
544217,SANSTAR,Sanstar Ltd,INE08NE01025,Equity
544218,ABSLPSE,Aditya Birla Sun Life Nifty PSE ETF,INF209KB19Z4,Equity
544219,VVIPIL,VVIP Infratech Ltd,INE0MNP01016,Equity
544220,CTLLAB,Clinitech Laboratory Ltd,INE0QMR01015,Equity
544221,KIZI,Kizi Apparels Ltd,INE0RMR01013,Equity
544222,AKUMS,Akums Drugs and Pharmaceuticals Ltd,INE09XN01023,Equity
544223,CEIGALL,Ceigall India Ltd,INE0AG901020,Equity
544224,AFCOM,Afcom Holdings Ltd,INE0OXY01013,Equity
544225,OLAELEC,Ola Electric Mobility Ltd,INE0LXG01040,Equity
544226,FIRSTCRY,Brainbees Solutions Ltd,INE02RE01045,Equity
544227,UNIECOM,Unicommerce Esolutions Ltd,INE00U401027,Equity
544229,METALIETF,ICICI Prudential Nifty Metal ETF,INF109KC19W1,Equity
544230,SSDL,Saraswati Saree Depot Ltd,INE0PQ101010,Equity
544231,BROACH,Broach Lifecare Hospital Ltd,INE0SFZ01018,Equity
544232,INTERARCH,Interarch Building Solutions Ltd,INE00M901018,Equity
544233,MFML,Mahalaxmi Fabric Mills Ltd,INE0US801024,Equity
544234,GLOBALE,Globale Tessile Ltd,INE0URU01010,Equity
544235,ORIENTTECH,Orient Technologies Ltd,INE0PPK01015,Equity
544236,RAL,Resourceful Automobile Ltd,INE0SK201011,Equity
544237,RAPID,Rapid Multimodal logistics Ltd,INE0QA901010,Equity
544238,PREMIERENE,Premier Energies Ltd,INE0BS701011,Equity
544239,ECOSMOBLTY,ECOS (India) Mobility & Hospitality Ltd,INE06HJ01020,Equity
544240,RAYMONDLSL,Raymond Lifestyle Ltd,INE02ID01020,Equity
544241,MULTICAP,Mirae Asset Nifty500 Multicap 50:25:25 ETF,INF769K01LX9,Equity
544242,TRAVELS,Travels & Rentals Ltd,INE0SG001011,Equity
544243,STYLEBAAZA,Baazar Style Retail Ltd,INE01FR01028,Equity
544244,GALAPREC,Gala Precision Engineering Ltd,INE0RE001014,Equity
544245,NHL,Naturewings Holidays Ltd,INE0N4701016,Equity
544246,RVTH,Revathi Equipment India Ltd,INE0DAB01012,Equity
544247,TOP10ADD,DSP Nifty Top 10 Equal Weight ETF,INF740KA1UR9,Equity
544248,MCEL,Mach Conferences And Events Ltd,INE0UYT01018,Equity
544249,BALAJEE,Shree Tirupati Balajee Agro Trading Company Ltd,INE0S2G01011,Equity
544250,SANOFICONR,Sanofi Consumer Healthcare India Ltd,INE0UOS01011,Equity
544251,SSL,Share Samadhan Ltd,INE0LY301010,Equity
544252,BAJAJHFL,Bajaj Housing Finance Ltd,INE377Y01014,Equity
544253,KROSS,Kross Ltd,INE0O6601022,Equity
544254,TOLINS,Tolins Tyres Ltd,INE0RWQ01014,Equity
544256,PNGJL,P N Gadgil Jewellers Ltd,INE953R01016,Equity
544257,SAFE,Sodhani Academy of Fintech Enablers Ltd,INE0Q3401017,Equity
544258,WCIL,Western Carriers (India) Ltd,INE0CJF01024,Equity
544259,PFL,Popular Foundations Ltd,INE0PZB01013,Equity
544260,NORTHARC,Northern Arc Capital Ltd,INE850M01015,Equity
544261,ARKADE,Arkade Developers Ltd,INE0QRL01017,Equity
544262,MANBA,Manba Finance Ltd,INE939X01013,Equity
544263,KRN,KRN Heat Exchanger And Refrigeration Ltd,INE0Q3J01015,Equity
544264,DIFFNKG,Diffusion Engineers Ltd,INE184O01015,Equity
544265,NEXXUS,Nexxus Petro Industries Ltd,INE0QUL01011,Equity
544266,BANKPSU,Mirae Asset Nifty PSU Bank ETF,INF769K01LZ4,Equity
544267,SUBAM,Subam Papers Ltd,INE0U6201010,Equity
544268,METAL,Mirae Asset Nifty Metal ETF,INF769K01LY7,Equity
544269,NPFL,Neopolitan Pizza And Foods Ltd,INE471R01019,Equity
544270,KGVL,Khyati Global Ventures Ltd,INE0S9501014,Equity
544271,GARUDA,Garuda Construction and Engineering Ltd,INE0JVO01026,Equity
544272,SHIVTEXCHEM,Shiv Texchem Ltd,INE0YRO01015,Equity
544273,MGEL,Mangalam Global Enterprise Ltd,INE0APB01032,Equity
544274,HYUNDAI,Hyundai Motor India Ltd,INE0V6F01027,Equity
544275,VAL30IETF,ICICI Prudential Nifty200 Value 30 ETF,INF109KC16X5,Equity
544276,DBEIL,Deepak Builders and Engineers India Ltd,INE0OPA01019,Equity
544277,WAAREEENER,Waaree Energies Ltd,INE377N01017,Equity
544278,OCCLLTD,OCCL Ltd,INE0PK601023,Equity
544279,GODAVARIB,Godavari Biorefineries Ltd,INE497S01012,Equity
544280,AFCONS,Afcons Infrastructure Ltd,INE101I01011,Equity
544281,ABINFRA,A B Infrabuild Ltd,INE00YB01025,Equity
544282,SAGILITY,Sagility Ltd,INE0W2G01015,Equity
544283,ACMESOLAR,ACME Solar Holdings Ltd,INE622W01025,Equity
544285,SWIGGY,Swiggy Ltd,INE00H001014,Equity
544286,NIVABUPA,Niva Bupa Health Insurance Company Ltd,INE995S01015,Equity
544287,MANGALCOMP,Mangal Compusolution Ltd,INE0RU901015,Equity
544288,BLACKBUCK,Black Buck Ltd,INE0UIZ01018,Equity
544289,NTPCGREEN,NTPC Green Energy Ltd,INE0ONG01011,Equity
544290,EIEL,Enviro Infra Engineers Ltd,INE0LLY01014,Equity
544291,RAJESH,Rajesh Power Services Ltd,INE0VN801010,Equity
544292,ONESOURCE,Onesource Specialty Pharma Ltd,INE013P01021,Equity
544293,SURAKSHA,Suraksha Diagnostic Ltd,INE877V01027,Equity
544294,ROSSTECH,Rossell Techsys Ltd,INE0OJW01016,Equity
544296,NISUS,Nisus Finance Services Co Ltd,INE0DQN01013,Equity
544301,ODIGMA,Odigma Consultancy Solutions Ltd,INE054301028,Equity
544302,INNOVANA,Innovana Thinklabs Ltd,INE403Y01018,Equity
544303,TTC,Toss The Coin Ltd,INE0XAY01012,Equity
544304,JUNGLECAMP,Jungle Camps India Ltd,INE0WCH01015,Equity
544305,MOBIKWIK,One Mobikwik Systems Ltd,INE0HLU01028,Equity
544306,SAILIFE,Sai Life Sciences Ltd,INE570L01029,Equity
544307,VMM,Vishal Mega Mart Ltd,INE01EA01019,Equity
544308,HILLTONE,Hilltone Software and Gases Ltd,INE168C01013,Equity
544309,IKS,Inventurus Knowledge Solutions Ltd,INE115Q01022,Equity
544310,YASHHV,Yash Highvoltage Ltd,INE00GK01023,Equity
544311,IGIL,International Gemmological Institute India Ltd,INE0Q9301021,Equity
544312,HAMPS,Hamps Bio Ltd,INE0QBD01018,Equity
544313,NACDAC,NACDAC Infrastructure Ltd,INE0LB101011,Equity
544314,SANATHAN,Sanathan Textiles Ltd,INE0JPD01013,Equity
544315,CEWATER,Concord Enviro Systems Ltd,INE037Z01029,Equity
544316,DAMCAPITAL,DAM Capital Advisors Ltd,INE284H01025,Equity
544317,TRANSRAILL,Transrail Lighting Ltd,INE454P01035,Equity
544318,MAMATA,Mamata Machinery Ltd,INE0TO701015,Equity
544319,SENORES,Senores Pharmaceuticals Ltd,INE0RB801010,Equity
544320,CARRARO,Carraro India Ltd,INE0V7W01012,Equity
544321,VENTIVE,Ventive Hospitality Ltd,INE781S01027,Equity
544322,UNIMECH,Unimech Aerospace and Manufacturing Ltd,INE0U3I01011,Equity
544323,CONSUMER,Mirae Asset Nifty India New Age Consumption ETF,INF769K01NS5,Equity
544324,CITICHEM,Citichem India Ltd,INE0A8401016,Equity
544325,ITCHOTELS,ITC Hotels Ltd,INE379A01028,Equity
544326,ECAPINSURE,Edelweiss BSE Capital Markets & Insurance ETF,INF754K01TX4,Equity
544327,TECHNICHEM,Technichem Organics Ltd,INE0ZHT01012,Equity
544328,INDOFARM,Indo Farm Equipment Ltd,INE622H01018,Equity
544329,VANDU,Leo Dryfruits & Spices Trading Ltd,INE0RH001011,Equity
544330,PARMESHWAR,Parmeshwar Metal Ltd,INE0QQJ01021,Equity
544331,DAVIN,Davin Sons Retail Ltd,INE0Q2L01013,Equity
544332,FABCLEAN,Fabtech Technologies Cleanrooms Ltd,INE0HSD01011,Equity
544333,SGLTL,Standard Glass Lining Technology Ltd,INE0M4D01010,Equity
544334,INDOBELL,Indobell Insulations Ltd,INE0FK501019,Equity
544335,BRGIL,B.R.Goyal Infrastructure Ltd,INE00ST01011,Equity
544336,QUADFUTURE,Quadrant Future Tek Ltd,INE0LRY01011,Equity
544337,AVAX,Avax Apparels and Ornaments Ltd,INE0NQ401016,Equity
544339,LAXMIDENTL,Laxmi Dental Ltd,INE0WO601020,Equity
544340,RIKHAV,Rikhav Securities Ltd,INE0CFH01028,Equity
544341,LGLL,Landmark Global Learning Ltd,INE12QA01010,Equity
544342,STALLION,Stallion India Fluorochemicals Ltd,INE0RYC01010,Equity
544343,CNINFOTECH,Capitalnumbers Infotech Ltd,INE0WXM01011,Equity
544344,SHRIPISTON,Shriram Pistons & Rings Ltd,INE526E01018,Equity
544345,DENTA,Denta Water and Infra Solutions Ltd,INE0R4L01018,Equity
544346,RRECL,RDB Real Estate Constructions Ltd,INE0AK901016,Equity
544347,CLN,CLN Energy Ltd,INE0WDX01010,Equity
544348,GBLOGISTIC,GB Logistics Commerce Ltd,INE0RWU01016,Equity
544349,HMEML,H.M. Electro Mech Ltd,INE0DZD01015,Equity
544350,AGARWALEYE,Dr. Agarwals Health Care Ltd,INE943P01029,Equity
544351,MALPANI,Malpani Pipes And Fittings Ltd,INE0YON01014,Equity
544352,NEXT30ADD,DSP BSE Sensex Next 30 ETF,INF740KA1VE5,Equity
544353,AMWILL,Amwill Health Care Ltd,INE0U2L01017,Equity
544354,SOLARIUM,Solarium Green Energy Ltd,INE0W0H01017,Equity
544355,JUBLCPL,Jubilant Agri and Consumer Products Ltd,INE03CC01015,Equity
544356,AJAXENGG,AJAX Engineering Ltd,INE274Y01021,Equity
544361,COVANCE,Covance Softsol Ltd,INE0R8101016,Equity
544362,HEXT,Hexaware Technologies Ltd,INE093A01041,Equity
544364,BAJAJINDEF,Indef Manufacturing Ltd,INE0O9T01021,Equity
544365,SHANMUGA,Shanmuga Hospital Ltd,INE0TD301017,Equity
544366,LKMEHTA,L.K.Mehta Polymers Ltd,INE0FFF01017,Equity
544367,QPOWER,Quality Power Electrical Equipments Ltd,INE0SII01026,Equity
544368,SWASTH,Swasth Foodtech India Ltd,INE0TIR01017,Equity
544369,BEEZAASAN,Beezaasan Explotech Ltd,INE13VU01016,Equity
544370,NUKLEUS,Nukleus Office Solutions Ltd,INE0VYX01018,Equity
544371,VIKRAMAR,Vikram Aroma Ltd,INE0NR501012,Equity
544372,SHREENATH,Shreenath Paper Products Ltd,INE0RXS01018,Equity
544373,NAPSGLOBAL,NAPS Global India Ltd,INE0VNH01014,Equity
544376,SELECTIPO,Mirae Asset BSE Select IPO ETF,INF769K01ON4,Equity
544377,EQUAL200,Mirae Asset BSE 200 Equal Weight ETF,INF769K01OA1,Equity
544378,PSPL,PDP Shipping & Projects Ltd,INE0ABU01016,Equity
544379,PRABHA,Prabha Energy Ltd,INE0I0M01023,Equity
544381,SUPERIRON,Super Iron Foundry Ltd,INE16IQ01014,Equity
544382,AXISVALUE,Axis Nifty500 Value 50 ETF,INF846KA1119,Equity
544383,PPARIVAH,Paradeep Parivahan Ltd,INE0SMW01011,Equity
544385,SBIBPB,SBI BSE PSU BANK ETF,INF200KB1712,Equity
544386,SPECTRUM,Spectrum Electrical Industries Ltd,INE01EO01010,Equity
544387,DESCO,Desco Infratech Ltd,INE0TGG01014,Equity
544388,IDENTIXWEB,Identixweb Ltd,INE0PA401012,Equity
544390,ENRIN,Siemens Energy India Ltd,INE1NPP01017,Equity
544391,RETAGGIO,Retaggio Industries Ltd,INE0KWJ01014,Equity
544392,SPINAROO,Spinaroo Commercial Ltd,INE10XX01012,Equity
544393,INFONATIVE,Infonative Solutions Ltd,INE12IB01015,Equity
544394,EVIETF,ICICI Prudential Nifty EV & New Age Automotive ETF,INF109K1A153,Equity
544395,STLNETWORK,STL Networks Ltd,INE1VXE01018,Equity
544396,NPST,Network People Services Technologies Ltd,INE0FFK01017,Equity
544397,ATHERENERG,Ather Energy Ltd,INE0LEZ01016,Equity
544398,KENRIK,Kenrik Industries Ltd,INE0AOG01018,Equity
544399,SRIGEE,Srigee Dlm Ltd,INE0RJ901010,Equity
544400,MANOJJEWEL,Manoj Jewellers Ltd,INE0MV001018,Equity
544401,EQUAL50,Mirae Asset Nifty50 Equal Weight ETF,INF769K01OO2,Equity
544402,JASH,Jash Engineering Ltd,INE039O01029,Equity
544403,ABLBL,Aditya Birla Lifestyle Brands Ltd,INE14LE01019,Equity
544404,BORANA,Borana Weaves Ltd,INE16SF01016,Equity
544405,BELRISE,Belrise Industries Ltd,INE894V01022,Equity
544406,UNIFIED,Unified Data Tech Solutions Ltd,INE1ABX01018,Equity
544407,AEGISVOPAK,Aegis Vopak Terminals Ltd,INE0INX01018,Equity
544408,THELEELA,Leela Palaces Hotels & Resorts Ltd,INE0AQ201015,Equity
544409,ASTONEALAB,Astonea Labs Ltd,INE0TG901011,Equity
544410,PROSTARM,Prostarm Info Systems Ltd,INE0BX301013,Equity
544411,SCODATUBES,Scoda Tubes Ltd,INE090501011,Equity
544412,3BFILMS,3B Films Ltd,INE0TE101010,Equity
544413,DIGITIDE,Digitide Solutions Ltd,INE0U4701011,Equity
544414,BLUSPRING,Bluspring Enterprises Ltd,INE0U4101014,Equity
544415,SNXT30BEES,Nippon India BSE Sensex Next 30 ETF,INF204KC1EZ3,Equity
544416,KRISHIVAL,Krishival Foods Ltd,INE0GGO01015,Equity
544417,ATENPAPERS,Aten Papers & Foam Ltd,INE0XCV01014,Equity
544418,OSWALPUMPS,Oswal Pumps Ltd,INE0BYP01024,Equity
544419,ARISINFRA,ArisInfra Solutions Ltd,INE0H9P01028,Equity
544420,RAYMONDREL,Raymond Realty Ltd,INE1SY401010,Equity
544421,ELLEN,Ellenbarrie Industrial Gases Ltd,INE236E01022,Equity
544422,ABRFL,Abram Food Ltd,INE0ZDY01011,Equity
544423,KALPATARU,Kalpataru Ltd,INE227J01012,Equity
544424,GLOBECIVIL,Globe Civil Projects Ltd,INE0V3U01015,Equity
544425,AJCJEWEL,AJC Jewel Manufacturers Ltd,INE0XRR01010,Equity
544426,ICON,Icon Facilitators Ltd,INE0Y0E01012,Equity
544427,TOP15IETF,ICICI Prudential Nifty Top 15 Equal Weight ETF,INF109K1A344,Equity
544428,SEVL,Supertech Ev Ltd,INE0SC101013,Equity
544429,HDBFS,HDB Financial Services Ltd,INE756I01012,Equity
544430,SAMBHV,Sambhv Steel Tubes Ltd,INE12NJ01018,Equity
544431,ACEALPHA,Ace Alpha Tech Ltd,INE0S9X01011,Equity
544432,IGCL,Indogulf Cropsciences Ltd,INE05J901018,Equity
544433,VALINDIA,Valencia India Ltd,INE130701019,Equity
544434,NEETUYOSHI,Neetu Yoshi Ltd,INE0UZO01024,Equity
544435,ADCOUNTY,Adcounty Media India Ltd,INE0W1601012,Equity
544436,VANDAN,Vandan Foods Ltd,INE0RDJ01019,Equity
544437,MARCLOIRE,Marc Loire Fashions Ltd,INE0TBQ01014,Equity
544438,INTERNET,Mirae Asset Nifty India Internet ETF,INF769K01PB6,Equity
544439,CRIZAC,Crizac Ltd,INE0S4R01014,Equity
544440,CRYOGENIC,Cryogenic Ogs Ltd,INE0TL001013,Equity
544441,METAINFO,Meta Infotech Ltd,INE162901016,Equity
544442,CHEMKART,Chemkart India Ltd,INE0VWL01017,Equity
544443,TRAVELFOOD,Travel Food Services Ltd,INE103V01028,Equity
544444,GLEN,Glen Industries Ltd,INE0UMC01019,Equity
544445,APL,Asston Pharmaceuticals Ltd,INE0SJX01015,Equity
544446,ADVENTHTL,Advent Hotels International Ltd,INE28GN01010,Equity
544447,SMARTWORKS,Smartworks Coworking Spaces Ltd,INE0NAZ01010,Equity
544448,PASHUPATI,Pashupati Cotspin Ltd,INE124Y01010,Equity
544449,ANTHEM,Anthem Biosciences Ltd,INE0CZ201020,Equity
544450,CHEMBONDCH,Chembond Chemicals Ltd,INE0TGX01019,Equity
544451,MONIKA,Monika Alcobev Ltd,INE0LCG01010,Equity
544452,SWASTIKAAL,Swastika Castal Ltd,INE0PTF01017,Equity
544453,MSECL,Monarch Surveyors and Engineering Consultants Ltd,INE0V0L01028,Equity
544454,INDIQUBE,Indiqube Spaces Ltd,INE06ST01018,Equity
544455,EBGNG,GNG Electronics Ltd,INE18JU01028,Equity
544456,RMDRIP,R M Drip and Sprinklers Systems Ltd,INE219Y01026,Equity
544457,BRIGHOTEL,Brigade Hotel Ventures Ltd,INE03NU01014,Equity
544458,SHREEREF,Shree Refrigerations Ltd,INE0FMZ01045,Equity
544459,SHANTIGOLD,Shanti Gold International Ltd,INE06ZD01017,Equity
544460,PATELCHEM,Patel Chem Specialities Ltd,INE161701011,Equity
544461,EUROBOND,Euro Panel Products Ltd,INE505V01016,Equity
544463,REPONO,Repono Ltd,INE15WN01014,Equity
544464,UML,Umiya Mobile Ltd,INE1P1A01018,Equity
544465,LAXMIINDIA,Laxmi India Finance Ltd,INE06WU01026,Equity
544466,CPPLUS,Aditya Infotech Ltd,INE819V01029,Equity
544467,NSDL,National Securities Depository Ltd,INE301O01023,Equity
544468,BDI,B. D. Industries (Pune) Ltd,INE1LJ801017,Equity
544469,LOTUSDEV,Sri Lotus Developers and Realty Ltd,INE0V9Q01010,Equity
544470,MBEL,M & B Engineering Ltd,INE08N601015,Equity
544471,TAKYON,Takyon Networks Ltd,INE14OX01013,Equity
544472,MEHUL,Mehul Colours Ltd,INE1KH601014,Equity
544473,GROWWPOWER,Groww BSE Power ETF,INF666M01LM6,Equity
544474,BLT,BLT Logistics Ltd,INE0W4K01013,Equity
544475,ESSEX,Essex Marine Ltd,INE1IBY01019,Equity
544476,JSLL,Jeena Sikho Lifecare Ltd,INE0J5801029,Equity
544477,HILINFRA,Highway Infrastructure Ltd,INE00RL01028,Equity
544479,ALLTIME,All Time Plastics Ltd,INE0GV601021,Equity
544480,JSWCEMENT,JSW Cement Ltd,INE718I01012,Equity
544482,STARIMAGIN,Star Imaging And Path Lab Ltd,INE0YG001013,Equity
544483,ICODEX,Icodex Publishing Solutions Ltd,INE111601014,Equity
544484,BLUESTONE,BlueStone Jewellery and Lifestyle Ltd,INE304W01038,Equity
544485,REGAAL,Regaal Resources Ltd,INE0MHO01029,Equity
544487,PATELRMART,Patel Retail Ltd,INE0R8B01010,Equity
544488,VIKRAMSOLR,Vikram Solar Ltd,INE078V01014,Equity
544489,LGT,LGT Business Connextions Ltd,INE191201016,Equity
544490,SHREEJISPG,Shreeji Shipping Global Ltd,INE1B6101010,Equity
544491,GEMAROMA,Gem Aromatics Ltd,INE06XZ01023,Equity
544492,MEIL,Mangal Electrical Industries Ltd,INE0PKD01011,Equity
544493,MANUFGBEES,Nippon India Nifty India Manufacturing ETF,INF204KC1GH6,Equity
544494,GLOBTIER,Globtier Infotech Ltd,INE12P601017,Equity
544495,NISMGMT,NIS Management Ltd,INE0M3X01010,Equity
544496,VIKRAN,Vikran Engineering Ltd,INE01R501028,Equity
544497,AHCL,Anlon Healthcare Ltd,INE0Y8W01017,Equity
544498,OVAL,Oval Projects Engineering Ltd,INE0RTI01017,Equity
544499,CPEDU,Career Point Edutech Ltd,INE0P6P01016,Equity
544500,ABRIL,Abril Paper Tech Ltd,INE15MX01014,Equity
544501,SUGSLLOYD,Sugs Lloyd Ltd,INE0XX801016,Equity
544502,AMANTA,Amanta Healthcare Ltd,INE084K01015,Equity
544503,RACHIT,Rachit Prints Ltd,INE0ZN101029,Equity
544504,GOELCONS,Goel Construction Company Ltd,INE0ZOM01013,Equity
544505,AUSTERE,Austere Systems Ltd,INE104201012,Equity
544506,SHARVAYA,Sharvaya Metals Ltd,INE0UJF01018,Equity
544507,SML100CASE,Zerodha Nifty Smallcap 100 ETF,INF0R8F01141,Equity
544508,VASHISHTHA,Vashishtha Luxury Fashion Ltd,INE0WRP01016,Equity
544509,KRUPALU,Krupalu Metals Ltd,INE0XZB01017,Equity
544510,NCML,Nilachal Carbo Metalicks Ltd,INE346R01013,Equity
544511,KARBON,Karbonsteel Engineering Ltd,INE0V8A01016,Equity
544512,SHRINGARMS,Shringar House of Mangalsutra Ltd,INE1B3L01017,Equity
544513,DEVX,Dev Accelerator Ltd,INE0VOV01021,Equity
544514,CITYSQUARE,Jay Ambe Supermarkets Ltd,INE1DRH01011,Equity
544515,URBANCO,Urban Company Ltd,INE0CAZ01013,Equity
544516,AIRFLOA,Airfloa Rail Technology Ltd,INE0XBS01012,Equity
544518,LTELEVATOR,L. T. Elevator Ltd,INE0TJ801010,Equity
544519,EUROPRATIK,Euro Pratik Sales Ltd,INE198501012,Equity
544520,SAMPAT,Sampat Aluminium Ltd,INE10XS01012,Equity
544521,VMSTMT,VMS TMT Ltd,INE0SJA01013,Equity
544522,ABCOTS,A B Cotspin India Ltd,INE08PH01015,Equity
544523,IVALUE,Ivalue Infosolutions Ltd,INE056801025,Equity
544524,JDCABLES,JD Cables Ltd,INE14VP01014,Equity
544525,GKENERGY,GK Energy Ltd,INE1AG301022,Equity
544526,SAATVIKGL,Saatvik Green Energy Ltd,INE13B501022,Equity
544527,ATLANTAELE,Atlanta Electricals Ltd,INE0Z4F01028,Equity
544528,GANESHCP,Ganesh Consumer Products Ltd,INE652V01016,Equity
544529,APPL,Aptus Pharma Ltd,INE15XJ01010,Equity
544530,ARSSBL,Anand Rathi Share And Stock Brokers Ltd,INE549H01021,Equity
544531,TRUECOLORS,True Colors Ltd,INE1LDV01015,Equity
544532,SOLARWORLD,Solarworld Energy Solutions Ltd,INE0TY101024,Equity
544533,STYL,Seshaasai Technologies Ltd,INE04VU01023,Equity
544534,JARO,Jaro Institute of Technology Management and Research Ltd,INE00YJ01010,Equity
544535,BHARATROHAN,Bharatrohan Airborne Innovations Ltd,INE0QMV01017,Equity
544536,WEALTH,Wealth First Portfolio Managers Ltd,INE658T01017,Equity
544537,JAINREC,Jain Resource Recycling Ltd,INE0YD401026,Equity
544538,PRARUH,Praruh Technologies Ltd,INE0TI501017,Equity
544539,SOLVEX,Solvex Edibles Ltd,INE1IIQ01028,Equity
544540,EPACKPEB,Epack Prefab Technologies Ltd,INE0MLS01022,Equity
544541,SYSTEMATIC,Systematic Industries Ltd,INE1KLZ01011,Equity
544542,JUSTO,Justo Realfintech Ltd,INE0W5Q01017,Equity
544543,BMWVENTLTD,BMW Ventures Ltd,INE965W01036,Equity
544544,TELGE,Telge Projects Ltd,INE0SRP01014,Equity
544545,TRUALT,Trualt Bioenergy Ltd,INE0MWH01014,Equity
544546,CHTR,Chatterbox Technologies Ltd,INE1B4801017,Equity
544547,JKIPL,Jinkushal Industries Ltd,INE1FF001016,Equity
544548,GPAPL,Gujarat Peanut And Agri Products Ltd,INE0SIK01014,Equity
544549,EARKART,Earkart Ltd,INE1A8F01035,Equity
544550,PACEDIGITK,Pace Digitek Ltd,INE0S3G01027,Equity
544551,BHAVIK,Bhavik Enterprises Ltd,INE18PB01017,Equity
544552,RDGAIL,Rukmani Devi Garg Agro Impex Ltd,INE0S5T01017,Equity
544553,MPKSTEELS,M P K Steels (I) Ltd,INE1PJP01015,Equity
544554,KVSCASTING,KVS Castings Ltd,INE163701019,Equity
544555,AMEENJI,Ameenji Rubber Ltd,INE14QA01016,Equity
544556,DHILLON,Dhillon Freight Carrier Ltd,INE0SPJ01011,Equity
544557,GLOTTIS,Glottis Ltd,INE0TQE01026,Equity
544558,FABTECH,Fabtech Technologies Ltd,INE0HF201011,Equity
544559,OML,Om Metallogic Ltd,INE0R8Q01018,Equity
544560,SODHACAP,Sodhani Capital Ltd,INE0QU501030,Equity
544561,CHIRAHARIT,Chiraharit Ltd,INE12P101018,Equity
544562,ADVANCE,Advance Agrolife Ltd,INE1B0W01010,Equity
544563,ZELIO,Zelio E Mobility Ltd,INE1B3501014,Equity
544564,OMFREIGHT,Om Freight Forwarders Ltd,INE1BZC01019,Equity
544565,VALPLAST,Valplast Technologies Ltd,INE0QP701017,Equity
544566,SUNSKY,Sunsky Logistics Ltd,INE10CM01027,Equity
544567,INFINITY,Infinity Infoway Ltd,INE16XA01017,Equity
544568,ZAPPFRESH,DSM Fresh Foods Ltd,INE0SUM01015,Equity
544569,TMCV,Tata Motors Commercial Vehicles Ltd,INE1TAE01010,Equity
544570,WEWORK,WeWork India Management Ltd,INE085001019,Equity
544571,NSBBPO,NSB BPO Solutions Ltd,INE0SLP01017,Equity
544572,SKFINDUS,SKF India (Industrial) Ltd,INE2J8701016,Equity
544574,TATACAP,Tata Capital Ltd,INE976I01016,Equity
544575,MITTALSTL,Mittal Sections Ltd,INE833Q01012,Equity
544576,LGEINDIA,LG Electronics India Ltd,INE324D01010,Equity
544577,WORTHPERI,Worth Peripherals Ltd,INE196Y01018,Equity
544578,RUBICON,Rubicon Research Ltd,INE506V01022,Equity
544580,CRAMC,Canara Robeco Asset Management Company Ltd,INE218I01013,Equity
544581,FLEXIADD,DSP Nifty500 Flexicap Quality 30 ETF,INF740KA1WU9,Equity
544582,SHLOKKA,Shlokka Dyes Ltd,INE1EUB01016,Equity
544583,CANHLIFE,Canara HSBC Life Insurance Company Ltd,INE01TY01017,Equity
544584,SKM,SK Minerals & Additives Ltd,INE13YH01017,Equity
544585,SIHORA,Sihora Industries Ltd,INE0SFA01011,Equity
544586,NIFTYCASE,Zerodha Nifty 50 ETF,INF0R8F01166,Equity
544587,MIDWESTLTD,Midwest Ltd,INE0XAD01024,Equity
544588,MHLSRG,SBI Mutual Fund,INF200K30015,Equity
544589,MHLSRD,SBI Mutual Fund,INF200K30023,Equity
544590,MHLSRDR,SBI Mutual Fund,INF200K30031,Equity
544591,MHLSDG,SBI Mutual Fund,INF200K30049,Equity
544592,MHLSDD,SBI Mutual Fund,INF200K30056,Equity
544593,MHLSDDR,SBI Mutual Fund,INF200K30064,Equity
544594,TRADEUNO,Game Changers Texfab Ltd,INE1GUJ01014,Equity
544595,ORKLAINDIA,Orkla India Ltd,INE16NZ01023,Equity
544596,SAFECURE,Safecure Services Ltd,INE0SVZ01015,Equity
544597,PIRAMALFIN,Piramal Finance Ltd,INE202B01038,Equity
544598,ACCURACY,Accuracy Shipping Ltd,INE648Z01023,Equity
544599,STUDDS,Studds Accessories Ltd,INE00Q601028,Equity
544600,LENSKART,Lenskart Solutions Ltd,INE956O01016,Equity
544603,GROWW,Billionbrains Garage Ventures Ltd,INE0HOQ01053,Equity
544604,ENERGY,Mirae Asset Nifty Energy ETF,INF769K01PR2,Equity
544605,SMALL250,Mirae Asset Nifty Smallcap 250 ETF,INF769K01PQ4,Equity
544606,PINELABS,Pine Labs Ltd,INE15B701018,Equity
544607,SHTL,Shining Tools Ltd,INE0D8001018,Equity
544608,EMMVEE,Emmvee Photovoltaic Power Ltd,INE1C6T01020,Equity
544609,PWL,Physicswallah Ltd,INE0LP301011,Equity
544610,WORKMATES,Workmates Core2Cloud Solution Ltd,INE1I1301016,Equity
544611,MAHALIFE,Mahamaya Lifesciences Ltd,INE0U9D01019,Equity
544612,TENNIND,Tenneco Clean Air India Ltd,INE19RI01016,Equity
544613,UTLSOLAR,Fujiyama Power Systems Ltd,INE12UR01024,Equity
544614,CAPILLARY,Capillary Technologies India Ltd,INE0ILV01024,Equity
544615,KSR,KSR Footwear Ltd,INE1SPP01016,Equity
544616,GALLARD,Gallard Steel Ltd,INE0BUQ01012,Equity
544617,EXCELSOFT,Excelsoft Technologies Ltd,INE606N01019,Equity
544618,ESENSEX,Edelweiss BSE Sensex ETF,INF754K01VY8,Equity
544619,SUDEEPPHRM,Sudeep Pharma Ltd,INE0QPI01025,Equity
544620,MSCIADD,MSCIADD,INF740KA1WV7,Equity
544621,SSMD,SSMD Agrotech India Ltd,INE1U2R01013,Equity
544623,MNFL,Mother Nutri Foods Ltd,INE0UH001016,Equity
544624,KKSILK,K K Silk Mills Ltd,INE0EOJ01014,Equity
544625,LOGICIEL,Logiciel Solutions Ltd,INE1BA901016,Equity
544626,EXATO,Exato Technologies Ltd,INE1E4401010,Equity
544627,PURPLEWAVE,Purple Wave Infocom Ltd,INE0VDK01019,Equity
544628,ASTRONMULT,Astron Multigrain Ltd,INE0RUY01012,Equity
544629,RAVEL,Ravelcare Ltd,INE0W4D01018,Equity
544630,HELLOJI,Helloji Holidays Ltd,INE1FJE01010,Equity
544631,CNL,Creative Newtech Ltd,INE985W01018,Equity
544632,MEESHO,Meesho Ltd,INE0VDM01015,Equity
544633,VIDYAWIRES,Vidya Wires Ltd,INE14UN01029,Equity
544634,AEQUS,Aequs Ltd,INE947N01017,Equity
544635,LUXURY,Luxury Time Ltd,INE1CJB01013,Equity
544636,WOSAL,Western Overseas Study Abroad Ltd,INE1MF401019,Equity
544637,METHODHUB,Methodhub Software Ltd,INE0QZR01017,Equity
544640,RDEL,Riddhi Display Equipments Ltd,INE1DKT01011,Equity
544641,KVTOYS,K. V. Toys India Ltd,INE1IE301018,Equity
544642,WAKEFIT,Wakefit Innovations Ltd,INE0E7301029,Equity
544643,PRODOCS,Prodocs Solutions Ltd,INE10XK01019,Equity
544644,CORONA,Corona Remedies Ltd,INE02ZQ01018,Equity
544645,PARKHOSPS,Park Medi World Ltd,INE119201023,Equity
544646,SHIPWAVES,Shipwaves Online Ltd,INE0O9L01010,Equity
544647,NEPHROPLUS,Nephrocare Health Services Ltd,INE428V01029,Equity
544648,UNISEM,Unisem Agritech Ltd,INE1FHV01026,Equity
544649,TSIFDG,Titanium Hybrid Long-Short Fund Direct Plan Growth,INF277K30047,Equity
544650,TSIFDIR,Titanium Hybrid Long-Short Fund Direct Plan IDCW Reinvestment,INF277K30054,Equity
544651,TSIFRG,Titanium Hybrid Long-Short Fund Regular Plan Growth,INF277K30013,Equity
544652,TSIFRIP,Titanium Hybrid Long-Short Fund Regular Plan IDCW Payout,INF277K30039,Equity
544653,TSIFRIR,Titanium Hybrid Long-Short Fund Regular Plan IDCW Reinvestment,INF277K30021,Equity
544654,SMALLADD,DSP Nifty Smallcap 250 ETF,INF740KA1WX3,Equity
544655,MIDCAPADD,DSP Nifty Midcap 150 ETF,INF740KA1WW5,Equity
544656,HRS,HRS Aluglaze Ltd,INE1E1V01017,Equity
544657,PAJSON,Pajson Agro India Ltd,INE14LM01012,Equity
544658,ICICIAMC,ICICI Prudential Asset Management Company Ltd,INE346A01027,Equity
544659,STANBIK,Stanbik Agro Ltd,INE16QA01011,Equity
544660,TOP20,Mirae Asset Nifty Top 20 Equal Weight ETF,INF769K01PZ5,Equity
544661,DIVIDEND,Mirae Asset BSE 500 Dividend Leaders 50 ETF,INF769K01PY8,Equity
544662,SIMANDHAR,Simandhar Impex Ltd,INE0VI201010,Equity
544663,NEPLOG,Neptune Logitek Ltd,INE1NQ501012,Equity
544664,KSHINTL,KSH International Ltd,INE987S01020,Equity
544665,GLOBALLOG,Global Ocean Logistics India Ltd,INE1ITY01011,Equity
555555,SENSEXIETF,ICICI Prudential BSE Sensex ETF,INF346A01034,Equity
570001,TATAMTRDVR,Tata Motors  Ltd - DVR,IN9155A01020,Equity
570002,FELDVR,Future Enterprises Ltd_DVR,IN9623B01058,Equity
570004,JISLDVREQS,Jain Irrigation Systems Ltd_DVR,IN9175A01010,Equity
570005,GATECHDVR,GACM Technologies Ltd,INE224E01036,Equity
590003,KARURVYSYA,Karur Vysya Bank Ltd,INE036D01028,Equity
590005,VEEDOL,Veedol Corporation Ltd,INE484C01030,Equity
590006,AMRUTANJAN,Amrutanjan Health Care Ltd,INE098F01031,Equity
590013,XPROINDIA,Xpro India Ltd,INE445C01015,Equity
590018,HISARMETAL,Hisar Metal Industries Ltd,INE598C01011,Equity
590021,BHARATRAS,Bharat Rasayan Ltd,INE838B01021,Equity
590024,FACT,Fertilizers and Chemicals Travancore Ltd,INE188A01015,Equity
590025,GINNIFILA,Ginni Filaments Ltd,INE424C01010,Equity
590030,SPIC,Southern Petrochemicals Industries Corporation Ltd,INE147A01011,Equity
590031,DENORA,De Nora India Ltd,INE244A01016,Equity
590041,KAVDEFENCE,Kavveri Defence & Wireless Technologies Ltd,INE641C01019,Equity
590051,SAKSOFT,Saksoft Ltd,INE667G01023,Equity
590056,SALONA,Salona Cotspin Ltd,INE498E01010,Equity
590057,EQUIPPP,Equippp Social Impact Technologies Ltd,INE217G01035,Equity
590062,ANDHRSUGAR,Andhra Sugars Ltd,INE715B01021,Equity
590065,IMPAL,India Motor Parts & Accessories Ltd,INE547E01014,Equity
590066,KCP,KCP Ltd,INE805C01028,Equity
590068,KHAITANLTD,Khaitan (India) Ltd,INE731C01018,Equity
590070,RADAAN,Radaan Mediaworks India Ltd,INE874F01027,Equity
590071,SUNDARMFIN,Sundaram Finance Ltd,INE660A01013,Equity
590072,SUNDRMBRAK,Sundaram Brake Linings Ltd,INE073D01013,Equity
590073,WHEELS,Wheels India Ltd,INE715A01015,Equity
590075,LAMBODHARA,Lambodhara Textile Ltd,INE112F01022,Equity
590078,MAITHANALL,Maithan Alloys Ltd,INE683C01011,Equity
590086,ORISSAMINE,Orissa Minerals Development Company Ltd,INE725E01024,Equity
590095,GOLDBEES,NIPPON INDIA ETF GOLD BEES,INF204KB17I5,Equity
590103,NIFTYBEES,Nippon India ETF Nifty 50 BeES,INF204KB14I2,Equity
590104,JUNIORBEES,Nippon India ETF Nifty Next 50 Junior BeES,INF732E01045,Equity
590106,BANKBEES,Nippon India ETF Nifty Bank BeES,INF204KB15I9,Equity
590107,PSUBANK,Kotak Nifty PSU Bank ETF,INF373I01023,Equity
590108,PSUBNKBEES,Nippon India ETF Nifty PSU Bank BeES,INF204KB16I7,Equity
590109,SHARIABEES,Nippon India ETF Nifty 50 Shariah BeES,INF732E01128,Equity
590110,QNIFTY,Quantum Nifty 50 ETF,INF082J01028,Equity
590115,MOM50,Motilal Oswal MOSt Shares M50 ETF,INF247L01536,Equity
590134,MADRASFERT,Madras Fertilizers Ltd,INE414A01015,Equity
590136,BANKNIFTY1,Kotak Nifty Bank ETF,INF174K01F59,Equity
590137,SETFNIFBK,SBI-ETF NIFTY BANK,INF200KA1580,Equity
590138,SETFNIF50,SBI-ETF NIFTY 50,INF200KA1FS1,Equity
590139,LIQUID1,Kotak Nifty 1D Rate Liquid ETF,INF174KA1LV5,Equity
590141,ITBEES,Nippon India ETF Nifty IT,INF204KB15V2,Equity
590142,PHARMABEES,Nippon India Nifty Pharma ETF,INF204KC1089,Equity
590144,MID150BEES,Nippon India ETF Nifty Midcap 150,INF204KB1V68,Equity
750864,IFL-RE,IFL ENTERPRISES Ltd,INE714U20016,Equity
750869,ESSEN-RE2,Integra Essentia Ltd,INE418N20035,Equity
750870,NGIL-RE2,NAKODA GROUP OF INDUSTRIES Ltd,INE236Y20038,Equity
750871,GUJTLRM-RE,Gujarat Toolroom Ltd,INE145J20016,Equity
750942,DHAN-RE,Dhanlaxmi Bank Ltd,INE680A20011,Equity
751068,TILAK-RE2,Tilak Ventures Ltd,INE026L20048,Equity
751069,KRISHFL-RE,KRISHIVAL FOODS Ltd,INE0GGO20015,Equity
751070,ANIRIT-RE,ANIRIT VENTURES Ltd,INE161F20011,Equity
780001,JDL,Jaisukh Dealers Ltd,INE190P01019,Equity
780013,CITYON,Cityon Systems (India) Ltd,INE324P01014,Equity
780014,HASJUICE,Has Lifestyle Ltd,INE888Q01016,Equity
780016,WEBSL,Web Element Solutions Ltd,INE562Q01017,Equity
780018,ADHIRAJ,Adhiraj Distributors Ltd,INE067R01015,Equity
890157,AIRTELPP,Bharti Airtel  Ltd,IN9397D01014,Equity
890168,AURUMPP,Aurum PropTech Ltd,IN9898S01027,Equity
890192,IBULPP,INDIABULLS HOUSING FINANCE Ltd,IN9148I01010,Equity
890193,SKIPPERPP,Skipper Ltd,IN9439E01012,Equity
890194,QUESTPP,QUEST SOFTECH (INDIA) Ltd,IN9989J01015,Equity
890195,SAPPLPP,Shree Ajit Pulp And Paper Ltd,IN9185C01015,Equity
890197,YARNPP,Yarn Syndicate Ltd,IN9564C01011,Equity
890200,IYKOTPP,Iykot Hitech Toolroom Ltd,IN9079L01011,Equity
890201,SAVFIPP,Savani Financials Ltd,IN9304E01018,Equity
890202,SOLARAPP1,SOLARA ACTIVE PHARMA SCIENCES Ltd,IN9624Z01022,Equity
890211,CALSOFTPP,California Software Co Ltd,IN9526B01012,Equity
890213,SNLFPP,Shri Niwas Leasing and Finance Ltd,IN9201F01013,Equity
890216,LLOYDSENPP,LLOYDS ENGINEERING WORKS Ltd,IN9093R01019,Equity
890217,APLABPP,Aplab Ltd,IN9273A01047,Equity
890220,PATANGPP,KATI PATANG LIFESTYLE Ltd,IN9237C01014,Equity
890221,SSFLPP,Spandana Sphoorty Financial Ltd,IN9572J01019,Equity
890223,CYBERPP,Cyber Media (India) Ltd,IN9278G01019,Equity
890224,LLOYDPP,LLOYDS ENTERPRISES Ltd,IN9080I01015,Equity
890225,ECOPP,ECO HOTELS AND RESORTS Ltd,IN9638N01010,Equity
890226,SURAJINDPP,Suraj Industries Ltd,IN9170U01027,Equity
890228,ATLPP,Allcargo Terminals Ltd,IN90NN701011,Equity
890229,ANNVRPP,ANNVRRIDHHI VENTURES Ltd,IN9075K01011,Equity
890230,ACESEPP,Ace Software Exports ltd,IN9849B01026,Equity
